Date,Article Name,Article Source,Key Phrases,Summary
2026-06-23 11:55,Vestas wins German order - EnergyWatch,https://news.google.com/rss/articles/CBMia0FVX3lxTE1OUG9nT0VDV2ZuT0NHMzJTeWZTNDF2RlBfejJvUzkzMlRmTVlKYVpDNUVlYzVDZkJJNFJqSkhqZE5wSDNQT0R6ZGFTYzBON3lHSWlOcmlRYTIzcl9tMFdPb2pBVXlLUkNLN2Fr?oc=5,order,Vestas wins German order EnergyWatch
2026-06-23 10:36,Vestas wins 40-MW wind turbine order in North Rhine-Westphalia - Renewables Now,https://news.google.com/rss/articles/CBMipAFBVV95cUxQaGFMendCSEFCR3lhRnZBaUs2SU1iMnRJOEZPSkd2NlA2OTV2T2dwUG9vTzVUUnJ0bF9aUS0yT3JaYkFWdlhFSW9fcWxURUVjelduaXhuaGhkbzdPOGFmdzFoVDhYbS10VnQ4aEN1UFpjOF9GQzN2NF9fNlhabkRaZldxUW9YV2Nyb3NGRVlWM0dFWHRaNjNZMHc4UEhCdnRTRHdwMA?oc=5,"order, MW, turbine",Vestas wins 40-MW wind turbine order in North Rhine-Westphalia Renewables Now
2026-06-23 09:32,Vestas secures 40 MW turbine order in Germany - Windtech International,https://news.google.com/rss/articles/CBMiqwFBVV95cUxPRDRLcmYyWEJrY2xFbXZJOHFOS0F4RlVVa1V4SnoxcEpMTEEzUWNoa3JBVHBOdHhTdUctQktpV2FqZ0JxUFhhUEpYenFQamM3LVY2LTRVR0FES05yOVV1SDVRcEdiUjRoU0FaVjMtQUoxMHppYlJQTkdSRjlkQXAxMVUyaVRiZG5RY3BUZDZqSlhwUFB5YnFWM09qZ3FkZlJsVlFJLXJLY2FqN1U?oc=5,"order, MW, turbine",Vestas secures 40 MW turbine order in Germany Windtech International
2026-06-23 09:44,Vestas lands 40MW German order - reNews,https://news.google.com/rss/articles/CBMiaEFVX3lxTE1GNmtfMGRsVWNLa0dCSzEwWDJaVGN0SUFuQ1VpaWdOMjJXMk5BeENuRzFxX01CcE5hNXh2ay1EZm9IbDJ4SU1yNklrcllJY1FuaV9PeGlobkExZS1JcUJUNXpkWVlJeXpu?oc=5,order,Vestas lands 40MW German order reNews
2026-06-22 20:50,Vestas Wind Systems (CPSE:VWS) Stock Could Be 23.8% Undervalued After New Turbine Order - simplywall.st,https://news.google.com/rss/articles/CBMi3wFBVV95cUxQYkVpdkllTzNwZTJZMzZqSmM1Q3djcm5ua0lZc01TbTRhb2RucVpoWFpVOFBobUlpb3ZnZVM1OWF2WHh3bWctYVNqZHNabkNhX2I0YmRNVFNiX3NOUDYwSmxoNnlWZnRiTUJuYmJQRUJ4Rm1zZGR4R1B1RnZWVFN2aUpYTFB1WnU4dkxLcVp1Rlpia0xCODgweFE2Y3dhUVpDMjI2VFVvQVMtWmNNRGJpNzBKRFJYa1J5eGpOWHJ2RlJJcHlGU2NFVEgxMi0wTkRnZHpzc1RDYUxva2lybllB0gHkAUFVX3lxTE5BMHBwbU5IcmVUenFvbzRUQjNhVnZOM2hKS1RmZmVtZGlOV1BvY3lxWkR5Z1JJbjRWNzBNN0FkVUM3VkpIdXJpNW5Xc3NxVjN2b1h4VlZ2VGpLWjBnUTF2cnBiMldwYmExYWdSRE5Qd2tPY0FKaXZDRjVtc3Z0R0R3bFAwQXkxSXVPWjI0U05sN0VnZ3p3OExhYmxUQ2ZoazRmaWN1SmU4R2RaV3BkOUhfZ0F2MHRfamlFbTc0ZlIzU1MtM3RodUJ3czlPUzVvUVk1bUo1RWZ0VjZUX2pycDRzU1k5Zg?oc=5,"order, turbine",Vestas Wind Systems (CPSE:VWS) Stock Could Be 23.8% Undervalued After New Turbine Order simplywall.st
2026-06-23 04:51,Hormuz crisis hits 'world's largest' onshore wind farm under construction - Recharge News,https://news.google.com/rss/articles/CBMiwgFBVV95cUxOV3pBMmFNM1E3c19Vd09FS0JyZERfT3c3bDNXc0JDZHcwY2J4QVU4cWdkNjl2STVLcVVBMTA1Rk8xQ0xFNmFtSHVXUEdmLWdxQm95Szd3SnltS0hsaWZSeVdXX2d5THI4UEo5WkJBUFVHRlk2eFU2Tmowb3ppX1RocEcwZmdFMDZYWmxtaEhPVlpndm85N3ZsTkJrN3Z2N01PbEllbnQ3NzlVbXE3VWNNMXFUcHNNTWpTczA5RmJ5aDBTZw?oc=5,onshore,Hormuz crisis hits 'world's largest' onshore wind farm under construction Recharge News
2026-06-23 07:12,GE Vernova secures H-class equipment order for EVN’s Quang Trach II LNG Power Plant in Vietnam - GE Vernova,https://news.google.com/rss/articles/CBMioAFBVV95cUxPS1B4eFlvNkEtSkZUTlo3cGl6OG9tTVFnMzc1REFYbDRpSmM5NXRVdExVMFYzeklGZUhDaG4ydkxLeEVCdUhjaERCU2xWUTdWalZnY2pmWnlHUURCTFpjUXJpREtScDRqWE5ULU9GUkhadGduTUVMVWRNUlFfbEw0d1I3QzVaUnNINlpNb3E5VEtZOUR4OFdNS3hWMFZZb0xP?oc=5,order,GE Vernova secures H-class equipment order for EVN’s Quang Trach II LNG Power Plant in Vietnam GE Vernova
2026-06-23 12:20,"SunZia Wind Farm, the $11 Billion, 2.3 GW US Onshore Wind Project Goes Fully Operational - Construction Review",https://news.google.com/rss/articles/CBMiwAFBVV95cUxQZFhXdDJ2Ulo4WkNkdVF6ajN4bmN0VXBVRlZ2LUlhTDJuZmZ3QWtCTVJ2MHN3X1VnOVpsSWMwTC01VUtSS3YyZV9Ba2dNOExJY2lUcnYyMDJ5OU0zd2VnYWUyaWtHMFA5N2pMWFY3Z2hGMzJHcTU5NnNzY25fUWxTdTZ5ZkMzVDNMNkxpWDJIbTdtT3g5NU9CT0V2RmNhT3lpYy1SYVJfcUVLeFo5OTI1TWlETDNPOGJZSjduTmJuSjk?oc=5,"GW, onshore","SunZia Wind Farm, the $11 Billion, 2.3 GW US Onshore Wind Project Goes Fully Operational Construction Review"
2026-06-23 12:07,Goldwind re-routes wind turbine parts to avoid Hormuz crisis - Wind Power Monthly,https://news.google.com/rss/articles/CBMiqgFBVV95cUxNR2FwWVQteW9hejA4WDI4VWVRVU1rTEwwV19lLWg0azJYZnltU015Z0FSY2N6OUlfd3Q4WWJndlVscWE2eDNqcjh3aVBZUVZPOVNTZnVpOEQyd3lyWXRzMDFqdFNEdmRKbEJkX2dVREUtMlZTdlNJckExaTg5eUZadmZBNnFXSW5Ha2JMbUx4T0dlTDZzQkZmOXBGdU1Tak5DWDZjdUVCNlM4dw?oc=5,turbine,Goldwind re-routes wind turbine parts to avoid Hormuz crisis Wind Power Monthly
2026-06-23 11:25,Goldwind Ships First Wind Turbine Components for Saudi Arabia’s Landmark 3GW PIF5 Projects - WindInsider,https://news.google.com/rss/articles/CBMiwwFBVV95cUxOTmZ0RmYxdFNzaGxRaWdRV0RweUxWVkU5aTJOLWw0M3BEa2NzSjdGaWhoNDZuc2lMczVNWDZnYU1OSkRac1BkM1VfVXk5Z3Z2RHpkYjVSdWNId1ZSeUI3N2I3Qk1EUmU0RERsYTh2SFdsOEFjcmFiU1Fyb20yOTRiVXhJR25BeUE0Rm1BYmhfdHBQek9iQ3NWaUI3OHRrNFo3TTIxaVM5OUtVcVR3ZkpTY010TlZmY2ZIS0xZUUR5SWlqalnSAcgBQVVfeXFMTk1oN1lMdW5HS2RkMUNmOXNsTGZsRGtXd3lKMjZQQzlnc0VRTkk1eThHWGU1UE1HUEEzdk4tZTV4ODhZem1vNi1vVnNKb3c3NTZ3TEkzWGhKTFpJYWlhcUdSMUhJVFYydEhtdEFtYXB5RmlZTkVJR2doemRhdUpxU29KVXZSanJZV2pJYTZRVWFmazhNNHNFVndMWlNfWnhaZ2RBbEpha2huS1BrRnZDQmtDSmJ3cERpRmpaLUhBdGJlX1VOZ3d6a3M?oc=5,turbine,Goldwind Ships First Wind Turbine Components for Saudi Arabia’s Landmark 3GW PIF5 Projects WindInsider
2026-06-23 02:35,3GW PIF5 Wind Complex in Saudi Arabia Advances as Goldwind Ships out First Turbine Components - Construction Review,https://news.google.com/rss/articles/CBMiywFBVV95cUxNUGxBUmNnVVMzdFkwdWRrN212UjFoWkd0elZwSWdIYkVlT09Xb3V2UGxoX0JGa3FYSDB0enpoOG0yLVJBazNiZ0FMTGs1YlpRSnk1dUpia1pIeWg2Rmw0a1U0aEJObkg4Z0UzOU1wNXNHRS1wOGI1RXluQjFBbVlNLUI0bkpubjM4YS1WSkVFOG12RC1vWTMtZTRhYVJMUHlTOGhQN1M0emtKdXc3U2F3ZFU4cGdfYUUzVW9GcU5XUDdNSzc4RllsQ25QMA?oc=5,turbine,3GW PIF5 Wind Complex in Saudi Arabia Advances as Goldwind Ships out First Turbine Components Construction Review
2026-06-23 15:26,Nacelle Sealant Compound Market Growth Driven by Wind Energy Expansion Through 2035 - News and Statistics - IndexBox,https://news.google.com/rss/articles/CBMizwFBVV95cUxPRlpkZUJQeXNhUjIyMjZhMUNIZ044SGtycHJ3U0NHVXpkdW1Db3p1X0lERHo4NGM3Z2pvaWhhc1htbkUtb2VVTVh2VWpyUmxtbEprVjFKRkhfR1VWZC04cWpPNzd4TTRpVjNYZHcySTF1dlp1NEZKMVA5U3lEdUhET2g3VVpBeERoSVZCWDVnQzVMZl9DYlhBTF9UU0hUQXBTSUJVc05DaGdtc3JPSGU4ektTVURLS3pfeXR0OEhqSzNMQ2xMY2gxSHpTWWdpMkk?oc=5,nacelle,Nacelle Sealant Compound Market Growth Driven by Wind Energy Expansion Through 2035 - News and Statistics IndexBox
2026-06-22 19:40,Nordex secures 484 MW of wind power orders in EE.UU. - Inspenet,https://news.google.com/rss/articles/CBMifEFVX3lxTE05aE9BSHJYMHpkTEp0akRGMnAtME5rdHpheTdhMC1vSFhmVE5JZkl5RTNkZF9qdWdBbllIRGNueWFmU0FqU3ltT21wOTJZdmxEbkNnaGFRM3BwQkg3TTRQV0g1Yzg5dVYwaXBoaFF1d1FQbDA2Wm5Odzg3MXY?oc=5,"orders, MW",Nordex secures 484 MW of wind power orders in EE.UU. Inspenet
2026-06-22 22:31,CS Wind sees its valuation cut by half for overseas outlook... Takes Northex US order of 484MW to confirm momentum - 더커넥트머니,https://news.google.com/rss/articles/CBMiYEFVX3lxTFBFMVJFb3JSX3AtQWkzUFRrdlpLbFE3LXY4OWZGdjNfSngzcll6QWw1cDBEejdsLUxaRFVBbDZFS296VUFzOUxIUGJ4U0JVOUt0bXIzbXNEb1h4X2sycTg4Zw?oc=5,order,CS Wind sees its valuation cut by half for overseas outlook... Takes Northex US order of 484MW to confirm momentum 더커넥트머니
2026-06-23 08:46,RP Global secures financing for 124 MW Wałcz wind farm in Poland - Windtech International,https://news.google.com/rss/articles/CBMixAFBVV95cUxNNGVQb3JyQ3BEVHB1eW9QaUJndTRkbkgtZjAxYk9uX3kwQ0FRc05vMWNHRGhfNUVSX0VNMnZQX01PR3JOM2JrMmpybVQ0dHo5alNwNjk1aGM5OXN3dTFwVGZmS203MWdhSy1ob3Vaem5sSGNRYTBXX18tTTBJWTMteVk3bkRJU0gzQ0luRmNvR25UYnN6Q25YdmUzZzU2clo5M2J4THFVNkJ1aDdSSnhoSG9uN2dFS25WdGtMVmliRXRFQ1pZ?oc=5,MW,RP Global secures financing for 124 MW Wałcz wind farm in Poland Windtech International
2026-06-23 11:28,Nordex’s US Order Wins Are Reshaping Its Growth Story - Finimize,https://news.google.com/rss/articles/CBMiiAFBVV95cUxNU2FCazRNUUNaMDFJZFdoeGxpR1ptM3RQRWVtUVlBWnRpWkRSVE96TUtZaEEyN0NhendFeGFRMS16TWJueDRaRWxiR21ia3NWVEhwd2ZIM3VBMkp5d0wxR0dwcmNlZ0I0cHAtYUhYSG15SmtVSVJrbUNzdkIyY05wbWVNRkJQOGJt?oc=5,order,Nordex’s US Order Wins Are Reshaping Its Growth Story Finimize
2026-06-23 08:20,NTPC REL Floats Tender for 813 MW ISTS-Connected Wind Project Tender in Karnataka - Saur Energy,https://news.google.com/rss/articles/CBMi0AFBVV95cUxNYmdSUThUMzlUYVNsTWgwV3RsRkR4R2pCb0YzaTNmVjJjWGNDQkgzZEU4OG0xTndKR19ndEJnZ1ZZVjZ5dWE0S21UaHhzUlBvTFlKVV9jdWoyRTJYN1lDa0ZSd0pXazFzdl9ucmpjYWpsLUlDZF9QZkV6QXQ1WnYxa09zbldSdHNYTlRaRWJHNHB4MUZYVUNRR1czSG94MF9QQmNGd1dkVlBQNmhaSmxLMDdoUmxDV2k3X1ZsRXhQMFpMallkV05jR1UwSG5lSERp?oc=5,MW,NTPC REL Floats Tender for 813 MW ISTS-Connected Wind Project Tender in Karnataka Saur Energy
2026-06-23 07:20,Ørsted deploys blue bond to support offshore wind and ocean health - TGS 4C Offshore,https://news.google.com/rss/articles/CBMitwFBVV95cUxQeXBlYmxobTE1S3ZHMjg0UFVVVmxfYkpyN3g1ZHgxVEhTbUxib1NmZ2xFTExncUl4S1FfWlZaMlgwdE9nTm15d3JJRkNoQUhEQ3FiYVBkem81WHhfcXJMcXlaYUdlZ2lOdkVPcnFEYVRpVER1TTNXaE4yQ1k4SWo2X0xReWxRNW9McnEyVG5xbWNpeG9pVUFpcC1OWk4wRS0zTldGWnlFTndyWFhROFJTYlQ3UkdXOG8?oc=5,offshore,Ørsted deploys blue bond to support offshore wind and ocean health TGS 4C Offshore
2026-06-23 04:32,Hornsea 3 offshore wind farm from Ørsted A/S - 2.9 GW project heads toward North Sea build-out - AD HOC NEWS,https://news.google.com/rss/articles/CBMiwwFBVV95cUxOR3pZSUt1VVI4ZldvQmNtQkd6a29kZ056ZGZSSmowdGNNYkNOVWV2bE1pN0hkTGhkT0tGaVc3cjZTMGxpQUg2Y2lfbUhEYzJIZGhNQTg4cGtKYl91VDRQYTJMTC15RUFpQVZJcGZ1a1l4aFFzX3BxN0FYRGduNklfM3Nzd1djc2xiX3hTb3hwTG03bkMtWW4wc3k3WGVxQldnRENMSUc4RlZQbmk5dTdJbEp5VXBhcmlGQXNvRy1DUUd0LUk?oc=5,"GW, offshore",Hornsea 3 offshore wind farm from Ørsted A/S - 2.9 GW project heads toward North Sea build-out AD HOC NEWS
2026-06-22 21:12,Hornsea 2 offshore wind farm from Ørsted A/ S - 1.3 GW feeding millions of UK homes - AD HOC NEWS,https://news.google.com/rss/articles/CBMiywFBVV95cUxOTWF0aG1mQW4tT3pXOWxhN1FVYzdWaEtmaFMwMnVfZjJQRXFVRFlIUmdBc29vUUp1b191ZEVfX2hQMDE0RGR6T0FtMElGUmpDY29HMVhtenU5cnVFZncwZ2M3dVRoRGE2ZGt0bjc3V0lCYklIR3NxWVdfM1o2REp3cUNBTDZwRDdSbWFOXzVvTFFNUjdiZ3FVa0JEQ2E3Q1dDbXBsNXg0UzlzR0xnZThxVmxCaks1a1dUTS1Md3k2eFV5NkNRQU53QlVKWQ?oc=5,"GW, offshore",Hornsea 2 offshore wind farm from Ørsted A/ S - 1.3 GW feeding millions of UK homes AD HOC NEWS
2026-06-23 08:46,Germany to reshuffle offshore wind sites to tackle wake effects - Recharge News,https://news.google.com/rss/articles/CBMiugFBVV95cUxNOEZ6LUl5SElobkRud0swYWtmUjgxemYxRFpGOXM5RnpFZXVEUF92SlpadlpRRUxqNkpSdzliakVianJKQlAzZ3ZTdDBlZEV3aWhvOGlHZEVFQVZmajRvSnFGNV9FUmNQcm1VWnpWU1lhdTZMQlFZNjFFQWpKVGlwVTdrSDhvTXVqeXVXVFdtakxXMlU3NERWVi1uRUcxdE5pdnRqc0UtUTMzTWFvQzlmWmw3MTRVLWt4SGc?oc=5,offshore,Germany to reshuffle offshore wind sites to tackle wake effects Recharge News
2026-06-23 11:03,News Content Hub - Leading offshore wind developer RWE takes majority stake in TSO Amprion - rivieramm.com,https://news.google.com/rss/articles/CBMisgFBVV95cUxOOUVFcWhrb0o0ZnFqQlBfRUhZVXRiRmJ6bVlEbHJqZnBqWFpmbmlzS19fUnBJZndiQjJ3dGFDN2tpdXRvMUM4REE4bG5MOXppYU96NGZQbVRxYWNUeXBzV3QtYUVZUTk2TlI2ejJ0anYwalJlelFrU2ktWUNycWpEeXZMU3J0Zjd3MFJ6WWZkQW1aZWEtcVBWbkhhUFFGX2NvWmdRdGwwdTY1TmpjVl9sN1pB?oc=5,offshore,News Content Hub - Leading offshore wind developer RWE takes majority stake in TSO Amprion rivieramm.com
2026-06-23 14:26,RWE Inaugurates Three Onshore Wind Farms Totaling 68.8 MW in France - energynews.pro,https://news.google.com/rss/articles/CBMilwFBVV95cUxOZ3ZBbGJKV0FkNU9sazVRdWVIZHl5ai14LVUwWlVDNC1hcTg4TlRzUU1wd1FEd0pWMUlva0dicWFtLUthOTJKUEJnS1FtNjRqNFlKcDF1UWJ3U0tkTkc0bXYtM2VMYWlDV1lOci1jVDRKNFFtdUZZOUpWUlk4TlJidEZ5aVRfMDJjcnFkLXZCSzR2X3R4c3Nj?oc=5,"MW, onshore",RWE Inaugurates Three Onshore Wind Farms Totaling 68.8 MW in France energynews.pro
2026-06-23 10:22,Turkey unveils draft framework for 1GW offshore wind auction - TGS 4C Offshore,https://news.google.com/rss/articles/CBMiqgFBVV95cUxPaG9ZY2FrMHZZSE1KMUhJSzB1cUJUdzNiWnB3OVFpNzhhTDZlR0NnMkJiZmdldnhFYTZPczRaQWlfc29vRktWeGNFN3U4bko0c18tMWpsVXh2TnRpOVYxZ1BpQ3dNWndQcXNUaVB5ZTF5c2NTbVk2ZWNYQ0pwRUV4RGczWHZHWHlMZlFNVWppMGl4ZjJiOHcyUk5nLWNLcV9GWkk3enllU3VOdw?oc=5,offshore,Turkey unveils draft framework for 1GW offshore wind auction TGS 4C Offshore
2026-06-22 18:14,Agency Proposes Tweaks to North Sea Offshore Wind Auction Sites - marketscreener.com,https://news.google.com/rss/articles/CBMitwFBVV95cUxQbUJFUWY5RnhrTVZTTzNTbHFCTHNGUi1vMlYwUTM4TjdyR3pKaW9PTldEZ2stb3JOOFBiZUxCZks0WU8xRlIydDNWX2Z1d1VOd1U0dzhncWYwWWpnZFNJNGxoSHJlOUxZblVLLW1WS0ZrWjl5V184dXdDWGJ2ckxyNDg2QjBrSU5aaHVFZUx4aWNsNk9ZOXlqbFZsdENpLV94anRCMnV1MldxTm1xamhpNnNFMVFYX1E?oc=5,offshore,Agency Proposes Tweaks to North Sea Offshore Wind Auction Sites marketscreener.com
2026-06-23 09:51,Stadtwerke München acquires 25% stake in 976MW Gennaker offshore wind project - TGS 4C Offshore,https://news.google.com/rss/articles/CBMiywFBVV95cUxOMzNvVHZhVHo5Y0tIaHV3TVNvRlZiNFdGUXVOVmczbWdhcXExd3ZjZUVna2xKdUo0RG5ITzBDcjhLSG1hXzJ1aV9KM2FhSUpoYUNLSTlqTGliTUFUUTV1LUxQY20wZlZtMlJxbV9ZWC1jbmlUS2t5ZUtmRXlhZUxLMEdfakZCS1lYSGs0VXhZdEppVS1oNVZ6TTJoSDNQYm9vb0NDWDBoclRyalNFUWtwM3lwV3dqRGxVOWJXdDI2ZW5VMGVfaDdrYzZLaw?oc=5,offshore,Stadtwerke München acquires 25% stake in 976MW Gennaker offshore wind project TGS 4C Offshore
2026-06-22 20:08,Prysmian completes cable installation for Sofia offshore wind farm - MSN,https://news.google.com/rss/articles/CBMiugFBVV95cUxNVi1Fb3Y3U3kwVS02eDg4d0RvaThzVi0xYWY5Ym1rRXdVd2VGUTRHd19QQ2Exd1BZUHhJMHZ5WUpYcU9lZkRVNmhpUjFlUnNiZ0VNWEVRSWV1SkV2Sk9FMFUwQldHTzZXQVMwcVl0THB5R2VKMi1uemZBQjlDajlIRERSVjdrX09SZGR2bkxRemxSUlk2VmdZRFdfdk5sY3o3SS02cm8waERFWnNhRXRJWDF2X3NGeE5lVnc?oc=5,offshore,Prysmian completes cable installation for Sofia offshore wind farm MSN
2026-06-23 10:32,Scotland awards £1.7m to support offshore wind skills development - TGS 4C Offshore,https://news.google.com/rss/articles/CBMisgFBVV95cUxQYjU1TGhNNGVBQmM1TjJWak1wcmpFS3h2bDRvSkxvRktkWWJVNXpYakdDTTBySU5vZDJsVTJnWnNUeGdxWGZxWjJrN0hoREdXWS1IN3ZRYjJTQVJ3Y25TNWo5UzktUEs3QW1CM3FDazY5NDk5blpLWmFWQzFnZV9SeU5lZHVQODlERUg1UEJseWxCSUllTnJNeGhzWVRIT0dOeFhtS0pWN0hJMGl1akRBeUtR?oc=5,offshore,Scotland awards £1.7m to support offshore wind skills development TGS 4C Offshore
2026-06-23 10:57,Haizea begins monopile production for Norfolk Vanguard West - TGS 4C Offshore,https://news.google.com/rss/articles/CBMiqAFBVV95cUxPV2h4NEZkaU9kNS1zY1NHdzhCNEZ1bjdFMHlkSFFCT28yQUpfVHU3U2NCZldjTEIyS3pkNkRFdG13NFhsXy1NamRVbTZFdUV5akhhOFJsTnJ4MkV0TWZzY3NMVFc1OTYxamdWcFNsdEJiNjh1V1FONURxeXpoVVFQTlphU0tNeHl4UFN2RENDTkE0SWhwcGZSRXJzenlPckI1WG96c2xtRUY?oc=5,offshore,Haizea begins monopile production for Norfolk Vanguard West TGS 4C Offshore
2026-06-23 10:01,Baltic Power installs 50 turbines as Poland's first offshore wind farm nears completion - TGS 4C Offshore,https://news.google.com/rss/articles/CBMizwFBVV95cUxNY09sNHRGMjhfT2hVekhzYXpHMklTMnAtSWNkU3d4N2pKYTdBNW1uZ3dQMFE3RHJqaVFiYWdJMkhRRFZtU0JxXy1PT3dMZ0k4RXJLTDFVblFqSGZJUVVRX1A1VXJ2bWt3cGhNX0hTRmVLWmQtcmtQUmtrMmhQSkwxcXZYeFVRV2dmNllLQW1yWU91STZpbW5MdlBSUTdMQjkwV2V0ZEgxOExZZk1WLXM4dlhSdHJDeEhYRkRsdFNZa3dCd2R1cVNlZEczbWV5YVU?oc=5,offshore,Baltic Power installs 50 turbines as Poland's first offshore wind farm nears completion TGS 4C Offshore
2026-06-23 00:46,The battery storage portfolio from NextEra Energy Inc. - flexible megawatt blocks for utility custom - AD HOC NEWS,https://news.google.com/rss/articles/CBMiygFBVV95cUxPM2cxdU1nSmpOdl9IWDFFdU9pYk95WnVwM0RNV1lhZTBNYV94cFZUd1llUmhUSnBSd3p0TDNqdm8wNlZjZFlQdmFrZG5CRmZiYWY5b2xJcnpUc1E2NkU2cEJqV1FRTWVxVTlwTlpJcHY1bW1UcFk2N1JHSzNpTXVJbFpNV3ZnQnhLenlaRTJWYnRmLWRURDdKQmtISEtzQ0VscEVjNzNVd0NyOFE3WjAwY0NQWWlla2ZCRWVFZ1Z2WVlYZnBJTnFmM2h3?oc=5,megawatt,The battery storage portfolio from NextEra Energy Inc. - flexible megawatt blocks for utility custom AD HOC NEWS
2026-06-23 08:54,Consent Granted for Substation to Connect Three New Dogger Bank Offshore Wind Farms to UK Grid - offshoreWIND.biz,https://news.google.com/rss/articles/CBMi0AFBVV95cUxPMHYzSl9YckhYVnlXcEJzU2ZwM2ZmSXhjdUJ4ZnZSd2l2QXp6LUF6dHNiT3RvZHdtTjFNOXA2dk51QXEwRlZoYU51ZVc0b25FU1NQTDBCRXp6cHZDbkUzUjZlZDJpR0loQ2ZQSU5CcFJScEtVY1JkZ1d0TjZTekRFdlJhX3pyVHN3Tkt2WXNnNGljTkwwRjgyeXp6d0Z2X09KTWJKWXdKbFhTVGVNNVVBUmVHSWt6UXA3ZE9ZMzFtMGNkZ0h3Ym5adVdyczdHcXEx?oc=5,offshore,Consent Granted for Substation to Connect Three New Dogger Bank Offshore Wind Farms to UK Grid offshoreWIND.biz
2026-06-23 05:09,Hywind Tampen from Equinor ASA - floating wind cuts offshore emissions - AD HOC NEWS,https://news.google.com/rss/articles/CBMixgFBVV95cUxORHhDbzd3NmI3V0E3TUtQNkFaVnJsY3FJWEg2c0ZLZmlNRzNoam83WG5VRWM3QTd0cExybjJMeHJ0UUxqdTBNc0dKcEQ5eFppSE1pUEFaX1R3b1FyWGZDZlNGaDA2bGVvdEY5eW51Vzc0czhYQW55YTRjY1VfaGxHZVFDVjdqbVE4Wm04dkRuaXUxY0M0UEpEdzlNa1k0MWtKS1h1WnZFYUJXZmhOQTBocHRvX3k5LUxKT3ZZeHJnNURLWl9pdmc?oc=5,"offshore, floating",Hywind Tampen from Equinor ASA - floating wind cuts offshore emissions AD HOC NEWS
2026-06-24 09:46,Vestas Secures 40 MW Wind Turbine Order for Reken Hülsterholt Project in Germany - WindInsider,https://news.google.com/rss/articles/CBMitwFBVV95cUxQcmFVVEY3dUlPTzZ5Z0lCQjR3bTl3SDd4SUVyNjlPWE8wOGd5N1BjVUJiZGo0Q09BZGctVC1lb1NCR3Y3a214aFhsUTB1aDkyWVhRenZyZEFfcnNzdWE5ckx6MnBVbFEyUVBmR0hMLTZfcDQyTllSVnc0dzBxRlB5S0tpNGJZWThwUENoWWRGTGNqVTBTeGZOM1M2dHhxbTE1czNkcG1qUFN5SnNpLV9kRlRndnZxZU3SAbwBQVVfeXFMTXJha1lsRkRNZXl3djE0NHoxWGEwZ0ZpdmNOd29DaUZONkNlZElUUHBVY1hIVVBaYXF6a2VHOS0tZ0Z2bF9FOFZHemhON1E3anA0UnpXOXlvdDJUaDlmRUV6Uk9mWldCVTAtVTRVZ2NnajN2M1FCdVlnUUhxRHFSQXlJTVV4WVBOcC02ckMxZ3ppc2hEWXhwR2J2QUlGVFduRkZkdjNpd0V4WmFqQTZqOWVoaUdJMEx1cmtKSG8?oc=5,"order, MW, turbine",Vestas Secures 40 MW Wind Turbine Order for Reken Hülsterholt Project in Germany WindInsider
2026-06-24 07:05,German offshore wind uncertainty could postpone major orders for turbine manufacturers - EnergyWatch,https://news.google.com/rss/articles/CBMia0FVX3lxTFBlVndQa1BqSFdQa21MV1FtUW5OTjdxYnlZOGJvNEJXN0ZhVERTMnpOTVVlWkRnOFVuUGNXRTRhX1BZNGhOVm5WUmFUaWhlT3lVelZKQkQtLXBqY2E4engwSE1EY3daRTBWTDhV?oc=5,"orders, offshore, turbine",German offshore wind uncertainty could postpone major orders for turbine manufacturers EnergyWatch
2026-06-24 12:38,Poland’s First Offshore Wind Farm Nears Completion With 50 Turbines Installed - Marine Insight,https://news.google.com/rss/articles/CBMiqwFBVV95cUxOX2FFNWVKUXhQamh1cVlUQ0dRU05mS0RFZFVDU2hkdFlwckwyU1d2RzZCbWg2UWIwSDY4OW85Q19NUHQ0N3NLRzRWamktSXJnX1doNGY4NE9nenFmcExOR1NaVVJLUUNYTG5Rb0E1bERzNHRIQktnd0lGV1NYZ2NPOGtzdU1RdUY2cGV3cGxiTzZYODlaaFF5WWVOdnFySjVQdFFTX01qZWFrVFU?oc=5,offshore,Poland’s First Offshore Wind Farm Nears Completion With 50 Turbines Installed Marine Insight
2026-06-24 12:10,DeepOcean Installs Inter-Array Cables at Germany's Nordseecluster A - Offshore Engineer Magazine,https://news.google.com/rss/articles/CBMirgFBVV95cUxPLUFMTFk5SUJjdGJYRDQ1XzdCRXhKWnR1WkliRUFTX21IRmhGYWhQNWFDLWFMTGlQeHE2eENHWnVNWnRxU1ZmUjV4V0Z5LTdza2pGT05vME9DSWJrbWFBVjBFXzdlNUNwT1BDc3pwalQtSEtPMHhFbmJQajBlc2k3dk1BYW9WcVRGUHRjS1M5UU5iQWF1cDdkZVdBTlRET3FYZDJHWlM3M0FzMEdkcHc?oc=5,offshore,DeepOcean Installs Inter-Array Cables at Germany's Nordseecluster A Offshore Engineer Magazine
2026-06-24 08:19,"Vestas Wind outlines offshore focus midweek, shares trade lower after recent analyst moves - Ad-hoc-news.de",https://news.google.com/rss/articles/CBMixgFBVV95cUxNdC1jd1RuemNwX0N2ZDA3aTJzeVRBU0g5YTdRWEYyV2haam9hSkRueGpTX3dlbWlYbXRqb0RVY3ppdGczSDhTc0xtejN2bEtaQ0t6djQ1dFp4dElVdGRpTV9FbXVOQVhDVWY4bnpXNkNrUXcwaWpRT0d5Q1dudmFkeEE0eXlaWWlXa2FybjhXQlhheWlUVmFLd2hKVE5tcWFVLWR1RHplZWpfUEJES3Y2dV9HVFVQbXltcWxvUWY5N0VBdkJTT1E?oc=5,offshore,"Vestas Wind outlines offshore focus midweek, shares trade lower after recent analyst moves Ad-hoc-news.de"
2026-06-23 21:12,"Nordex clears major US order milestone, shares react after strong 484 MW win - Ad-hoc-news.de",https://news.google.com/rss/articles/CBMiygFBVV95cUxNemUyX0lFby05TTh1SVAzNWYzd09EclNLckVyQ1dBZkpaRFpDMVdUWV8wOEVnbFRuN1IyQUkxcTdNNjY4RHVIVlZ0dzhSaTBhd2dWTkFDZjFIQnJONjloMFFBLVFFd2hoRHJwQ0dhTk9SM05raDhaTEtPczlWRnJQdThnZHZYbmw1RVh0VXh0ekczbWd0cE5qYUdOM0lXTmJLZjdibE45NElIZmQyMHNfNUdSaVNfLTlxRVdiQ1VwcWxmSTZST2NOd05n?oc=5,"order, MW","Nordex clears major US order milestone, shares react after strong 484 MW win Ad-hoc-news.de"
2026-06-24 11:24,Nordex Secures 112 MW Wind Order from NeXtWind for Major Repowering Project in Germany - WindInsider,https://news.google.com/rss/articles/CBMixAFBVV95cUxQd3ZaTm1DM2ZOeGhjTFNrUXpfbGhwNGVGNmV2cTNIeVBILWdvWFptRFVPUXkwaFNHdERTbUJvNDllWUFWa2Y0RlU1MThqSE9TNlNpRnktRy1yc3MtLXBvTlBrY1haQlo5TEl3Nzh2VFB6SWFxN1dFNzRZR2JEVVBTY2VCTTV3Zi00dlhIMmFFZ2NaOXlHUExFWm9pTXZFU3Jhdkh1MG9fSjRoSWdVN2Y3TVlWWXZfOWFiU0JGYnYwcU1VRVFT0gHEAUFVX3lxTFB3dlpObUMzZk54aGNMU2tRel9saHA0ZUY2ZXZxM0h5UEgtZ29YWm1EVU9ReTBoU0d0RFNtQm80OWVZQVZrZjRGVTUxOGpIT1M2U2lGeS1HLXJzcy0tcG9OUGtjWFpCWjlMSXc3OHZUUHpJYXE3V0U3NFlHYkRVUFNjZUJNNXdmLTR2WEgyYUVnY1o5eUdQTEVab2lNdkVTcmF2SHUwb19KNGhJZ1U3ZjdNWVZZdl85YWJTQkZidjBxTVVFUVM?oc=5,"order, MW, repowering",Nordex Secures 112 MW Wind Order from NeXtWind for Major Repowering Project in Germany WindInsider
2026-06-23 19:00,Green Hydrogen News: 100 MW Project in Sines Moves Forward with Environmental Approval - Hydrogen Fuel News,https://news.google.com/rss/articles/CBMixgFBVV95cUxQdDdjaGFWV2ptVXppZTJrTGs2alJ3Wm5fQllCY1NQbFZHQkFRX0tDZEVENXZXMnRlSXl2SW4xTk9nT3FoZHFsbHdnSHdvQjlZV1g3V0ExcHBySEJ5TFROel9JVHN0VEhockoyWnRLdThMRUlfVkUxUlVPSzlIRk5RTzNjNzhxWUZxc3lxSU1yVVZpVjN6QlF5UmNzVDFhVjg2YTBTNmlGRUpTUXRyeHMtbU5XMm9oZlJUeF96c3RJSXN0YTlrSHc?oc=5,MW,Green Hydrogen News: 100 MW Project in Sines Moves Forward with Environmental Approval Hydrogen Fuel News
2026-06-24 01:56,LM Wind Power blades from GE Vernova Inc. - 107 meter giants for offshore turbines - Ad-hoc-news.de,https://news.google.com/rss/articles/CBMiyAFBVV95cUxNbk1hbWtha2FueFJ6bDZZQ2VnMnlwdTFMOFYxSlZfRmxmVWNwQWp0UnFQdU9sZDlkTktiOE1wUDJRLTdYaWF0M1ZNZzgtb1lROU9vWVAtRVRnV1dqWU41WENYMjZzeV9WYWsxSmJJVFgwWHJoMnB4OXo2R3B2MjRHekxValdXNHJTNncwVnhTV1lGSzRxVzlKdG1iWUludklRRnZpejYxY01rVnR1ODNUcGZGNzQtUjVnNUwyLU9aWTZBVVYxai02dQ?oc=5,offshore,LM Wind Power blades from GE Vernova Inc. - 107 meter giants for offshore turbines Ad-hoc-news.de
2026-06-23 20:13,California fights Trump offshore wind buyout scheme threatening US project pipeline - Recharge News,https://news.google.com/rss/articles/CBMiywFBVV95cUxPMkplbDljQWNxc2wxMlBTbzlCLXR3UW45Y0RQblNLSXBXSkk3THBEZTNDRE5VbWJIdF9ZN2Z5YzV3T2JKZXBmUndOTmZ5bUtBeEJicXlrOFo2V3FKUG1UMm5adm1feTV5MEsxeFJ3OGFXVWI2MU5RZGxFZTdNdk8yc0lDZ1cxdl9abU02OEd4aEpkV3daWG13TGdJSzVDT3FpTlJXc3QyTVFBR0JOcnJMcEY1aUswVzc1Q2JUNzk5dm1SbmdMMHRPcTNtdw?oc=5,offshore,California fights Trump offshore wind buyout scheme threatening US project pipeline Recharge News
2026-06-24 08:16,Nordex Group receives 112 MW order from NeXtWind for wind farm in Germany - Energy Global,https://news.google.com/rss/articles/CBMiuAFBVV95cUxOcFQ4RzJkekIwN2tiQVM0SVJNbjA2dnVzV0FFQTdmNEJVRVJrWi1SLVBZdnE5U2VSYTFFUHJnRWFEc1JLdDl1SHpobTV2RlFJbXAxLXE0NERwcVdOLVlFczdicG9YdGhVdGRIWlhSN0w0Qi1GTEVsOFVXOWpVZDJuLVFKNE84WXZEUlFyaDRXNE50ZkFkdGlWTE9JT1FCYmJPWWpSRGx3LW9FMkZoMy1Sb0VBYW54VnNB?oc=5,"order, MW",Nordex Group receives 112 MW order from NeXtWind for wind farm in Germany Energy Global
2026-06-24 07:15,Nordex wins 112-MW German wind turbine order from NeXtWind - Renewables Now,https://news.google.com/rss/articles/CBMinwFBVV95cUxOVTlBZXkyalUtNXlDaTA3MGR2cVFjSmJXYUdqZkJOTENpMWJsUENjVUdDcnlaelFWRWZuT0NxUlJib2NJY0NPeU5qTUxSXzJVZTkzLXR2OFQ5V1k3WjNJc3A1RV9zbHpwbGJIU2VZYk9GS0VaRjVTN2kxOXFzSjBlYkpoaU13NFdQT0lzeHZnczhWUF9UREo0eHdTMjhRaUU?oc=5,"order, MW, turbine",Nordex wins 112-MW German wind turbine order from NeXtWind Renewables Now
2026-06-24 08:55,Nordex secures order in Saxony-Anhalt - EnergyWatch,https://news.google.com/rss/articles/CBMia0FVX3lxTE1zWjZMdC1ITDFZT1ppYTVsUHlFeGhDYTMtS01vSWNvSXFiOC1rRUt2M2xKMFVwR1ZNTEs5cEhaQzU4amRjOWY3eFhZYkVsVG94MUZvZ1RTc2FJelgyOEpWSkhVSEdZTEZhMjFr?oc=5,order,Nordex secures order in Saxony-Anhalt EnergyWatch
2026-06-24 07:50,"Nordex to supply 112 MW for NeXtWind repowering project in Saxony-Anhalt, Germany - Windtech International",https://news.google.com/rss/articles/CBMi2gFBVV95cUxNdjZWejBFeXZnVkViUS1iOXFBSXJsQk9yRE5BQW5WbzRRTjB4VENteXBlTC14clk2blBlby1MWFdVdzlaTHdnbFRZcmJkZGpFZ2dNdnZXMG8tNFg3bnRUUUgtNEZmVDVFWW9YLUFwUGFSZk1CQnIxVHJ5eXU5b1dkdHRuNGZ4RnFlQUM3b2Q2dGtQcXRmVlpkTEVNYWdJakhqeUU5LXF1V29VQlJBZFo1d1dzeTdGaEd5Z2xhUjhzdmNHQnF1OHBkNU5WeDBVUWpRQnRfVXBtZVJqdw?oc=5,"MW, repowering, supply","Nordex to supply 112 MW for NeXtWind repowering project in Saxony-Anhalt, Germany Windtech International"
2026-06-24 05:30,Nordex Group receives 112 MW order from NeXtWind for wind farm in Saxony-Anhalt in Germany - TradingView,https://news.google.com/rss/articles/CBMi3AFBVV95cUxQM285TWhvb1VTekJKa1ExWWRCaVljbVdzZS1ZdzN3dWVtX25aSWFralU3REs2TkFGYlVNXzFubU5FaDhlTjJaSkRRYU9TQVIta0VzV2pBZ2EwOEdaeFJhYmFOeW5HMm94UVhhRmc0N1J1a3NJNEwtV1podFd6NkNhQnI0QVFkNnI0djNqSVNkdnFDallJeTg2dURkdXRWZ1RTeWFXam43azgzSktrVzJrNE16cFotdDRndTltdmRqRVVETG1WelJXQXJUZnVNUjlUTU1uMzlfMmV1Rnk2?oc=5,"order, MW",Nordex Group receives 112 MW order from NeXtWind for wind farm in Saxony-Anhalt in Germany TradingView
2026-06-24 06:46,Nordex wins 112MW Altmark order - reNEWS,https://news.google.com/rss/articles/CBMid0FVX3lxTE8tV2pobHNJa2VhS1dRLWZwTTdGamRreFk3OW5ldWM5S1d1aUpMVy1mZm5qcG1CWFducVhZb2lhMmNVQVdVX0JmOC1tRGxVbVJCQlM0dVpDc3NxX0l5MnJ4amk3bEpqcm1qczluaHdQakxKRS05M19Z?oc=5,order,Nordex wins 112MW Altmark order reNEWS
2026-06-24 05:46,Nordex Gets 112 MW Order From NeXtWind For Wind Farm In Saxony-Anhalt In Germany - TradingView,https://news.google.com/rss/articles/CBMi5AFBVV95cUxNMVZTUlRGOUdyTVJiZWJLR2t6MjQtZ213MVo4TzF1czVuSTFoN1lWb0Mzc0J0R1B6WnhOdWItNkxrUUxaWnBoMnlWN3gtaVRzZGlnZ015XzVETmtmZHZZeE9XSFJrNURpZTVqbVFZbWZZeXpPQURQZVpsOTE0ZzUtMGdJZGZLckt0ZWZTRVgzX1RqaHBRdHVhOXV1TnVNcmpmTnlyRGtHMVRzRnA5cnBKQjYzeENHVHFmd2g1R1BYY29UWWpUa3ZDcEFrT1E1QnRVaVNQNm1pRzdYS0xzV0RkSFRWdkk?oc=5,"order, MW",Nordex Gets 112 MW Order From NeXtWind For Wind Farm In Saxony-Anhalt In Germany TradingView
2026-06-24 09:46,Vestas Secures 40 MW Wind Turbine Order for Reken Hülsterholt Project in Germany - WindInsider,https://news.google.com/rss/articles/CBMivAFBVV95cUxNcmFrWWxGRE1leXd2MTQ0ejFYYTBnRml2Y053b0NpRk42Q2VkSVRQcFVjWEhVUFphcXprZUc5LS1nRnZsX0U4Vkd6aE43UTdqcDRSelc5eW90MlRoOWZFRXpST2ZaV0JVMC1VNFVnY2dqM3YzUUJ1WWdRSHFEcVJBeUlNVXhZUE5wLTZyQzFnemlzaERZeHBHYnZBSUZUV25GRmR2M2l3RXhaYWpBNmo5ZWhpR0kwTHVya0pIb9IBvAFBVV95cUxNcmFrWWxGRE1leXd2MTQ0ejFYYTBnRml2Y053b0NpRk42Q2VkSVRQcFVjWEhVUFphcXprZUc5LS1nRnZsX0U4Vkd6aE43UTdqcDRSelc5eW90MlRoOWZFRXpST2ZaV0JVMC1VNFVnY2dqM3YzUUJ1WWdRSHFEcVJBeUlNVXhZUE5wLTZyQzFnemlzaERZeHBHYnZBSUZUV25GRmR2M2l3RXhaYWpBNmo5ZWhpR0kwTHVya0pIbw?oc=5,"order, MW, turbine",Vestas Secures 40 MW Wind Turbine Order for Reken Hülsterholt Project in Germany WindInsider
2026-06-24 11:01,‘Nobody wants it': Residents give verdict on offshore windfarm plans at event - Isle of Man Today,https://news.google.com/rss/articles/CBMiswFBVV95cUxNRjNoLU1laTF1TTRZYWtVUS1VNEVSZ1U2UmUyU3JrbXIwNS00bURnM0tmSGdqbmZCd3pmWnIwa3BzYXBSWVlkbmRBMzlSS2RWQllTU3Z3c2JHeEtjVTlJMWRNZ2hxVXE0MjFYb0Voc0hkcS1OWGV2UWppeGJwNV9uQUVqVl9yOExNT05Ea1lIM3MxdGxOOUxtajNhak95dGNzWkpQQUd0QTJVdEQ4SzQ5UjJvQQ?oc=5,offshore,‘Nobody wants it': Residents give verdict on offshore windfarm plans at event Isle of Man Today
2026-06-24 05:07,Hornsea 2 offshore wind farm from Ørsted A/ S - 1.3 GW feeding millions of UK homes - Ad-hoc-news.de,https://news.google.com/rss/articles/CBMiywFBVV95cUxQcFRieE84Uk1kWlcxVDlmMDhMM015ZkxMbTk4Y0ZWYmVIV2N3TTlWcUNCc0drTnpaOGljT01PMG1PQ1pWQ0JtUl9ITUpnbFljc1BaekctWkNhWDhSNTZKNU5sb2lkQWdseEwzZDhYNkFnX0lrRE80ZHRxcWFkNXdBeTRHWGxHdnMwVmJFcEt0dG5yVzgxVl8wS0x1ZGo2TjA3TE5reG5YNnBCSVQ4NlJtRXFRUEgtX3Q5djdkd1NVWkxKSDJTejJPT0lpTQ?oc=5,"GW, offshore",Hornsea 2 offshore wind farm from Ørsted A/ S - 1.3 GW feeding millions of UK homes Ad-hoc-news.de
2026-06-24 10:08,RWE to Become Majority Shareholder in Amprion After €4.1B Deal - Offshore Engineer Magazine,https://news.google.com/rss/articles/CBMipgFBVV95cUxNLWZLclcxaDlZakJ3TXFZZ05xanNUOHBVS1JJQk5RNUR0cHRXcTRsaFVGU1NBVENDalFLcGNSSkZKZ2tTNE5MYUNzQmFkUktxSUtqNW91eUwxMFZsZWI5amxnaEU1UEVVTU43UjdJWXBPUk1xdEt3SlJrMlJtYTNYRlEySDhQb2RteXpnQlVoRDBGSllUZUtpNDdjbEJoeUw5VEZpYjR3?oc=5,offshore,RWE to Become Majority Shareholder in Amprion After €4.1B Deal Offshore Engineer Magazine
2026-06-24 11:24,Nordex Secures 112 MW Wind Order from NeXtWind for Major Repowering Project in Germany - WindInsider,https://news.google.com/rss/articles/CBMivwFBVV95cUxQNC1SMnZObjhjcmZFTmR1aVIydkpxYXFXM1BDTDNncXREVHc3MXJ3SWtnZzJvbTlPMUJLUmFnUllGcmpkUlc4NGI2ckY2NEVOTXdQVnU1TWtxLXQ2OVdWdWFxQzlNSmRUWkwyY2RKWUxGMWx5d2dvTUgtdVBhbDV4RlVIb3NGUDRIYmpJc25rMWVZSldEejRUV3JRUWRIbEhia3pReTRUa0dwT2ZPNE1LRjJyaU9OZzF5ZjdrUkowVdIBxAFBVV95cUxQd3ZaTm1DM2ZOeGhjTFNrUXpfbGhwNGVGNmV2cTNIeVBILWdvWFptRFVPUXkwaFNHdERTbUJvNDllWUFWa2Y0RlU1MThqSE9TNlNpRnktRy1yc3MtLXBvTlBrY1haQlo5TEl3Nzh2VFB6SWFxN1dFNzRZR2JEVVBTY2VCTTV3Zi00dlhIMmFFZ2NaOXlHUExFWm9pTXZFU3Jhdkh1MG9fSjRoSWdVN2Y3TVlWWXZfOWFiU0JGYnYwcU1VRVFT?oc=5,"order, MW, repowering",Nordex Secures 112 MW Wind Order from NeXtWind for Major Repowering Project in Germany WindInsider
2026-06-24 11:00,California threatens legal action over offshore wind lease buyout - TGS 4C Offshore,https://news.google.com/rss/articles/CBMisAFBVV95cUxPTHgzNHdWajZyUUVvcTctRzlfZGVCVVhzWGhDLTZ0NW5WRk9HTHlaaks2MDNKandaRFBuR2ozczgzdTlvM0NOakE3Z1RmZjN4b1g1RzJrTG9CeUR2WnRZSHhaNTlsWWlRb2VRLVQtYmF1cFNfNTBtYWo5Y3liZjF1b0JiVGl2WGk0VGtCbUwtRFlWb2U1cFk1SUxydzFyOHpwaG5Mdlk1WTFtUS1BMk1sZA?oc=5,offshore,California threatens legal action over offshore wind lease buyout TGS 4C Offshore
2026-06-24 08:35,Turkey reveals offshore tender plan with return option for developers - Recharge News,https://news.google.com/rss/articles/CBMiuwFBVV95cUxPeWpYTFAybTJENEFkY08tUnNuSTM0eGg2MVI5UXNLV2I0MXJpUHNWbjRyRkJudFdibk5kemRqLTNzSVNtMm9rSVdUU1hxN1JuN2pSbFBDVW1TcGMtNlAtbThnazlLNFRMS2FvaFVSeS0xZ19rOW9pWGhHQ3BWS0tCMmt5LVBVU2x0U253Nl9UUFBucjZxeTZhVnpVVUxjNUhjLUxDRGtXR3k0Wnc3ZW1TSVFzNVNfTFJsR0tz?oc=5,offshore,Turkey reveals offshore tender plan with return option for developers Recharge News
2026-06-24 10:50,DeepOcean completes inter-array cable installation at Nordseecluster A - TGS 4C Offshore,https://news.google.com/rss/articles/CBMitwFBVV95cUxNRlhUbFdGZE1Jb0tfZzktRW1iYzFVOGFVcUFfSUljUnRfYkQ0dHVwLV9QZS0xZXQ1S05MZjhUcEdQSUo5QnJkUXREeVlULUdkY3c0cTdObVpfV0YtSFU3dUl5ZjZsVUlLSHB5UDQ4bC1VRUlmSHFXUF9ONUdteDdiakFkN1hhSFNqMEM1MWVLTDJZU1poVlNQN0Y2SmhlU19zb2dReHlOZVZwUjZ3bXdzZGJoaWZPalE?oc=5,offshore,DeepOcean completes inter-array cable installation at Nordseecluster A TGS 4C Offshore
2026-06-24 12:15,"Solaria and Iberdrola dominate the June BOE: more than 4,226 MW are progressing between solar, wind and storage - Energía Estratégica",https://news.google.com/rss/articles/CBMirAFBVV95cUxOQmVPWjNNSEJzNVVId2x0SGlFWHlQalgtbkw0aDlOM2I0dWNvOEtjUXBmN1NrR1ltblNiUkVqdnpJbXlzR2pwSWNmYjlfLTZHVGwtMW5uTVlvTkFVYVZOVzVIUDNMZzhCM0MwOVlTVVhOX0tvVVBReVZFUWM3bDR6Tjk5UDVjenZpT05VNXc5WkdBVWw5X3BWSzZoU19mWnFtNlB4MVJtSkxncUJr?oc=5,MW,"Solaria and Iberdrola dominate the June BOE: more than 4,226 MW are progressing between solar, wind and storage Energía Estratégica"
2026-06-24 05:50,"Iberdrola focuses on offshore wind strategy, shares supported by steady earnings outlook - Ad-hoc-news.de",https://news.google.com/rss/articles/CBMiyAFBVV95cUxPQ0dyUDRlQlp2WEQxYnh5eE9OME82Q05WZ3JGLVd1S1lTWGU0THAwQXNxX0VNX2theGJqendOYVFoLU5TdU9ydlozeWlYTWJkbEk5VzJMSEswajhhSlRvSHJKN2NGNXNFdHloWmRraUF2UEZBaDRCanZMOVhIdVJEUzBJaGpmMThaM0lIbi1WY3ZubnA5alo1SXdTdGRNSUR1YkI3SmZ6NzlFaGtHRzR3b1AxVDhqTHpVNGxZTy1VMmdycGY2eUdSRA?oc=5,offshore,"Iberdrola focuses on offshore wind strategy, shares supported by steady earnings outlook Ad-hoc-news.de"
2026-06-24 02:21,The Vineyard Wind 1 from Iberdrola S.A. - 800 MW offshore project reshapes New England’s grid - Ad-hoc-news.de,https://news.google.com/rss/articles/CBMiygFBVV95cUxNdHR1Y3RaQWhwUl9iNHFqNVdIbmk2NGJGMVBkQU1iU1JReDVTUnZrZkpDdVE4d19qMnptNklBNjdTWGU2dnQycW5YbDZDVVAzSWhkeV80UVRwcDdtdE1aRzNjZ29HX0xfMlkzZ0hQWUxFalU5cTkzT3Z3eGZZRi1wT1Zjc2lFNWRBMDZ0MnBBeDRaRmdST0RjbS1vd25aQ1dDSzZpSnJOQmxXcVRhbFg5bHdrYmtrR3l5WnU1NkZBc0t3bTdZTjdWTGl3?oc=5,"MW, offshore",The Vineyard Wind 1 from Iberdrola S.A. - 800 MW offshore project reshapes New England’s grid Ad-hoc-news.de
2026-06-24 04:03,The Bronco II wind portfolio from NextEra Energy Partners LP - steady 380 MW in the Texas plains - Ad-hoc-news.de,https://news.google.com/rss/articles/CBMiygFBVV95cUxNRUZWMDlDVVRGcU1QWjZxcHpqSkQ0QnZTMExZYjlFVFQzWUZpNUhWdzdUaENBR1ZQOUs3anZnOG9qRkJYRURsMXpaS083Z3drNENzS2VVNU4zT04tRjRENk9lZUxPdUlnM1FPN2didnl6aDNBQ1REUDJpU0RHSEVGdEZkUTRpZUFjTGF2OVJoTXl1NEc0eDM0NjlTRWplcUk3MVp6bU84VldZSThJWENjTkRuci0tYVU2NWwyblJXaXIxaVl5OUZHc25n?oc=5,MW,The Bronco II wind portfolio from NextEra Energy Partners LP - steady 380 MW in the Texas plains Ad-hoc-news.de
2026-06-24 11:54,"SSE, Equinor launch Dogger D onshore consultation - reNEWS",https://news.google.com/rss/articles/CBMijwFBVV95cUxNbV9vV0t6a1liZS1yUExpRTZWc0VJMnU4LW8xVFJnenV0VnhyY1NnSEJLeGg2MzN5eVlEcDRkQXZFblljblFrb2tlazZvbFJKcFkxa1JfdFZxeUdjOXpvbHVhS0M3X281c2FyX3lXdkg2RlhxN0ZFcnFiaHE2NWoxbjZpc1FFWlMzWHRGQXBRdw?oc=5,onshore,"SSE, Equinor launch Dogger D onshore consultation reNEWS"
2026-06-24 10:26,US offshore wind left adrift as Trump buys back leases - Maritime Journal,https://news.google.com/rss/articles/CBMitAFBVV95cUxOekdGaFJ5NjExeF8wVXZxc1JrcXFTOHAtZ0YtdnhHZG5PeVNfVWdaMTg3c1AyUERxSjRCQmpYeTNnTnFpUDRZbTBzbnJfX3VNbXBKRERER2xManVHcVZhNXdmTE5DeGV3UkI0aDZTbXQ3c2V1Mk9yaU9aankydEU2RlJSblZiMTl0MDBFc0x6ek14VFo0TTJDT0lWWHY4WFJ4M2g2RG1RTklkQmxabV9PZlE1Sm4?oc=5,offshore,US offshore wind left adrift as Trump buys back leases Maritime Journal
2026-06-24 15:36,"World Blade Root Fittings for Turbines - Market Analysis, Forecast, Size, Trends and Insights - IndexBox",https://news.google.com/rss/articles/CBMigAJBVV95cUxON2NOd21NX3hJU1h4VkktckV2VnlSbFVzSGcwcG82SjdvdnZ2NFF1SEk1VUJ2ZkpSZkg3SEtzNGpNTFg4Q3IwTmFLZHVqazVKWk1wdHlueUF1aW5FUlFsLTltTDBScElWNlZaTEFQbHJsZWxiS2c3TVNWakprRGFUSFBoeG1UNGhaM0xxRVBOaExUb3FVcFFfOTRoMUdITXFRY2U5RzNNYW1GSXozbFdTTWpSRk9pLU1RM2pUaVhMczlwNHBhaDZyam4tZDhVblFBMU90UkVLTERWMXgwbFVYYVNnNHBqQjJlWlVzUEhNcjZGYzM2ajhWMDhIUjhnellT?oc=5,blade,"World Blade Root Fittings for Turbines - Market Analysis, Forecast, Size, Trends and Insights IndexBox"
2026-06-25 06:59,Juniper Green Energy Commissions India’s Largest Wind Turbine with 5 MW Capacity and 181 m Rotor Diameter - WindInsider,https://news.google.com/rss/articles/CBMi3AFBVV95cUxOeWZpQWI2SGE4LTY0QXV4bXJVa0RvQVdpRGtIVjBqTzJzOEhGWnhkTmpRTlZ0VktVRUlPbmFDQUk0WE1DLVZoal9OeXRyVWxJQVZRd0JwMVkwbVM1SDVxTkphbmQybWpBSVZWNUFRbWotMDFUMWxrQmROWGg1V3RPdDdxX2YtUTlXQmx5TDRwZDVFWW4xNlpjRF8xLXlIS29qT0hhdV9PU2toSjlSWUxhLTk2dWF3ZDJMYjBVc3RfVVV6YzdZRzF4R3RfNW4tOGRraHNOUjQ3V3Bad2hp0gHcAUFVX3lxTE55ZmlBYjZIYTgtNjRBdXhtclVrRG9BV2lEa0hWMGpPMnM4SEZaeGROalFOVnRWS1VFSU9uYUNBSTRYTUMtVmhqX055dHJVbElBVlF3QnAxWTBtUzVINXFOSmFuZDJtakFJVlY1QVFtai0wMVQxbGtCZE5YaDVXdE90N3FfZi1ROVdCbHlMNHBkNUVZbjE2WmNEXzEteUhLb2pPSGF1X09Ta2hKOVJZTGEtOTZ1YXdkMkxiMFVzdF9VVXpjN1lHMXhHdF81bi04ZGtoc05SNDdXcFp3aGk?oc=5,"MW, turbine",Juniper Green Energy Commissions India’s Largest Wind Turbine with 5 MW Capacity and 181 m Rotor Diameter WindInsider
2026-06-25 10:27,"Suzlon Secures 400 MW EPC Wind Project from Tata Power, Crosses 1 GW Partnership Milestone - WindInsider",https://news.google.com/rss/articles/CBMiyAFBVV95cUxPRmUtbUgwemZpTXo3eDhVamg1VERBbzhseE5FVzlTUFd6UFhoOElkTVp4ZmtDRFZYRl94UWhMaGFrQTQxWWxJUlZvY2pKVUlNcGZWX09uLUk5c2gzTzE4TFZuQXdLdVdTdmQzY3VsMVlESDhLandDMXFKbFlESmtuUzVHUUVlR25yQ3B5MmMzWTFySlZEU2R6X3o3SUxzMHFFR1dqQXRJRXNXeENQUnk1TjVmQ3RxdWVxTmdmcmYzTThnVW9nZFRCb9IByAFBVV95cUxPRmUtbUgwemZpTXo3eDhVamg1VERBbzhseE5FVzlTUFd6UFhoOElkTVp4ZmtDRFZYRl94UWhMaGFrQTQxWWxJUlZvY2pKVUlNcGZWX09uLUk5c2gzTzE4TFZuQXdLdVdTdmQzY3VsMVlESDhLandDMXFKbFlESmtuUzVHUUVlR25yQ3B5MmMzWTFySlZEU2R6X3o3SUxzMHFFR1dqQXRJRXNXeENQUnk1TjVmQ3RxdWVxTmdmcmYzTThnVW9nZFRCbw?oc=5,"MW, GW, partnership","Suzlon Secures 400 MW EPC Wind Project from Tata Power, Crosses 1 GW Partnership Milestone WindInsider"
2026-06-25 07:18,Hitachi Energy awarded contract for converter stations of 600 MW Italy–Tunisia interconnection - Windtech International,https://news.google.com/rss/articles/CBMi7AFBVV95cUxNaXQ5OC1ia0hyVHo1OXpKUC14YnMwRkRGY2JObjJ5UlFsdVVUdDh5REpnWUxmd2lDa2RTSFhtelpRWWo5T2ExS2EzeTVYMkFPa2trMUFDUXRERi03UUVIcWFqVXBSWlZobm12YkxBV3lmVUdKLWI1TlB0Z2hlQW5BazdUQVFtWnpGT3ZSV0xiUGlLTWVJSmt2ZGJIS21nMzRhVHpoOU1RTWlWR2VUZ3duTFA2eS1JMWlaYlFOLVA3d0ZCZUxyZXFzM3Q3LW5fVFBhM095bGk3dGlrejhWUnA5dUVTZVRQR0o0YlpQcA?oc=5,"MW, contract",Hitachi Energy awarded contract for converter stations of 600 MW Italy–Tunisia interconnection Windtech International
2026-06-25 03:54,AI Data Centers Are Driving a Power Supercycle. GE Vernova’s Gas Turbine Prices Are Up 300% in Three Years - AOL.com,https://news.google.com/rss/articles/CBMifkFVX3lxTE5vRXFESW9XbS0zNVdrOVZXQ0pPdWcwVTVTajZ2QXB6Sjdlai1mMEZnV0VDQzBaQ01lSXNUcGRhUWd2cDBObW5fX1N4NnJESXRKM3B1dndWdEtwUjJCbXVmblBTWG0zWmczUDJuYzFYTmE3c1dLSldXelBOQlIzQQ?oc=5,turbine,AI Data Centers Are Driving a Power Supercycle. GE Vernova’s Gas Turbine Prices Are Up 300% in Three Years AOL.com
2026-06-25 14:03,Türkiye Releases Draft Rules for Offshore Wind Tender: 49-Year Concession for 1 GW Project - offshoreWIND.biz,https://news.google.com/rss/articles/CBMiygFBVV95cUxNS1ZyaWZzdWd0T0tkS2xYaUJDVU82VGh0U01JVnFRb1dxWWR4YThBMEtWV3pxcndqeFU3NzQ3NUwyYTZSRG1nN094LXhJeWd3anN1TDY1V2QzMVJ2WEJrSVY3Q25fZ3pUVmt1T1E3WVlhbHY4WEl2TnNNc25tOU4yajY5RGp0TTFwX1BaeXhmdGFSaTR4YWVwenNEWmdXNldqZk5YRFJBWTVzM0xaaF9CWUZzc2RXTHgwbFBFNUdmMmJjeFpYMFdSSEln?oc=5,"GW, offshore",Türkiye Releases Draft Rules for Offshore Wind Tender: 49-Year Concession for 1 GW Project offshoreWIND.biz
2026-06-25 06:59,Juniper Green Energy Commissions India’s Largest Wind Turbine with 5 MW Capacity and 181 m Rotor Diameter - WindInsider,https://news.google.com/rss/articles/CBMi1wFBVV95cUxNN0ppWnFhdjE2RDBfQ3NZUHExUWF5cml5ekNmX1AzVUZtaXo1WVJzSjVjZ1djLTRMS1J2eGxRdWwydVRUYlEycm9WVHNlLW1RZ3R6Z3ZhNll3Ty0xbHdvQkM4bWkzVWZqcmdhQTZ6VTdtS2tITzlubXM1RTZWeWRJU3RDSTQwZWlyYTR4U2tGS2c2VlNXVlpoeTlfTmhSd1BZNWJfcFB6VVRiNVVJbGVwWEdhTDd5cWt0X213LW1POGFJc3EwZ3JFdV9JaWFvRXJ6dm9CNFFqa9IB3AFBVV95cUxOeWZpQWI2SGE4LTY0QXV4bXJVa0RvQVdpRGtIVjBqTzJzOEhGWnhkTmpRTlZ0VktVRUlPbmFDQUk0WE1DLVZoal9OeXRyVWxJQVZRd0JwMVkwbVM1SDVxTkphbmQybWpBSVZWNUFRbWotMDFUMWxrQmROWGg1V3RPdDdxX2YtUTlXQmx5TDRwZDVFWW4xNlpjRF8xLXlIS29qT0hhdV9PU2toSjlSWUxhLTk2dWF3ZDJMYjBVc3RfVVV6YzdZRzF4R3RfNW4tOGRraHNOUjQ3V3Bad2hp?oc=5,"MW, turbine",Juniper Green Energy Commissions India’s Largest Wind Turbine with 5 MW Capacity and 181 m Rotor Diameter WindInsider
2026-06-25 04:52,Vivant unit buys 200-MW Philippine wind project from Envision - Renewables Now,https://news.google.com/rss/articles/CBMiowFBVV95cUxPaERyVklubDlHQWdITE9HSEtTX05ncFZxM0NNNVo1UXIycTJaUTljRjJhM0dKMXMwamxvMFdidUNsMXg4MVRLUzNfQUpPeG9hVU5Fekk3M1UxdTF6dndTWWZTLUdqRndHdjJ3UVZteVR4ZTRza1BhbTVvSEhESWdVYWV1dlFfbzFJRjNUbnRwd3BHVGc5bDdWUTdoLTJPS0NCZzlV?oc=5,MW,Vivant unit buys 200-MW Philippine wind project from Envision Renewables Now
2026-06-25 11:08,Energy firm acquires 200-MW wind project - SunStar Publishing Inc.,https://news.google.com/rss/articles/CBMiigFBVV95cUxQODViZ2loNnFQa1FLbG5EUnhRZTBNVmJRZl9OcjdKenpRYzU2QTJ5YWlqcElQVGM0VXpFekJHUHZTNW1qd0dlSGh6am83aXZXNW9pOFdsNWs5Tk5IVTlMRy12S0RPcHl6SW9pZlF2U1FVbEZHOWJqc0lHZjVrTVhUeS1jNFU3dUlUSkHSAYoBQVVfeXFMUDg1YmdpaDZxUGtRS2xuRFJ4UWUwTVZiUWZfTnI3Snp6UWM1NkEyeWFpanBJUFRjNFV6RXpCR1B2UzVtandHZUhoempvN2l2VzVvaThXbDVrOU5OSFU5TEctdktET3B5eklvaWZRdlNRVWxGRzlianNJR2Y1a01YVHktYzRVN3VJVEpB?oc=5,MW,Energy firm acquires 200-MW wind project SunStar Publishing Inc.
2026-06-24 18:16,Vivant acquires 200-MW Northern Samar wind park - Inquirer.net,https://news.google.com/rss/articles/CBMijAFBVV95cUxQWnlLYzh6VXUzRmI3T0RsUWxIUFVSXzFJVURoRVR6eEVGNnVDUDBZOUJmUWpEbW05aGF6VWFoUU5rQjV3RkZKalU4enZSektUTV96am5ONS1ROUZkYkV3bnJ3bVNIclJYbmoyWTFla0dORUN2cFN4bVZISkxoWVVMMmdRQ2s4XzZUUk5ZY9IBkgFBVV95cUxOWUVPT0xaOHoyVVVscnFYQ2piMHAyUGNoSDR2amplWXBSUlhsMXo5VWNNanRBLUc5YkNGMHFvd2JTNVd0TkxTVkxZTXMwWUpMMUFpdFdjbnNVQUQzZWFrdEJEZWhRTDJuS09vYjBFajJkbld6ZEtZNnlibVBGNi1aMWtJeWRpV1dwNUEwbjFZb3M0dw?oc=5,MW,Vivant acquires 200-MW Northern Samar wind park Inquirer.net
2026-06-25 07:21,Copenhagen Infrastructure Partners reaches financial close on 392 MW Pestera II wind farm in Romania - Windtech International,https://news.google.com/rss/articles/CBMi9AFBVV95cUxNYmpBOHBiUE9TYVpNTWVRSzFxRUs5WnMtb2d4dE5UNWk5VTA5dmRUaWNLb0U1UGJESEJJSmpIcHZnVy1uTFNoSy1SM3VSSWZzbmRDcHlsNFE2bVdldHB1NHhaTXU1aEpIVE5HbExyek9wTnhiUVdWODlNYndDR2hwVjZHcUhCLUoxWXRkdWw5WXVuMHBvbVY4YU03ejU4Y0FDdjE1X2FOUlplOUQ4MGRvUzJhcG0tUWRGUm1abVRzaml1dGFhcFNKSnNCZFl2TDdIQVRfUWFKcUZlR09jNFlEZmVtQ2h4X1N2dGVOTGtFcXFEMW9s?oc=5,MW,Copenhagen Infrastructure Partners reaches financial close on 392 MW Pestera II wind farm in Romania Windtech International
2026-06-25 10:00,CIP reaches financial close on Pestera II onshore wind farm - Energy Global,https://news.google.com/rss/articles/CBMipgFBVV95cUxNOFhzYWJTaXNKeDgyUzFZcDRXTmlUNGNiNllNSWhnU1lvSmZBSXVYeHE3c21iTXdXWVd3ekM5eC1sNzMwZENXdWx0MXdEYlNWV2M4c19EODR1RXlKRmJpVDZwT1QzaFNIaWluVXJuY1B2VWhEVVZwdE83clhvbVRWT1p0ekVtd2p6N0t5eHdROUZnTzVfOFJ6UDg0R3pEcXVlRjZpU3FB?oc=5,onshore,CIP reaches financial close on Pestera II onshore wind farm Energy Global
2026-06-25 08:33,CIP reaches financial close on Peștera 2 onshore wind project in Romania - Balkan Green Energy News,https://news.google.com/rss/articles/CBMiqwFBVV95cUxNeUxuRGJHU2VsX2RHakdQMTdwN05ZOUEyWDBaWXU3M2l5bzgybDdJQWQyaG5TYUtmREE4Y0RBUk1nRDRkLVVBOEV5b2drbGRzNTlPdTY1YWpUa2R6blozaGk5TWI3LUFudGhrVG94cHhIZ3pMYllHdTRyUWNDX1JIbm41Zk9QUWVaSFJ0Z1J6cHV2SzN4SUp2cXZxak5iT1JfLVJxTV82Nnh3alE?oc=5,onshore,CIP reaches financial close on Peștera 2 onshore wind project in Romania Balkan Green Energy News
2026-06-25 06:00,Copenhagen Infrastructure Partners reaches financial close on Pestera II onshore wind farm in Romania - The Globe and Mail,https://news.google.com/rss/articles/CBMilgJBVV95cUxPb3pBeFJJWGU0djJ4aENtbWs1OG91VG1tVktGZFFFSV9ma3psalUzTnZQakhYYmZHdlVkdmNZUzI1dWFCMjJZdGRfaDRpNkZUME0wTnhwOVg1X2VPd1Y3YW9HQlYzX2dtT0w0TTFWVnJ0Y205VnBsMHZ2ZkJBTkNpYmRMUF9sV1NrZW9QVGpiTy1MTXdOQy0xTXZxTW5BZ1E3MmMzU0VIbDdZS1RSTU1ubURjVkQ5bk03N1dhSEpDLVFuR3FuSzJCQVVaS1FBUTRmVWkxMUlKcVlKSFBqV0JodjRhM1pCeXY1RGVrNzVVOHhfZ1ZGRTRNUEtkNjN1clc2SE4tVEN3elU4TktwWVZxNTRhdHl5Zw?oc=5,onshore,Copenhagen Infrastructure Partners reaches financial close on Pestera II onshore wind farm in Romania The Globe and Mail
2026-06-24 19:43,Egypt signs MoU with China’s SANY for 4GW wind turbine and energy project - ZAWYA,https://news.google.com/rss/articles/CBMiwgFBVV95cUxPdnF4aDgyTkVaUTlmemlCMUJaXzUzbkpSTFNySGlFNVhMSXhWSko5TGlmWVZTd1Z2R1NZY2J5OXlFZEU0VzVhaTVsSVV3T3JPWG1jQVJMQnk0Y1prS1kzNlE2X1NySllrZmNXY3dEcmhPakJfaERMdTJuQmRBTW9JaGxzWWtoNFBaS1htNUdMX3hjNmZUU0dLYlA1NnBvWHpvZjlWanhDWEJ2aVpzdVRuSU9wWXZIeEU3UE01TGVQUlBuUQ?oc=5,turbine,Egypt signs MoU with China’s SANY for 4GW wind turbine and energy project ZAWYA
2026-06-25 08:11,"Suzlon bags wind turbine, EPC order for 400-MW project in Andhra Pradesh - Renewables Now",https://news.google.com/rss/articles/CBMisAFBVV95cUxPOGtseFRGMGlDX3J5MVV5dGV1eUZFVnRkSVJwZWNZRGZrRlBVaExxWXZsM2hmb3RvUGhPVVJRbEQ0cm55Q1VHMVZqWTNKdXRvdzhqOW9lbVVGZER1QUhxdVBfRGZYUm1uOER6Z0VyZHhWemhnSklqUk5EUFZVeE5TZktjOXhqTWdpeGI0WHBuMlJfWmJGdzBuX25MTktKdEIyb2RzTDNQdGRDNVJQbkZqYw?oc=5,"order, MW, turbine","Suzlon bags wind turbine, EPC order for 400-MW project in Andhra Pradesh Renewables Now"
2026-06-25 09:14,Suzlon bags 400MW Tata onshore deal - reNEWS,https://news.google.com/rss/articles/CBMiggFBVV95cUxOOXRnTTJ6YTR0YWRNdFNPSmZMLVRKQkRoX2xpRjlFUVRkdWsxU3doQW5idW5kQ3l1S3EzdmswM2NFbEVyM3Z4LWdPQThFWHZnaElneWdkck0wVVplMXR3OFZJUHIwVEZUbk5vVTEwbnpMSWt6N0NuZ2dMSk51N1AwMUJB?oc=5,onshore,Suzlon bags 400MW Tata onshore deal reNEWS
2026-06-25 05:46,Suzlon Energy Gets EPC Contract For 400 MW Wind Energy Project - TradingView,https://news.google.com/rss/articles/CBMizAFBVV95cUxQVXpOZ3RuNGJsZURmQjhKMEhTbHhLUHh1eEMzMldIUnpxZXVkNW1RQXhZM3ZydGw0RFFwQThVZzlHVG0wSHlYaDVsTjZuaE9QZmJabU1BaWZNVVUxc0pJTGpuZ0hDRTkwWHNGR05yLXUyMFFtMW1tVXI1VzdteGNkVDEwMloyWHRfWUtmV0VvZTVPV09md1IwV0xWOTFDbWVEdnZDblJxdXFoOS00Ylh6c0ZzUzFQaUhpZElvd2lNZlY4WW9kYUNVZ082ckU?oc=5,"MW, contract",Suzlon Energy Gets EPC Contract For 400 MW Wind Energy Project TradingView
2026-06-25 10:27,"Suzlon Secures 400 MW EPC Wind Project from Tata Power, Crosses 1 GW Partnership Milestone - WindInsider",https://news.google.com/rss/articles/CBMiwwFBVV95cUxQMzQwc3ByWmd0dzhCeFZVcll0YWd6S1VTRmpNSHJJWi10NVJFdmhIWV93ajFuVGNLZW05c1VmZGkzS3hoeElDRGtIRmVNNWFiR1Z0VkpKakRvY3JmejlCd0RDTUVaOWVPNm1TV1BvbkRydVBLVXdMMHR6MTBRNm5NUGhmQjhvVEVoLVRjM2J2ekJvQjRGNV9wWVRiSUJMOXZIWEVabElZVFFhb25sbGoyRy1kZFV5MUVLT1RiOTVSS200VXPSAcgBQVVfeXFMT0ZlLW1IMHpmaU16N3g4VWpoNVREQW84bHhORVc5U1BXelBYaDhJZE1aeGZrQ0RWWEZfeFFoTGhha0E0MVlsSVJWb2NqSlVJTXBmVl9Pbi1JOXNoM08xOExWbkF3S3VXU3ZkM2N1bDFZREg4S2p3QzFxSmxZREprblM1R1FFZUduckNweTJjM1kxckpWRFNkel96N0lMczBxRUdXakF0SUVzV3hDUFJ5NU41ZkN0cXVlcU5nZnJmM004Z1VvZ2RUQm8?oc=5,"MW, GW, partnership","Suzlon Secures 400 MW EPC Wind Project from Tata Power, Crosses 1 GW Partnership Milestone WindInsider"
2026-06-25 09:47,Suzlon Bags 400 MW Wind Energy Order From Tata Power Renewable Energy For Andhra Pradesh Project - Swarajyamag,https://news.google.com/rss/articles/CBMi4AFBVV95cUxQWlNYVnM0UENDWWMtM09TbUlVNE11TG1wUi1sbjZ6Y1o4ZWwxRFRyUTFXbUViWGdpdXI1RzRqME5yMTNhb1RlcTlzSjNaQTE1N21CRVBfRV8xaVdjcXZKU2ItX2g2R2EyM1pjeE1Iem5DTXItTkVqWEpYMkNTWmF2TmlxRVk3V3RBN19lTlZEMnRDUmRhWGZoYzFMYVVqZmgzLTNndDFPZ2Z6R1NONklaTTg4MG9hQ3hORmtOYmtaZnVBZXBKX0h6aTc5aUxyNWtUUENZNENfc1lNTDlqa0JxTtIB4AFBVV95cUxQWlNYVnM0UENDWWMtM09TbUlVNE11TG1wUi1sbjZ6Y1o4ZWwxRFRyUTFXbUViWGdpdXI1RzRqME5yMTNhb1RlcTlzSjNaQTE1N21CRVBfRV8xaVdjcXZKU2ItX2g2R2EyM1pjeE1Iem5DTXItTkVqWEpYMkNTWmF2TmlxRVk3V3RBN19lTlZEMnRDUmRhWGZoYzFMYVVqZmgzLTNndDFPZ2Z6R1NONklaTTg4MG9hQ3hORmtOYmtaZnVBZXBKX0h6aTc5aUxyNWtUUENZNENfc1lNTDlqa0JxTg?oc=5,"order, MW",Suzlon Bags 400 MW Wind Energy Order From Tata Power Renewable Energy For Andhra Pradesh Project Swarajyamag
2026-06-25 07:21,Suzlon bags 400 MW wind EPC order from Tata Power Renewable - ET EnergyWorld,https://news.google.com/rss/articles/CBMi1wFBVV95cUxPRnlSY1dlMkZaZU5aLUl0THN2WGZJZWtQejFLb1NtdjJHb1BaaFVPdF9jU0lNR2YtUkM0aTQwaXZ4NzlVblhXbGtqNUJ5VVplOEIwOV9CQkJEZm03X2k0OGxXMmdhMm9aUnF2V1Z2cTBOWnYwNTVKVmxzQ2RreG03V2Z4WU4zU0FHSmxveENXczZ4VDBVRVpIUklzSFFUNzl4RG9NY1VwQjRMdUlhdHNHSDByNGdGYkxaOHE5RHBMNjE5TnZDOXBqT3R2OG5nUmR0dTJaaEhHONIB3AFBVV95cUxNcXZlOFRnaGlaak12aHF3OFdLaDE3N0o4QzJXMUFTbjJJQVdMdlFwV05qN1BFQzJCRGJkUmpQaHVKVFY1bVV2QVdhWktscmhlSnM5UVg2UjhMdkNvZ1JsWmxNZEhLNUtiWGZuaURYR3l3Tl9TQzhjOVJGdzBxYXdpWlVvNmFTQlZHQU13bW4tc3pjS3lGWndtTDRER05sSVp4eW1GajdaYlMyNzNORlVPMHk4VW02elp4MUZiallqUDRaeTNZM0E1VnN5LUxjbUZtdHBocnNhSm1LdVpv?oc=5,"order, MW",Suzlon bags 400 MW wind EPC order from Tata Power Renewable ET EnergyWorld
2026-06-25 08:06,Suzlon Crosses 1 GW Partnership With Tata Power Following DevCo Led 400 MW Wind EPC Order - Saur Energy,https://news.google.com/rss/articles/CBMi2wFBVV95cUxQM1FtSzJ6X3NRaTZiaklwV1R1YXk5c19CdmhWeUNjVnRfZ3QzZlFZWmZDajRkaGJIZGJKUUlRYWQ1VHBnSEhYSVNjTDVwVGItR2xXd2tTWGtEcDhkY1ZQcXNxZ3pSUld1YktjSDBERG5CTVpPRHQ0aUo4VHY0ZUNJY0EtUXp2V2xwaFBvRXQ2ajVVOTlRRmZ4dTdLQ25iTjBBMVpOSmtVeUwySFlWdTdDM1dRSndXZWdZOW0yeUI5c0xlRFpkZmFaY29icjVjMDF1T1FyZU43SnNZYXM?oc=5,"order, MW, GW, partnership",Suzlon Crosses 1 GW Partnership With Tata Power Following DevCo Led 400 MW Wind EPC Order Saur Energy
2026-06-25 06:41,Suzlon Wins 400 MW EPC Wind Energy Contract from Tata Power Renewable Energy - Energetica India Magazine,https://news.google.com/rss/articles/CBMitAFBVV95cUxOTW1pc1RQZUIwTS1UcnlaakVNWVhyZDA2Ulk2QWNtek9hR29aTm5NYXpjdWlEYlVwR1JvU0RwUlZTRlppOGNsOHFtbms2bXJZRkI2ajJXcnZNRnJndGhpRXRXQ0tPQUV1VzIza1ctZFZfUXVvQVdONG5WYUtpM0M4N1VkNzZKZld0eGdfbzhsV1R2TDNldmtQZlF5dHVpLUFIX2lBemZMQWszbU9GaGl5NUQtS3M?oc=5,"MW, contract",Suzlon Wins 400 MW EPC Wind Energy Contract from Tata Power Renewable Energy Energetica India Magazine
2026-06-25 08:47,"Suzlon wins 400 MW Tata Power order, crosses 1 GW partnership milestone - domain-b.com",https://news.google.com/rss/articles/CBMinAFBVV95cUxNUzc2MXRGNTR5cnNMRG1ENlVkUXpHQkNUM1hMektvSDZqOVlJSTM5Q1VmUFJDRDRPTjhSN1U5S01DamNDSVo0YzlNblRYeW5wY05WSF9NZmpXVG9iYkExVTZ1OW5XbFZxV2V2Vm5sQWt6TU1tMndlb2lwa3ZlWUtTMzNUdHhmQjRka0tnMDVLeUxhY3paTkVjeUd4OFjSAZwBQVVfeXFMTVM3NjF0RjU0eXJzTERtRDZVZFF6R0JDVDNYTHpLb0g2ajlZSUkzOUNVZlBSQ0Q0T044UjdVOUtNQ2pjQ0laNGM5TW5UWHlucGNOVkhfTWZqV1RvYmJBMVU2dTluV2xWcVdldlZubEFrek1NbTJ3ZW9pcGt2ZVlLUzMzVHR4ZkI0ZGtLZzA1S3lMYWN6Wk5FY3lHeDhY?oc=5,"order, MW, GW, partnership","Suzlon wins 400 MW Tata Power order, crosses 1 GW partnership milestone domain-b.com"
2026-06-25 07:34,Suzlon wins 400-MW wind energy order from Tata Power subsidiary - T&D India,https://news.google.com/rss/articles/CBMikwFBVV95cUxNQXFaQWs5TFlPbm13dEpid2VraU0zM0gxTXNkMFVYd0RrZTVlODZfQVF6RU1hLV9OdElha1JvMHF4cDI4VXk0U3NqOGI1YkN1dXYtQUpoQ2pXUHB5WldTMXhaeTNIbWNPVHFlZ2dCR0IwYXExOUttQ1llZ3lLRXBHV1MzYTg0T3ZGNFZ6UUdwNGM0SFHSAZgBQVVfeXFMUHViNTNqeWRla1VYSUd3UDdJMUVWc255Q0cteDhPME1iUldaZEhuV0VESzJ1MHFaemtoOEhJenh2S095VzdNZVE4SXRkLXRraEhBdkcwN09qSEFZWEc5d1AxNERtdHctcEFhR2tXTEtfVUU4a2laU3BPWmNya3AtLTlzQzEwVUYwX2MxY3cza3hxMzlJX2RwT1M?oc=5,"order, MW",Suzlon wins 400-MW wind energy order from Tata Power subsidiary T&D India
2026-06-25 12:53,Suzlon hits 1 GW partnership mark with Tata Power - Manufacturing Today India,https://news.google.com/rss/articles/CBMid0FVX3lxTE5WWE9Na2dTMEhRZG5TN3J0aUtWOXl5bWh3ZEpuQmo1Q1J0cWFELTlXamUwOENienZPaXJFTEpzbkEwWWhqLW15aFlqX3dlUXVnUnZVMEcyXzhNbVpuVjN5WEZQdXZqM25PRTctcEZvMlJfcTM3ajZJ?oc=5,"GW, partnership",Suzlon hits 1 GW partnership mark with Tata Power Manufacturing Today India
2026-06-25 12:18,Suzlon Energy Bags 400 MW Wind EPC Order in Andhra Pradesh - Mercomindia.com,https://news.google.com/rss/articles/CBMijwFBVV95cUxQV3BDTHl5Y0dBUkIyQW44a2VTd2tPMlVyTmVSY1RpZ1JteUJpTFd3RFJjM1Jsc25weVZvSTIwYkZUZURzLXh2Y1hNNVFvcW1tZzBTTWdYTzBfYlhOUHRsWmJWb1Vnby14cDRGdVAtNlJvZ3p6NWFWeU9FZ1B2VnhzTC00X2VzWWNCalh6eHp4TQ?oc=5,"order, MW",Suzlon Energy Bags 400 MW Wind EPC Order in Andhra Pradesh Mercomindia.com
2026-06-25 07:32,Suzlon bags 400 MW wind energy project order from Tata Power in Andhra Pradesh - BusinessLine,https://news.google.com/rss/articles/CBMi3gFBVV95cUxPdjdDdWt0a0NiUVotT1YwT1g1eG1rb3F5WjdkaFhMZG1uOWtkTHBaUGxBdjVvWkhwa0M0ZU56MjhuQ0RjYU1QQ0taMWhpZkxMMENtSW9qdEhJQzVreHJReWhXZ0ZlZ3hXUHZCeUVPV3VxeWpsdG1hak1iQkFocHFlVXlqWWJJN2hzMGFkOS1Gd2tFWTdLcXRCZjlac005Y0NXQmxUR2FlVEtlSjNucDlGZncwd2IxSnV4Y3JzbFF5ZGI4c09BNDRtQVpvT0hRTzVCbEhlWG9aVnJES0R6SlHSAeQBQVVfeXFMTXZXMUh4VDQtOUx5cVV6UkVuR0dpQXFLYjRlekpfSEtsaWFPM3dVRmVwaGFueEUzRWIxMF96SDkyZWttM0tKeWJCT0Q5Q2xvTW5Mell6TGZEUUU5bXNock9jajdJbFNrWHE5OWZXUW9TNXZuQmNLekRKN2R5Y3dMblFkNDFDWWZLY0Z5bHNrU0ZFQ2dKYVhJTWpUY0VyeXpvTkNUWGJIU2hfRGdXaXJLTmhWOEZnM2M4aDd3cXgtNDBWLTZIbkVXeWdlVHZ3UWt0MndXWjNVeVY2OGk1Z01GTnZ5N3dJ?oc=5,"order, MW",Suzlon bags 400 MW wind energy project order from Tata Power in Andhra Pradesh BusinessLine
2026-06-25 06:49,Suzlon Energy secures 400 MW wind energy EPC order from Tata Power Renewable Energy - Upstox,https://news.google.com/rss/articles/CBMi2gFBVV95cUxNOWM0b2NRU2xvY3BUY1l2bUljMWNWN1M1WU5yTjI1bEROVEtST0VQY1l4bFBfMU5YWl9SdnhTOFFLMWstQVBWM3BTMmdnb29LaDVvaVZFRTdmWGkzSXFHNl8xOFRqYkhqU0h1bElDOVlQSU9xSHZSUHBBdGRSeVdfSWlZTk1FNGxOaFgtZGl5MEcweHhQcWttYXhvXzVDdjZESFZtV2pISTUyTkpGUWJyRW1OR2lJSkNEN0I3Q2VsejFYdHpvZzZXNDNDNUlfdHREcXlLQWQwdWtnUQ?oc=5,"order, MW",Suzlon Energy secures 400 MW wind energy EPC order from Tata Power Renewable Energy Upstox
2026-06-25 10:22,Suzlon Bags 400 MW Wind EPC Order From Tata Power Renewable - BW Businessworld,https://news.google.com/rss/articles/CBMipgFBVV95cUxQVi1jNmgwU3hESE5zbTZXZEtSVWRUQktPeDBCMlo1M2NoNnZKbTg4ZVNyejVjYUVrT1dmRlBQd25jQncyYXRRLThycjZHWmxtaWVQMFpkSFFTMkZhUWZFWnpLNGlDZW51NkRLTVhCOUlhd2JPcFV3dS0xMnNndEg3aWxnQ19KbXhNSkVURjhTdkp0NFRJZUhCRXVuZ1kwQlRfY0JCR3JB?oc=5,"order, MW",Suzlon Bags 400 MW Wind EPC Order From Tata Power Renewable BW Businessworld
2026-06-25 06:40,Suzlon Bags 400 MW Tata Power Order; Partnership Crosses 1 GW - HDFC Sky,https://news.google.com/rss/articles/CBMijgFBVV95cUxPaFhLVnRMM28xQ1dyMVJsaGp4SGRKeUFGRnM0eXJKcHR6WEFHa2xEQ3lLNW15OVBLMmFFa2NHdGNKVUhtTzJkS2VBeUV1ZjhQc0ZkOHR0dnB0bVNlZWdGMGgzelJRa0hOZVFLU1BCSF9WWldPMGg0dktWc0ZIYUZ6bjJWcHR0aGppQ19KQTRB?oc=5,"order, MW, GW, partnership",Suzlon Bags 400 MW Tata Power Order; Partnership Crosses 1 GW HDFC Sky
2026-06-25 07:01,Suzlon secures 400 MW wins energy project in Andhra Pradesh - Business Standard,https://news.google.com/rss/articles/CBMi3gFBVV95cUxQeVlqRElDZWJ6X0taeldJbTZ4ekdHSnAtQkNPMHo2b21GMTJ2R2ZOTGEzVFJHckV4R2RWZFR6dUlIMEQ4YWJLNTFISFp6STdrcmM3TE9VYzFCS1JBUjVMTFRjSG5UTUdXU0ZkMzdOcnlDTHhlNHhhbmMyMUk5LTRqSVZkYThfMkJSUFZ6TllmcU4taTUzcm1Ocm93OE5MRTB2anBjVE5nWmpJMWllRXJwdDJDZks4OXhhZlhIV201UFVIRnlaRzNHYzVtaVhqOTlrc3NhX21URHBsQVJmNGfSAd4BQVVfeXFMUHlZakRJQ2Viel9LWnpXSW02eHpHR0pwLUJDTzB6Nm9tRjEydkdmTkxhM1RSR3JFeEdkVmRUenVJSDBEOGFiSzUxSEhaekk3a3JjN0xPVWMxQktSQVI1TExUY0huVE1HV1NGZDM3TnJ5Q0x4ZTR4YW5jMjFJOS00aklWZGE4XzJCUlBWek5ZZnFOLWk1M3JtTnJvdzhOTEUwdmpwY1ROZ1pqSTFpZUVycHQyQ2ZLODl4YWZYSFdtNVBVSEZ5WkczR2M1bWlYajk5a3NzYV9tVERwbEFSZjRn?oc=5,MW,Suzlon secures 400 MW wins energy project in Andhra Pradesh Business Standard
2026-06-25 09:21,"Suzlon Energy secures 400 MW order from Tata Power, crosses 1 GW partnership milestone - ProjectsMonitor",https://news.google.com/rss/articles/CBMiyAFBVV95cUxOejllV2lsM1JxRnRUS2t1UTU1X2EycDNsc2ZEWFZaMEktWVlSc2FzWXFZRFlrM1FlUGotNFBlUDZicF92Z3Y2cVQ2TkZaa0p1LVhQMnlsR21rdUQ2TDJsRWNaXzNqTmpzdDVFcDY2dDM1VVlyeFdqdS1iNTNIb2w1M2ZLS2FLX0hUWTEzWXkxOFVIQlF6M3hLaE5Qa0djLVZOX0p0UlFoUi1HcmM0RVpfWF8wLWFneUVPTEdMeXNpRERLYWx3YktGMQ?oc=5,"order, MW, GW, partnership","Suzlon Energy secures 400 MW order from Tata Power, crosses 1 GW partnership milestone ProjectsMonitor"
2026-06-25 06:00,Suzlon Energy wins 400 MW EPC order from Tata Power - scanx.trade,https://news.google.com/rss/articles/CBMi6gFBVV95cUxOYzF3OFAxY1ZLc05HMVlhLWVHUzVIYnZob0FwZWhfY2lUeFp2cVpvaE5DZTRWNWR0UjBOTFZlNFNaOTJqNUJYY1pncWtyaTVjSlF0VlB4c2RCZ3FaYjVGY2JibnhzTmh6cDFFUXRGNkVkU19UU3VNNWtiY2NOYi1DWE52T2dMOWlLWlV3Qk13T21QdFdYQTJsTEY1a25oeGdZSVIya09WMFZwenhYbFRGd05KTXB3akdmMUpoQWxKQnFWdmc1MldfdzZYY0t2YkU5Sy1TdDEtOEM5cFd0a3RfcnNqS3BfazVzUEE?oc=5,"order, MW",Suzlon Energy wins 400 MW EPC order from Tata Power scanx.trade
2026-06-25 08:52,Suzlon crosses 1 GW in cumulative orders with Tata Power after new 400 MW EPC contract - The Economic Times,https://news.google.com/rss/articles/CBMi8gFBVV95cUxNZDRncUp5d2x3Rm4xeGIxY1dSZ2V4bm9ITWNMRzc3QmV4ZTh1T2c4QlI0SXE5a0VGdGpYQXllNGJZLUFSZF9GNWViakVCMEVhYUdhRmlPdEtaZ280TnhfTHF5ODRRMERVWXFScmI2SmotTE81VzI2V3pUWURoWEFvQkQzZkRSM0xUbGJ5UjhyeXQzeW1WdVpqeFN4LV9aYThEM3Y2bVhmZHFmdkt1em5wbDB6c1ZfS1JPdFlsUnFhYndGeXJoNEtHMHRDM3Jud1J3V0xpWkIweGROT2NOak5sRHZJZ2haTVhzMXQxZ0ZYaFpYUdIB9wFBVV95cUxQcTNNTk1iYjQ1czlESjNSMzl3YmVqZXZrQkVLWGppZGhOZkNsVmZrNHpScUIwZS1tZlZYUTROdDU2eTd1VFVsUUVhRFg3UWlOWjlxLVFIbGNxemstU1N5WDNtYmZRM3lQN3FQOC01ZE5SY0JlTEZqWEhjSzhCMngyNmZZdnI3UmlEUm5WNlpHSDlTcGlWQWRhTEtJeTdTT3VOVDVXSC1aNkh3VUo3cGZaTldlTlQtR3k0Z1lINHM1dHBZR09Bd05RWEsyNDJwdTVmb1FZaUZvVmJ1NnlCOENZMDlUcm9yeng3TS1yQ3RHOHZzZktLcnRR?oc=5,"orders, MW, GW, contract",Suzlon crosses 1 GW in cumulative orders with Tata Power after new 400 MW EPC contract The Economic Times
2026-06-25 06:29,"Suzlon Energy secures 400 MW order from Tata Power, crosses 1 GW partnership milestone - CNBC TV18",https://news.google.com/rss/articles/CBMiywFBVV95cUxPZjB6WUxNNFNFVTdzb2dZeUgwcG5zQm5BRmY3c2Zfa09wU20zWlhYSjVFQngwRkNSdmcyWk9ZY0hQSGI0eGh1VG4tc2R2MkVMS0tFVFA4ai1vekJreExzRnF1QUNiWjJ6QktOOWFvM3BpemVuaWlaNy1NR0NybndiUi1zVlA4VS0xQzVUNUlaMmZaOTc0YWtxNG1BRVlFWDJvQW1ZellSWUc4cmJlcmFZc0w4RUpiWUl1dkFvaUFqcG1OQ1RIVDZDdE5zY9IB0AFBVV95cUxPMnMzZVdDWmJoNmxUOWZMY0Qzd1JvNzdiSDc0WnNUam9UM0owMGYxYlZJWExLT09jaDBvVXllNFBiQXdpLWhFMGN0a2pOc0NURDA2Wnh4ekxENVd0YWtPSkJ0cnVla3VINGNRSTdENktCMEFiSjFUSzVqTEVzRVlQcExVOEJRZFo3V2dDRmdZWHJwYnNXMTk3VURhTDNvYWpsLTVrRzBGVElqSVN0WUhEd1BrWGFPaFMzaHNsVHhHMzF0aWxrMVBNdUl6YWJscFY5?oc=5,"order, MW, GW, partnership","Suzlon Energy secures 400 MW order from Tata Power, crosses 1 GW partnership milestone CNBC TV18"
2026-06-24 21:11,Uttar Pradesh to buy power from NHPC’s 260 MW Dulhasti hydro project in J&K - Power Peak Digest,https://news.google.com/rss/articles/CBMifkFVX3lxTFA5X3RET0E4eGN4VjZrV25BcTlpOWFrOWRfTDdxNjZJQ2p5Sjl6d1FtY3dydjZNaWxFQ3RLOTFrS3B0OUg5bklLcUN2a292MmVOMWwtV18tNGhfcTdLSXg2UE1xczd6WEE0bTRzMEFzTElPa0M3SVNLamtlYlplQQ?oc=5,MW,Uttar Pradesh to buy power from NHPC’s 260 MW Dulhasti hydro project in J&K Power Peak Digest
2026-06-25 08:09,Suzlon wins 400 MW wind energy project from Tata Power Renewable Energy - financialexpress.com,https://news.google.com/rss/articles/CBMiywFBVV95cUxPUWZvNW9UVmluZUpsN0FKUlhCS0VwajVzdkM4ek5yS2RRYXFuQ0VJbVlnU0NmV0t2enpaQXc1Z01GTXZrSlc4MloyZldkZ0FNXzBYRy03ZkZ1MGhqaWVkOUZDQTAycVBVRWl5c3E3N1hJd29ySVVvYlNOeVFONmQ4Q3llMHJnTFk1T2pjRk9CREZBN0FYRmZ6a0hGRTZvMjBmZTJ6MkdXLWtvU3hRTkI4STNURjQ3Um81ZlpTTlVBQThJVktYU0lvTll3b9IB0gFBVV95cUxPbkZlQWIzTjlyTDU4TXNGWGNFM3kxRV9Wajk4d1piZnRiTlktdGZQZHFTckthTDF1VHVHaXh0NVktLTFWMlJpZjdkNmtPS1lRX202dW5uX3BjXzR6eXpwaVNIV0dDaGU2UTZEb0hUbi14cmJVTG8tc0RDNlhIVUdVVWpac3QzNVljSHlxUGptWk9wa2lQcVItM3UwOHBPeXFnMF9zZldGYm1oOWpRRjBJNG04RFhIT3RnaE5pMko1eFRjS1V3dVJLVWtrTGwtS0s4RVE?oc=5,MW,Suzlon wins 400 MW wind energy project from Tata Power Renewable Energy financialexpress.com
2026-06-25 07:43,Suzlon Energy Wins 400 MW Wind Order From Tata Power - Whalesbook,https://news.google.com/rss/articles/CBMiwgFBVV95cUxPMGllaXBraU5NbWc0OEN2UW1pSmhnVzVMZXlSNXRKTFY3M0Q3T3liYi1kZnU0WkFTcEZGOGM1bFA4d3VVazFMaUs5SzZ6c3VRd2NIMkxWajJfRWR1ZDR2UlNuUkNQbkI3dXpQeVBLZWVVaGRDRlRVTG5hOVpVdnJQUy1GSm1Nbmw0X0ZKUzhGUkJkRnROYkFvaVA3UVZSTVdWOGE3YXZsalhPMXM4amg4OWxmQ1lwQXdZSktsal9DZVpuQQ?oc=5,"order, MW",Suzlon Energy Wins 400 MW Wind Order From Tata Power Whalesbook
2026-06-25 07:12,"Suzlon Bags 400 MW Tata Order, Tops 1 GW Partnership - Free Press Journal",https://news.google.com/rss/articles/CBMilwFBVV95cUxOZXNfdDBZWWVtOFI5WFhQcnQtMGZkU2NrN2x1Uk1nTi14a2hoeFMwbXRtYjBGTTNSWm5lWjZISXZMZlZsa1VXdF9DbGtNWnZORU4tYjBGMGs5ckFSRHBWbW5PUDY1YTlHS1NVRnYxMGtMNXN2VUFFRlFudWhMUnFiX2FpZU93VlpYRmlNZlpzTGZvZ3poaDNj0gGcAUFVX3lxTE9CU3JkWjVpSk94ZWI2NkFyLTc4VUJ5QkRlcS1sc1ZtaGdmczBfWUlkV3B0ZGJsUk5zTWdoM1BSU3RNbEZOSHdfV0NHV1JQN3NyeWRXTHBYMWh5LUJYUWRUZHNWNkRpYkl6ZWFrUEotNWhrVEY1eFo1b2xqUUx6b1kzYXQ0djhIcmEtTVZRT25YTXV2Qk9VZnlqQUkxeg?oc=5,"order, MW, GW, partnership","Suzlon Bags 400 MW Tata Order, Tops 1 GW Partnership Free Press Journal"
2026-06-25 08:00,Suzlon crosses 1 GW partnership with Tata Power following a new 400 MW DevCo-led EPC order; check stock reaction - MSN,https://news.google.com/rss/articles/CBMinAJBVV95cUxPS3F6LUtKUDVNb2ZuOFNpTU1WeV83OE84dzZmWTRpOWI5VDktXzl3Nk01RWtXckF1My1jZGlxSVcydjcwZzJFYndudWRXQ004M0plSkFBM3dMY0pBcnUwTEFJUWJHZ3pNRVRQdnRFaW9JOGNLc2dSRmlrQ1RaejB5cGgtS2hEaXFPOElscnVVMkl3WWh1bWtybWNBV25FdllnYU9HOVNJbHRwZldjdlZNczEzUDFoU19PZWR0UGJqM25DNW53VU5welkzeS1CNUp6dGk5TmlMaE5zOHVGUWxrLXNCdlpPLWVGTnlucmdOMUxkNWVoS0NiT2NxVFdlREM4aEhVQnN5bWxxdEgxTGlyYWxsTlVCT0M4SHc2cg?oc=5,"order, MW, GW, partnership",Suzlon crosses 1 GW partnership with Tata Power following a new 400 MW DevCo-led EPC order; check stock reaction MSN
2026-06-25 05:53,Suzlon Crosses 1 GW Partnership with Tata Power After Securing 400 MW EPC Wind Energy Order - PSU Connect,https://news.google.com/rss/articles/CBMi0AFBVV95cUxNS3RGVnhOSmQxR3JOejFqZ2JkSG1NZ2YzX0N1TXdfbDdrdk1HSEVSVW9xREI4Q3ZLNk1WOVpQNXpNeThWOWpGcEs3ajVaTlRFa3pNX2JjZnlFTnNoSE0wME9WM3ZLeFc2cy1Fa2JOQmhKNDM3ZE82UEM4SVV3SGlWVlF1SFdWTFgwNy1rVG1ySVNScW1uZjdGR1lLd29UcDd4eHdPNkRzVURRYW5kNkIzLTJKR3VTeG1JcC0tM05LX3RwT2tXajUyLTNYcWNrQTVB?oc=5,"order, MW, GW, partnership",Suzlon Crosses 1 GW Partnership with Tata Power After Securing 400 MW EPC Wind Energy Order PSU Connect
2026-06-25 07:11,"Suzlon share price: Energy stock in focus after new order from Tata Power; check target price, outlook, orderbook details - ET Now",https://news.google.com/rss/articles/CBMi6wFBVV95cUxPNklyUk9MWThWOFNrdURFZ3Z2OThKZ1JyeG5FbnRzSWh5b1V3eTZQNlJKdUt0NVppM3BjM1ZTX2VDWVdXQzN4RjBKbTZzMkFfczg2S1pxX1RWc3BxTjRkUURERlg2Z1ZTb2U4MXBmMVZzYk9wM3Nta0R4MkdONm9SSmw1Sl9iTklTUHdLT21RZy1rR2FlWVdCbDc3b3MwUmphZGZPVlE0bFlXWDdWMHBDUVlLNU01R0VDZ1Qtak82X0lTVDhUS1pyZTBxS2dHNHNfczg1S09vRE1fcEE1NjJ0dnJFcDlfM25KaXJ30gHrAUFVX3lxTE82SXJST0xZOFY4U2t1REVndnY5OEpnUnJ4bkVudHNJaHlvVXd5NlA2Ukp1S3Q1WmkzcGMzVlNfZUNZV1dDM3hGMEptNnMyQV9zODZLWnFfVFZzcHFONGRRRERGWDZnVlNvZTgxcGYxVnNiT3Azc21rRHgyR042b1JKbDVKX2JOSVNQd0tPbVFnLWtHYWVZV0JsNzdvczBSamFkZk9WUTRsWVdYN1YwcENRWUs1TTVHRUNnVC1qTzZfSVNUOFRLWnJlMHFLZ0c0c19zODVLT29ETV9wQTU2MnR2ckVwOV8zbkppcnc?oc=5,order,"Suzlon share price: Energy stock in focus after new order from Tata Power; check target price, outlook, orderbook details ET Now"
2026-06-25 08:55,Green Energy Stock Jumps After Securing 400 MW Project from Tata Group Company - Trade Brains,https://news.google.com/rss/articles/CBMipAFBVV95cUxNSkRib3UxdElFR3hOY1Viem9sd05yUkl0eVpaNElwa1p0U2pIbjc3V0xfb29CeHV5cDBFMXFYUm50cWdCWnk0MTJTSVY2eXRsOWo1Mng3VEx5UjUyTUpJeUl5aVBJVDYyQVFDMkgyZXU1c3BROHRkSG80RUNycTZObkVXTGdrc2JQcEd3NHNtVFFmT3FIWWo1QU8tcWdZR094X015aA?oc=5,MW,Green Energy Stock Jumps After Securing 400 MW Project from Tata Group Company Trade Brains
2026-06-25 06:45,Suzlon 400 MW Order from Tata Power Takes Partnership Past 1 GW - Business Outreach Magazine,https://news.google.com/rss/articles/CBMihgFBVV95cUxONURLLWlWVE9ESS1ybEhtMkJWTHRNaURfbXI2OGlSeG9nOVZDdmpnUGU3bjh4eWxyb29NOFZxWW9YSm5SXzNfQ1hsZjdlaGxIVXE4eFRHTzV3bW92T0RqQmRNWFUzamdDeE9NSUtzbVlVb050ZXUyOUNMdWI5bDhVY0gtRGJMdw?oc=5,"order, MW, GW, partnership",Suzlon 400 MW Order from Tata Power Takes Partnership Past 1 GW Business Outreach Magazine
2026-06-25 05:43,"Suzlon secures 400 MW EPC order from Tata Power, crossing 1 GW partnership - Business Upturn",https://news.google.com/rss/articles/CBMitAFBVV95cUxNOEVzbDYwRE1WMDBCVlRtenhITFJqN09CT3FhU3R6Y2h2SHRKUUJhNkhMc2p5NHoyMThUS3JZekZNeGtVai1nRGxTa1FtTkp1MGw0a3RQbDJ5bkxTOW1YZDVhMVVlTXliemVaZnRGM3ZEWW1uMXVwdjgyU2oyWERGQlE5YjZJS01IcXZhampsOFN5MkZCN1J3NEhxMHM0SWJNUW5SZ21iMHN5VTZkelhJTUJLdWY?oc=5,"order, MW, GW, partnership","Suzlon secures 400 MW EPC order from Tata Power, crossing 1 GW partnership Business Upturn"
2026-06-25 05:30,"Lead analyst on Norway's offshore wind: ""Hopes for a rapid industrial boom are shifting to other nations"" - EnergyWatch",https://news.google.com/rss/articles/CBMia0FVX3lxTE5xOVExbmIwemNlclp4ZVZob3ZDTkItOFNWQWNxbTE3OUlORjVHaG5jQVRhVldqQUVkWkU2S0lxYmVIWXFtTXBsTS1MQmZxdHc2a3VlLWl3YkZfTUgtOXhEREJ4d1JZMU5KMlFF?oc=5,offshore,"Lead analyst on Norway's offshore wind: ""Hopes for a rapid industrial boom are shifting to other nations"" EnergyWatch"
2026-06-25 13:04,"RWE opens new offshore wind control centre in East Frisia, Germany - Windtech International",https://news.google.com/rss/articles/CBMiuAFBVV95cUxNWHN1NmFDaWd4XzlVUHpjZHpYLU1TVTJwRFFPYzBJRTZZc2dsWVNrenJnRG81a3RnNmtpVURveGctM05DTVJPTWxDdmxrLVBEVTRnTHlINHBVV0dRQ3NrZkwxLWhxamhZSmZTZ1JudnpobThfS2d4Yk5SVnR1TlBoaHJyaXc4ZVVqT0NNSEMyRV80ODNzZWZhWUxIN19SSWtjNmZXTm43WGFSekdiN2ZYN3lpMXBHY1NQ?oc=5,offshore,"RWE opens new offshore wind control centre in East Frisia, Germany Windtech International"
2026-06-25 14:08,RWE Opens New Offshore Wind Control Centre in Germany - offshoreWIND.biz,https://news.google.com/rss/articles/CBMimgFBVV95cUxQalAyUVRhdWFvOXQ5ckJfWUExbHhaalpieE5qaTIyVmtZUjhJbkk3LTAxcC1MZWRoRVZUZHF2RWlUeTVCTDEyWDljRGNtbFBKdE5DbHoyVUYtY29CM1diNFlrZzNEZFJYX3lxczZ4UHpQSi1idGdoMGxEV2VYTDFzMDdPZ1NWWERJU3FWaUFHcE5zMFV4M2J2MHhR?oc=5,offshore,RWE Opens New Offshore Wind Control Centre in Germany offshoreWIND.biz
2026-06-25 12:37,RWE opens offshore wind control centre - reNEWS,https://news.google.com/rss/articles/CBMiggFBVV95cUxQdTYxMW5EVzJ2bjFOb1d5WkVSQzlZTllNaGxhSUo5WjRnMG1tQnlXWFVzYi1OWXBscUF2TjVMZmVYcktnMHZSUzdPZHp1bU9QQlhDUU9MY0pQR3hJVG5ZWEM5WlBaSlBTQ1p0cGYwcGtyQXBHbU9kN0o4ZGVnTFFvWFVn?oc=5,offshore,RWE opens offshore wind control centre reNEWS
2026-06-26 12:00,Vestas unveils 869 MW of orders for undisclosed US projects - Renewables Now,https://news.google.com/rss/articles/CBMioAFBVV95cUxNdm9TT2ozS2Z4UXh4M0JuTU1fbmlZbEhvXzhVUTE2WHpuTXY5TTdFZG5sUlpIZWVQaXNldDBUMkRic0JEc1NUYWRYcUQtc0dkWVYzRXh1OEVHQ3NhYTRoZU82MnpQZ1BOdlNrMmdxMzNHUXVYMTI2NlpPckthVEpUMGRQSlZNWTlyczlKel9OQVhwazJfaHFPbW9kSkVlTWhI?oc=5,"orders, MW",Vestas unveils 869 MW of orders for undisclosed US projects Renewables Now
2026-06-26 06:45,Vestas wins near-gigawatt order in the US - EnergyWatch,https://news.google.com/rss/articles/CBMia0FVX3lxTE1XNDgzZkRfdEJsQjVsTkVCVGxoQlRJU0tvelFzMU5fZ3QtUGlzUDRXcGpzY2h4cUxXWFk4UENTV0JidkVJVVlCZXNwTjd5LUdkNVNrS2owTVlMT1p4ZFBoYW1WY1J0V1lKYnpB?oc=5,"order, gigawatt",Vestas wins near-gigawatt order in the US EnergyWatch
2026-06-26 08:42,Vestas adds 869MW to US orders - reNEWS,https://news.google.com/rss/articles/CBMidkFVX3lxTE5mMVloWEdFUHgxMHQzNGxDUzVsN3ZERHRMVXNkdHBNdGNDMUVsMmdTNjZIcTFrUE1ZY0w1Z2Z6SFFzWDdIaS1DRWFzYU4zMTNlMjhUeUIzN2M0MXhxWUdvb0lENklkRHMxSXBSUEJlMDBURlEtVXc?oc=5,orders,Vestas adds 869MW to US orders reNEWS
2026-06-26 04:38,Vestas adds 869 MW to Q2 order intake - Windtech International,https://news.google.com/rss/articles/CBMioAFBVV95cUxNZnk0bDMwOHE3V2UtdURWSlJ6OWJWZFVkZFFrMl9VRlZzV2VIRjFUblFUanh3RVdYN3FyQVVjemNjMDRPMkZSTlcySWp0bGRWRWZvREpwUXR0YmtVWkU4S2hsSWtjUkFaSUJsdWhfaC1GUW5qRXNWcGpETUppN1FwSWRLdVp5ZGpzSzlXZXVlUnRYVERMeElzRDBHZkpBb0Ft?oc=5,"order, MW",Vestas adds 869 MW to Q2 order intake Windtech International
2026-06-26 05:04,Vestas wins 869 MW order in the United States - marketscreener.com,https://news.google.com/rss/articles/CBMinwFBVV95cUxQY25oY0d5T0VIckpJX2E2dXlrR0o3ak52TEhvWm1TMkRGWk91RHJ1MEVhOEd0TVJGN2hPb3U2bDJnUmxtTjY4SHN4RlJRbDl4dk5Wb25rQnR4TXdBaUpnUnQySWtMZHNLTmRsdm90dzVKSElMM0d6WUZISDJMelhXQUUzdmhFYXhudDBpc1dmeEVuZnB0Z1RkNGE1eTBqYUE?oc=5,"order, MW",Vestas wins 869 MW order in the United States marketscreener.com
2026-06-26 09:20,Offshore wind revenue decline pulls down Crown Estate profit - Baird Maritime,https://news.google.com/rss/articles/CBMiwgFBVV95cUxOc0FpMGlVdnNaVmpsWWpVZERRRVBwVkF0dEpNMUswaDlHd1NrUUNvNTdTbHZCOTBjbTRWYlBnOVQ3LXJvMDFGV0JzNEdVUUJKa1pQeVBQZkVPNlVwbW95M2pIQ0dvalFzanMxTzU3SnZ0RUFPQVpUSzNLOXlXeDMzN1lGWVdpUjBQNmxqU2F3VG9FMDJiSHphTk9iQWNxVVJ2MzdkQVdTa0JJWGR5RTJoMlNoZmNEYlhwRkNpdkQ1UlhqQdIBzwFBVV95cUxNdVAyNmVHcFlKUjRzWkpvbFI1WkVYX182YnNnYVBWSEV0ZlJRSzhLanNxRThXR3R4OXZTLXhBSXg0NnhoV2xuX3FULXJlVGdKaU9KNEZ5QW9SRmlzNnQxZktxdThHaG05a1ZoSWVxeHNlQ2syd1FVQ0NyVlR2cnpuLUEwNm1jTzRTemVtbE1oRVVnaW5kZnVia0ZiNFpNc3gzdVg1OWlvVWZpZEFORUdaSkJubmgyZjRSQThJNldNUUxwenY2LW1TdFVzZEEzZzA?oc=5,offshore,Offshore wind revenue decline pulls down Crown Estate profit Baird Maritime
2026-06-26 09:20,Deals of the Week: One offshore wind project scores three big deals - Recharge News,https://news.google.com/rss/articles/CBMivgFBVV95cUxOUVhhdmpZVFg3NnRUZ3JybFk2R0V6SENzNUhNeFZZTzY0NjN5aG9iZDN2aGdPXzhva1d5SnlzNlRiYXlRZF83WHFJVE53T25leEhscGhKcGpZc2VIS3FzdkRxNTllQ25zcW5mQXN3WEF6bGF3Sm14alVqZmJTMXgxUEQ3c1RxbTR3WS14NnBTM1VucW1jaElTQVhxRGF6MHN0N1A1Y0ZRbjNvS2pnZFQ3ZWtUd1lTU2E0WG9CMlpR?oc=5,offshore,Deals of the Week: One offshore wind project scores three big deals Recharge News
2026-06-25 19:17,"GE Vernova ramps gas turbine capacity for AI demand, shares hold above 1,050 dollars - Ad-hoc-news.de",https://news.google.com/rss/articles/CBMixwFBVV95cUxQZm9sRDZXenRTdGkxek5PTGs0ZkpxTnRndjNmTTd4RFVPSWNNM2JLc1Q3MG1Xd3RueDJPOHUycVI5M3JiLWxGTmpPbUFyMllyMmZ3UmNrZGpNNDVZdE5Qb2wwSlZMWllJSjhBY3dTeEpMT2dKYTd3d1NMbm5KRjJBbTVYQ1N6UzgtdnlhckQyMjQ4SnBlOV9fRDk0a05iOFFmOXJ0NjY0QlhLVHpfMFB1TVdoSUdrYXpHZXg1NHQzSzNSaVNMbG9v?oc=5,turbine,"GE Vernova ramps gas turbine capacity for AI demand, shares hold above 1,050 dollars Ad-hoc-news.de"
2026-06-26 07:54,Envision Energy and Juniper Green Energy commission 5 MW wind turbine in India - Windtech International,https://news.google.com/rss/articles/CBMi1wFBVV95cUxOU0ZwNWswdjBBMUNGVVRJU2JCRVVsTlN6R2FSZGFWTzh1bnVoYnVuUUczNEc4T21xYlVmVnZ5c1c4NC1yYXl5QjY5dkEwbVpBd3M2LUFGdDNUWDgyb3JrNHhleV9rUm82ajZiMDluaVVnM09vdVAxM01qa1N4b2lyN0tJVVUwMGhkYnlSRld4X19yNmM2M3AtM0tLN0tER1V5RllDZDg3aGVxRE4tMzhMZG9VOWo5Ni04VFJZT3pOeWlJWnc2cFV2dGZvM2FQaWY3TTR5X2pqZw?oc=5,"MW, turbine",Envision Energy and Juniper Green Energy commission 5 MW wind turbine in India Windtech International
2026-06-25 23:36,Envision and AMEA Power move ahead with development of a 500 MW wind energy project in Egypt - Energies Media,https://news.google.com/rss/articles/CBMie0FVX3lxTE1JQkpxeUpleHhCdUI5SmNJWDhSWEd1UDJJSk9BeERzOUZ0YmRxalVGYnJadmZzNTdKaEh0azQ0T1F6UFR5aHd0WUJTdnV4UV9mb29wTFFyX3doZ24yTXZ5NFZXX1VWdnY4ZXA1aHRSSTl0dWlhOXhHLTZuMA?oc=5,MW,Envision and AMEA Power move ahead with development of a 500 MW wind energy project in Egypt Energies Media
2026-06-26 09:07,Juniper Green Energy Commissions India’s Largest Wind Turbine with Envision Energy - Machine Maker,https://news.google.com/rss/articles/CBMitgFBVV95cUxOMzd4dHV1Y01Wb3pCdzZmeHpFTkd6SUNsSmtMeHZPckNESVltZGVFRmdKY3F6YUx3Q2trMW5QdDdZRzFLVWRXejhjaXBGdy1ubDlrd0VXWEF0Nk5DYU9Pcmp3S19sV0VmNm9GVmlqR3VCQ2pzemRfOXZIbzJONGdiZkViS0pycC10NGRXZ0hmNnh5ZTFBcGZYRS01cXVVeG9FTUM3QzY1Q085M3dzUWpueFRNS1Nqdw?oc=5,turbine,Juniper Green Energy Commissions India’s Largest Wind Turbine with Envision Energy Machine Maker
2026-06-26 08:53,Envision and Juniper launch India’s largest wind turbine - Manufacturing Today India,https://news.google.com/rss/articles/CBMifkFVX3lxTFBQSGdNSXZ2ckFoRlZ3am1WbTdpN0J2UGFxV2FwakR2X2p5NkdHaThpT1FUWGpiT1o0UlIyS3QtamNtZHB0S01ZQU9LWHBCTE9xeE1jdUcyMkRPaDhFdWxENnc2SGxtbjVnbnZtajJ0ZF9MRHlOVy1faFZPcDlFZw?oc=5,turbine,Envision and Juniper launch India’s largest wind turbine Manufacturing Today India
2026-06-26 07:56,Envision Energy India Commissions India’s Largest Wind Turbine with Juniper Green Energy - Energetica India Magazine,https://news.google.com/rss/articles/CBMiwwFBVV95cUxNZzJpUGo3bW9jV1FpVk9ObmhnMDFMYUd0UGhHTzQwV3gyUVdDTXUzd0o3VUlJTHhGTXZWekpDU1d2aG9lSGFoV0NSLVBmQkxQN25CQmRYN0ZaeXd4SlZQYk5kZFdFUmFiNUVZS2pNSzVfUll1TXVmS3Zxekg1b05XdDc0dmljYUVILTIzdTBWMEdxUTZMOGVVZ2dPN2Y4S2hQUVoxb3pVUUtxdHNFZHJINEtiN0pPMDJjVlBFWnN1SzFBTGM?oc=5,turbine,Envision Energy India Commissions India’s Largest Wind Turbine with Juniper Green Energy Energetica India Magazine
2026-06-25 16:00,Vivant buys 200-MW wind farm in Northern Samar - Philstar.com,https://news.google.com/rss/articles/CBMiugFBVV95cUxQZHEwblRMSEYwbWNsMld1LUZqYjN3WmlySGdCVUhjaE9majhPWG80WG13dm5BamNHS3E5WjBCUUM0Rk1vT1NTSnBjc3Yxbi1iOWxIZTJSYnhYS25TcGxmLWJfbnJWdnMtRlctdldYdHZGNnJRbDRtb2R1YXI3dElIQ0thRjNLaFVnNDRrYWxJVlYtb3VWZzNhY015UGVZSTV1NEpYMG5OVl9ScHplVTZBWHlnRmZZSkJLR2fSAboBQVVfeXFMUGRxMG5UTEhGMG1jbDJXdS1GamIzd1ppckhnQlVIY2hPZmo4T1hvNFhtd3ZuQWpjR0txOVowQlFDNEZNb09TU0pwY3N2MW4tYjlsSGUyUmJ4WEtuU3BsZi1iX25yVnZzLUZXLXZXWHR2RjZyUWw0bW9kdWFyN3RJSENLYUYzS2hVZzQ0a2FsSVZWLW91VmczYWNNeVBlWUk1dTRKWDBuTlZfUnB6ZVU2QVh5Z0ZmWUpCS0dn?oc=5,MW,Vivant buys 200-MW wind farm in Northern Samar Philstar.com
2026-06-26 08:50,Equinor quits another offshore wind market after abandoning renewables target - Recharge News,https://news.google.com/rss/articles/CBMizAFBVV95cUxQVU9DdFlaVjZaN3Jid3Z5THZYbzZGbjFWUmR3VUFjLUtERzNFeUZhS1ZvejRSeUpSczBpQUZDNVhJVldFZWtZc2pFaUVWSWM0VDY5anBCY3ZGbnhEclRNT1c2bGc1dlI0a3hzQTVrQk1VMS1FeUhnZFBmZVN6X2lwWTBpNUsxT1dPaEJPVmEzZ0JBelozX1JHTkJpbkt4RE9fOEtGaUF0SEVXZWllMjZacjg5SHlFckY5bU1CTDFkdFdTV3VQRGVTY19JTzc?oc=5,offshore,Equinor quits another offshore wind market after abandoning renewables target Recharge News
2026-06-26 13:25,How New 596 MW Wind Orders At Nordex (XTRA:NDX1) Have Changed Its Investment Story - simplywall.st,https://news.google.com/rss/articles/CBMi1AFBVV95cUxPM3ZjMFlOd0xGTW1JSlZENld6UFlJTVc4a2g5WXAtbVo0akVrY00xaXhEMHVwZFVmODF5MmdpdTVtTi1TMGFwb3h4U0lSVDRvcVdxSGN3RUJLV19mQ0ZxWEpFdzVGRURmbEhEU0FCcDY2Y2Q2MWtsRXJJbjRlODNfbzUxM0hjNlJ1M00tbDNNU2RaQjRNb3pPVTJpdnJSS3pvZHhnOC02bVpjdGxYODZVUTZOcVhJZVN6aFh3VzNzU1RkSHlOMDFPRjdfZHF6MXFEd3pqOdIB1AFBVV95cUxPM3ZjMFlOd0xGTW1JSlZENld6UFlJTVc4a2g5WXAtbVo0akVrY00xaXhEMHVwZFVmODF5MmdpdTVtTi1TMGFwb3h4U0lSVDRvcVdxSGN3RUJLV19mQ0ZxWEpFdzVGRURmbEhEU0FCcDY2Y2Q2MWtsRXJJbjRlODNfbzUxM0hjNlJ1M00tbDNNU2RaQjRNb3pPVTJpdnJSS3pvZHhnOC02bVpjdGxYODZVUTZOcVhJZVN6aFh3VzNzU1RkSHlOMDFPRjdfZHF6MXFEd3pqOQ?oc=5,"orders, MW",How New 596 MW Wind Orders At Nordex (XTRA:NDX1) Have Changed Its Investment Story simplywall.st
2026-06-26 07:03,Nordex SE - Start Of Turbine Manufacturing In Romania's Pestera II Wind Project - TradingView,https://news.google.com/rss/articles/CBMi4AFBVV95cUxQakh2cF85MVdvSUgtaVdsQ29TaHBNbVJFcXQyTDBMV2dxa2pHSUJlS01Yek1Ob2hNMjZUQlRHSW5GZm1VX0FKVy10blRJUVBCRUZib0ZrQ282U1BVVERmaFhocDFnZDJ5Zkp2T3UtSkE2U1l0NXVHVFlRb3JLSk5ldHIxMElQVGxSemNnZUx2ZndqT2FmTFhDM21KbFFvUllyWGhSeDZfUFhiQVZzRjBveXl2UWJHUU41d2lDSGJoa2pYNy1sV0tocE1MbjZGdFUybV84ZEo1NExtbTNVaXlfbw?oc=5,turbine,Nordex SE - Start Of Turbine Manufacturing In Romania's Pestera II Wind Project TradingView
2026-06-26 07:03,"Nordex order flow supports the week, shares in MDAX sector focus - Ad-hoc-news.de",https://news.google.com/rss/articles/CBMivwFBVV95cUxNT1ZYOERSckN4eW42azhvOTItX1ZibnJzY3JYSWo2UTdKMGZyaS1Yb3VBbnY0dXMzTHBkZFVZejl2Sm43aExNdW9Gb3YtN1FLc1praU5pdEdFbmhVbW9XT2NkMThpU1Z5ZjNETmxzendGS0toVUJNdFZSc3pRRC15UGFNdEFEcFRmOFlSOFRGQWlSdWdRaC1CSlRSNGlSSzlxM0RtQlJvdmVKR1BTR2d3Xzhlb1JBMk9FV3lXMXZ6WQ?oc=5,order,"Nordex order flow supports the week, shares in MDAX sector focus Ad-hoc-news.de"
2026-06-25 16:01,"Nordex secures 484 MW in new US orders, shares firm on Xetra - Ad-hoc-news.de",https://news.google.com/rss/articles/CBMiugFBVV95cUxOTnRaaDRQS3BmQlluNDBxWWNLSGVhVzNkNDQ3ZjVwV04yN2JaTFpHWTNvc2dUWUhWcTJNQW85bUczb3Roa29XTzBPVDJPRkFuS2R4LVFibjhXdVJmY3Q2UDFuNjhrSDdfUDBLTng3UXRGT0ZnRDYyR2UzWlllc1djdDA5Y2E4dF9ZRG1iSkVMdHBnbDNvTFdEMGVkZmdsejNMdkNpQ1Zzd01qYU9JVmpTRVZQaU5iVXpyd0E?oc=5,"orders, MW","Nordex secures 484 MW in new US orders, shares firm on Xetra Ad-hoc-news.de"
2026-06-26 03:42,Suzlon Wins 400 MW Wind Project from Tata Power in Andhra Pradesh - Daily Pioneer,https://news.google.com/rss/articles/CBMitwFBVV95cUxPckdPSGp5Y3pxR0RMVEpXZGp3QV9LVVJhckpTckwwZmRldDhoWmdFc2tCTkw2eng0c0wwV21QQzR3UWQ4bzQzSWNUZjQ2a3llVE5SNEpTQy03YlBiNHBCbnRYVVpPVk5jdGJoVmsyNkl6STRpMF9lOEs3eFZGYVNtLWZHSndYSlpKQW9odXRnaXJ2bnU0Y0tzeUVhUzFJeFF5OTJPQXU2VjRBUWNGSUg5V0FKcVV6M3c?oc=5,MW,Suzlon Wins 400 MW Wind Project from Tata Power in Andhra Pradesh Daily Pioneer
2026-06-26 06:44,Suzlon Bags 400 MW Wind Power Order from Tata Power for Andhra Pradesh Project. - News on Projects,https://news.google.com/rss/articles/CBMitAFBVV95cUxPTXhGLWVkY0lFaVUxWWpaZFlhTWwzNXVBS3lDNG9relN2bUJDbUZZa29aSTZXZDVmbVoybEpPV2xLMjQ5bzctTVJWdGxmNy1WbWY3QkVwaWo4QVZ5NF9JZllKdE1TdjhHRVREbUlnY0lBbnozM3hxT1JHYmFOcEJFZGo3aXd3R0ZRZnhRS1B5dGFick1YOFlwQ2d0dnE2eE9JRlVKTTJnTWUzOFc4WFMzTW5ocTk?oc=5,"order, MW",Suzlon Bags 400 MW Wind Power Order from Tata Power for Andhra Pradesh Project. News on Projects
2026-06-26 07:08,Suzlon secures 400 MW wind EPC contract from TPREL - Indian Infrastructure Magazine,https://news.google.com/rss/articles/CBMimwFBVV95cUxOS1oxSXY2NkVoOUpmSkpzZUxXaklRbUZOT3NnczFGdGhtbW9pUzNkaDNVVmd5anlRdXluNVhPb2pXV2FsalBlcnlvLUlLbk5Ic1dMX0llVk9OX1AxTkh1SnpEU1Q0c0hLSUpHOFAxQWFqWFBlVnpjb1ZMY2oxTDZ0bENFdExnSFJvWGJid2IwYU1XM2w1eDdOc2Vxaw?oc=5,"MW, contract",Suzlon secures 400 MW wind EPC contract from TPREL Indian Infrastructure Magazine
2026-06-26 05:59,"MNRE Amends Prototype Wind Turbine Guidelines, Allows Sale Of Power To DISCOMs - Saur Energy",https://news.google.com/rss/articles/CBMiywFBVV95cUxPUVhVRGxuck1RTFJ4Q3VPRm9Jb1RaRlE3UEg4MWJuTXd3ZGJ1VVJ1Q28wQTBndjJOdHd0QTFhcnd4dm9hWG16ZThnLWVRZUFNZVJtakw1bkluR1NEZ0xVanE3dHBvZFpKWERsYXpQTWxyVnZ2QmJUNXVsbGtITnVZWHhGNmFGcFM4TnE0NE1NVFNDbzBKUHI2RHEzb2ZfWGY3b1dEVndFVHBCM21UY3NmYlJQWnI5M1IyR0JVeEFnSnpObzlXaVhUT0NRWQ?oc=5,"turbine, prototype","MNRE Amends Prototype Wind Turbine Guidelines, Allows Sale Of Power To DISCOMs Saur Energy"
2026-06-26 06:59,Suzlon crosses 1 GW partnership with Tata Power following a new 400 MW EPC order - orissadiary.com,https://news.google.com/rss/articles/CBMiqAFBVV95cUxOOThTSFhGSzdYLWk1Ni1sTVNma0pjbzlQYUxRQ1hiWkZDQnVrZnJWdFFCSWZHUm1OYjNVXzUwRGR2REk0MXFUSFgwUmw0VTFrS0dMSXZWZklkYnhBVG1WR2VtTi1NYlJJNnlsRXlWOUJNV09pQzZKczV5elduVGNGbU1rWFUwd1kwUWZCUUxEalV0ZVJEZXhjWW85SGgxeXdneDI1RlloaVc?oc=5,"order, MW, GW, partnership",Suzlon crosses 1 GW partnership with Tata Power following a new 400 MW EPC order orissadiary.com
2026-06-25 17:49,Suzlon wins 400 MW wind project from Tata Power | Tap to know more | Inshorts - Inshorts,https://news.google.com/rss/articles/CBMimgFBVV95cUxPX2RnNm5nd1IxbmZUSUNVaEFtSXF5ODFXal9fUl9UVkxLN1pHS1lZVnRiWXVsa0hWbGdZZ0JHVmpnaTdoaFMzOGhzMVotNjd3S1pNdkxnNjN4U2NpU01kVXVvWUtoeF82UnRJT3RjWUJBUVpCeUd6RW02SWplZVlfVHBpanJWSFNTaHY3LVBIaWdVNDJ5WC1WMy1R0gGaAUFVX3lxTE9fZGc2bmd3UjFuZlRJQ1VoQW1JcXk4MVdqX19SX1RWTEs3WkdLWVlWdGJZdWxrSFZsZ1lnQkdWamdpN2hoUzM4aHMxWi02N3dLWk12TGc2M3hTY2lTTWRVdW9ZS2h4XzZSdElPdGNZQkFRWkJ5R3pFbTZJamVlWV9UcGlqclZIU1NodjctUEhpZ1U0MnlYLVYzLVE?oc=5,MW,Suzlon wins 400 MW wind project from Tata Power | Tap to know more | Inshorts Inshorts
2026-06-25 20:44,Suzlon bags new order from Tata Power - BigInfo.in,https://news.google.com/rss/articles/CBMibkFVX3lxTE1lZkJwTmE2eDNIb0R0TUxUZkRTZG12eDRRaFJaeFIyTks3RGFUZ3EtbnFaVDhYVEhWcDNBS3FXRDkydEJWb1RwMjRTOXpwaFYxbl8yd3Z4cUp4TUtfZDNSS1hhNE1uWTdDQzBlcTF3?oc=5,order,Suzlon bags new order from Tata Power BigInfo.in
2026-06-25 20:46,Suzlon crosses 1 GW partnership with Tata Power following a new 400 MW DevCo-led EPC order; check stock reaction - MSN,https://news.google.com/rss/articles/CBMisgNBVV95cUxQY0s0YzBfWFd1MjN1dm5mWmJGZVRSMzVCbUZ0eGtVWElpbUE0RFVWaWduVk1tOWJFa3Y0OUdFenZNeThQODZXTERZT21pM3Q3SXptS2NFRElJMk42a1pKQWtKWDBRZmRSN01JV2FVdkxEQnFrWHhTQUF3TmNEMlYtcTlaUUZ2MlI4RXVFVUc1MEpCUnlaUnR5SVUtY2dWWW01cENsR1RXUUVEQUNwYjM3Sjd4aFpOSkt6Q3BBWW1lYktQUWRFOUFyaUZkd0hhOEVlS3EyY2FteHd2VEV0a2ZvbEdxTzVpRTF1dk5pakN0WldYaGl1ejFETHZCZmx3WDBUd1NZaVd3TUl3WVVlWGVtMWhCd0FSWHJjT3RlN2c3aVBtdDRieTNRd1EtYmJQSHMtT1hQajlSSElacUxveTJfTXUyS3cwMGZscmxZZVhET0FyMk1MWGp2blQ3Z3FBS2ZtZ3J4X0VsV3c4TGRqTFl0VUpjM2VMVUNDOWE0U1o1NF9hTzFZNjcteFl3TmY1dXJwbFFoLUo2X3JGREhZb0J0QkZVNnVMWnhGd1ppSER0clBpZw?oc=5,"order, MW, GW, partnership",Suzlon crosses 1 GW partnership with Tata Power following a new 400 MW DevCo-led EPC order; check stock reaction MSN
2026-06-26 07:35,Ørsted offshore wind farm survey reveals centuries-old lead ingots - Splash247,https://news.google.com/rss/articles/CBMiTEFVX3lxTE1Xb3pfQUZSd1g2bDMwbnBCaEFXd0dZT0g3WHpmSkpMVmtSVmZRT0lsUDI0RzN5dG1JcDJ3anZ0aFQ2RG5mNlJtaU45SUY?oc=5,offshore,Ørsted offshore wind farm survey reveals centuries-old lead ingots Splash247
2026-06-26 12:57,Dajin completes monopile supply for Hornsea 3 offshore wind farm - TGS 4C Offshore,https://news.google.com/rss/articles/CBMiqAFBVV95cUxPS2steXdTdTJDX2Z0b09YcE0zRVBwRzBsV2VQemh1ZTB0azRKZ04waG91dzNmV2FsdFBwbndFbk1wVTdLZjUwV1VwZThkU1JmN1dnUnBJVkktZ011OHU2X1RkTElLR0trdEI3dzMzVE1hUGl5eXNIU2VNSmk3Tk5xOEltd0lEeXlid3pPaGhodVgydE4wM2lJdzBsTDlvcnltcEE3ejNpcHE?oc=5,"offshore, supply",Dajin completes monopile supply for Hornsea 3 offshore wind farm TGS 4C Offshore
2026-06-25 21:13,Britain's Crown Estate profits fall to £1.2 billion as offshore wind revenues drop - Reuters,https://news.google.com/rss/articles/CBMivAFBVV95cUxOUlRDUzc2aGJDWHZabWxFc0ZMYWN5NWZfek1IeG56TGpBVnhqTTBjWDc3d21ZMzhIRmtudGhHTjI2OXh1bFhaeWZSUHlGeEZJNEZERElzWWxYdFFjSzJndjhnQXlvYU1ES2Y0TUZ0QTFYVWtWR1huc1lHQjdjajRWaUE3MTY5RDJYZ3JqTTBHcnl4RWlHelRJRzJIR243S0lrbUxMM1pNMmJ3UFktSDJmWW95MmxoZXpQa1BFRw?oc=5,offshore,Britain's Crown Estate profits fall to £1.2 billion as offshore wind revenues drop Reuters
2026-06-26 06:51,Norway's Equinor ends plans for offshore wind in Japan - marketscreener.com,https://news.google.com/rss/articles/CBMinwFBVV95cUxPOEJKVG5vbWpsUDRQRlJjN1M1Y0ZsckZBWjh0YXc5NUVpcEo0QkxCeDFFSjRJd0lJUVJPRVh0b3ZGQmtpcmYxYWZNME5CVWFhcjgxaFBYNmJDWlgydjk4R1ZpWERCTm54ZElfdV9mRkl0TzY0cjh6OG11S0QxN0owVlppbGp2QkRYaWhpQXFUQjdhV2p0R1l2aUUzQm5zN1k?oc=5,offshore,Norway's Equinor ends plans for offshore wind in Japan marketscreener.com
2026-06-26 10:00,RWE opens new control centre for offshore wind farms in East Friesland - RWE,https://news.google.com/rss/articles/CBMizwFBVV95cUxNaEZ1bnZEaUY0aE9RM29qOHpsaVNmWVN5ZGRyS0tXd05qdDN6LTRtTktJVGlFRW52MlU0Uk03ck1BQ1FzMGFaZGdvcU1PVXZxOUU2TndlR2hFQkJCRzhseDZ1eS16bVdQeE5IOVp2QTFWcUVxVktKMFJ5N3FGQmR6TkMzb3J0Ym9FNlY0c2dKWFdLZFN6VDMtTHROb0tSVVhHcWE4cEFmSVJrM0h1RUxKWW5USWg4QmpYT21pd2lueGRvc0puTzZxZTU5MkpUQ3c?oc=5,offshore,RWE opens new control centre for offshore wind farms in East Friesland RWE
2026-06-25 23:39,RWE offshore wind farms from RWE AG - hydrogen pilots turn turbines into power-to-x hubs - Ad-hoc-news.de,https://news.google.com/rss/articles/CBMiyAFBVV95cUxOdElvVTdob3AxZVhLb3ctUElaekkwbEVUMFdELUtKWlBzTlBuVWxZbUluOXhvS2JyaFdMR1Z1d1ZTREQtdWI2QkxJWDhYV1FSaTN1OTNweFBra1VTWk1oTmRVRHM2Y3psS1lHakRpd1pSZHlfSFNJeTRFUHh4UXpOV2liQnh4ZmhJejQ1SlZ2NzY4U2hhQmVOdl9MTFBPVVZ0Z0NBRFRVaHIyQUFSendZMHZzMS1TQzdtYmdTdzByblZVLVR2THYyRg?oc=5,offshore,RWE offshore wind farms from RWE AG - hydrogen pilots turn turbines into power-to-x hubs Ad-hoc-news.de
2026-06-26 12:26,Equinor to exit offshore wind business in Japan - TGS 4C Offshore,https://news.google.com/rss/articles/CBMimAFBVV95cUxQdTQwbnlyZ253UGxDYUtJSllYWE4zaDA2ZGEzRUEwaXVOMGhDNHc2UmUweC0xYVRBdXNFQzVHYWNRUUM4V2w2Y2xfeXgwQjR5OFN0Q1NFV0Qydnp6UmFENzc5TDhMRDV1bEhJX29Sc0Fla3daQThSNmdwaVZDNE8zc0dNTm9xSFlJdE5pSXRPSWpBajhtdUhMdw?oc=5,offshore,Equinor to exit offshore wind business in Japan TGS 4C Offshore
2026-06-26 12:56,Dajin completes monopile supply for Hornsea 3 offshore wind farm - TGS 4C Offshore,https://news.google.com/rss/articles/CBMirwFBVV95cUxQSHNoX2FHZ2FWSllWUmJ5VkN4UWJmakFsOXdtT3h0cTczWmFWWVhQNzIyaFVOVWMtc2hsNzR0NUpCNjVJd05HTmdBYXVJUFg0S2ZlWUpfbXo0TGR1X3NzS2FxcWVKWm9UaVM4MWFCVUZ4RmtCVHZxY3B4QnZJc0w0clZBZFdneTd5cWduZXc0YzJUZ0lKcEYzWlZLaXpXMTdySUpaT0cxNnlNbGVIX01z?oc=5,"offshore, supply",Dajin completes monopile supply for Hornsea 3 offshore wind farm TGS 4C Offshore
2026-06-26 13:17,Uniper signs first offshore wind PPA with Skyborn's Gennaker project - TGS 4C Offshore,https://news.google.com/rss/articles/CBMitgFBVV95cUxQLUI5V1E2SWxpeFhndFZYdVFrRzBkdGI2dWsxZlZ4WTBxSzJaX1g2M1dFMGZYYzlTdDNDaHVSTEhGQjRKMjdyZEdRSWFWcE9lbGJ0WG9CZkZjZUhHcVQ1akNTYi1uLWRpUS1OM2VNZTI0MVQ0OGc3UFhDRHd2b2kwUTl5QWRGRl8wUFFxd1NYZXBmNmhSLUpIY0RGOVZIbHFCRVVoZ1hOTmRrRFFlOW1CMkF3a2gtZw?oc=5,offshore,Uniper signs first offshore wind PPA with Skyborn's Gennaker project TGS 4C Offshore
2026-06-25 18:03,Virginia Beach renews offshore wind land option with Dominion - Virginia Business,https://news.google.com/rss/articles/CBMilgFBVV95cUxOWXR3bV9HenJDWnZkRDF0ZjJPZDVobF9URU04RS1GcnQycHViZXR1cFdON3ozS3NvQmdXMkdXUml1c3VEbFlfUldZa3BGekRid1NSR2RmY1N5ekhkd1lLYXZyaEg5QUlvTlpiQmJFUzd4QmpmelFEOHFmSzlQSnQ0SVMtR3FPc3RFeEtwTk5DX0FJRThZSEE?oc=5,offshore,Virginia Beach renews offshore wind land option with Dominion Virginia Business
2026-06-26 10:03,Norway's Equinor ends plans for offshore wind in Japan - Reuters,https://news.google.com/rss/articles/CBMilAFBVV95cUxOMktISHBoR2E1N2otMl9MWnVQRnQ0Qms1bV9OSDRkc0NQMjZzXzkyYng2ZTVEMDlpYk1Hc2U5bTRuZ0luYXpsUElLTXg0OTRuUFU0VHFGMkhmMG1lVnpMRDY2SjA5QndzZm5yNENHdGl3cjB1bzZoWURkU2Y4ODBld3g1aklGb0d2QVBKaFIyN2FBN0Mx?oc=5,offshore,Norway's Equinor ends plans for offshore wind in Japan Reuters
2026-06-26 12:35,Equinor to exit offshore wind business in Japan - TGS 4C Offshore,https://news.google.com/rss/articles/CBMikgFBVV95cUxQb3NIMktsb3doeExOM1AxNnoxbEpnN0d6c2FuZC0yWkJiMERIenBMVXFESEVtMGdPc3ZUUm5fOG83M3lwTGxZWURZTlVpWDNRNHJpNzg1VU05WmRNVENQSjdURkpHNXpXV25xUUtyMXlpS1JPRVVwcjlwNi1FV3hnbE0yZXdIaEExVV8tMmxxM3hzZw?oc=5,offshore,Equinor to exit offshore wind business in Japan TGS 4C Offshore
2026-06-26 11:07,Equinor quits another offshore wind market - Wind Power Monthly,https://news.google.com/rss/articles/CBMiiwFBVV95cUxQWnVyRHBqOWp1dHZRTmFpS2thdHVkUklwQmZ1TWZZWVp5cFdsWlNIZ0NlclhaS0xpMnNpVGYzY2pIaUNGT0pqaGFXLVlZb2VZNFVCdjREdDZJb09BSDVuSVY1RUswdjhreVVxTjBlYTg5TVM0RTFHeWdTTmlnVWVjNVFzcEtyVG9YOWxJ?oc=5,offshore,Equinor quits another offshore wind market Wind Power Monthly
2026-06-26 14:14,Equinor to end offshore wind activities in Japan - Renewables Now,https://news.google.com/rss/articles/CBMikgFBVV95cUxPcms1Q1NIU2Q5SVVUU2ctaUlWWXJLTVJvb3VCODhDTC11bTVVWnRGT3lMRFpONXZFVXBFYmVzbWxNcjVLcGliTW9NYjlGRW41UFNKaFl1MXFWMXlFRUhMekJ1elpWbTFTVmdFSkkwdmVPc2RGRVZOWmxFX25yWmJlUDB5aUZLMGhhSHAydjdSNUZFdw?oc=5,offshore,Equinor to end offshore wind activities in Japan Renewables Now
2026-06-26 10:17,"No leases, high costs: Equinor walks away from Japan offshore wind market - Baird Maritime",https://news.google.com/rss/articles/CBMi3gFBVV95cUxPWjVLeVBxNWtmdURfUDVxNi1Kbm42YnpHc0xRRjNvaXZoQW9KTHpuUlZ6Q1QtOXA4c0dtRVc2Y1p6SF9oRlExazRmOFNXWmExd19VYVNvMTNrbFJ1YzMyVGZFdTJwM1dfcUhsMFVNU1ZsUG9aSmttLXNyTHAzaW51bzIzN3ZhZmRGTDI5U1NhVlJqdDVCNHA5bEZ5YjVRZDNDRktRT0FtSUNFbmRKaXltS21nT19fdHFfOG9nRUdXWDhwVlZIc0VmVTNJVXZ2ME9xQ3VFSWpvNnYzZjA2LVHSAd4BQVVfeXFMT1o1S3lQcTVrZnVEX1A1cTYtSm5uNmJ6R3NMUUYzb2l2aEFvSkx6blJWekNULTlwOHNHbUVXNmNaekhfaEZRMWs0ZjhTV1phMXdfVWFTbzEza2xSdWMzMlRmRXUycDNXX3FIbDBVTVNWbFBvWkprbS1zckxwM2ludW8yMzd2YWZkRkwyOVNTYVZSanQ1QjRwOWxGeWI1UWQzQ0ZLUU9BbUlDRW5kSml5bUttZ09fX3RxXzhvZ0VHV1g4cFZWSHNFZlUzSVV2djBPcUN1RUlqbzZ2M2YwNi1R?oc=5,offshore,"No leases, high costs: Equinor walks away from Japan offshore wind market Baird Maritime"
2026-06-26 11:06,"Equinor (EQNR) Exits Offshore Wind Business in Japan, Closing To - GuruFocus",https://news.google.com/rss/articles/CBMiugFBVV95cUxOb0laOHZoWTJzX0l0UEcxVVpLS0hkaWNlLWpmakZoWml1NGZ0OGZETXExcjJnUU5aZFNpSnhoM01PT1BKMGk3aVRPQTJ4M1hrb0sxQ2dWLWFBUzdnUVJOUWZhczNpMWVRd2tsZ0ZlRU1zLWtlRnlBOFo5R0wtVHBVZHg4UGJ1bmtyN01vS3I1NjJ2RGNuWGNhSHV0SVEzTHNPLWhoUWxQVXpSd083Rlg2OThsLVRxRDNEY3c?oc=5,offshore,"Equinor (EQNR) Exits Offshore Wind Business in Japan, Closing To GuruFocus"
2026-06-26 09:33,Equinor exits Japanese offshore wind and shuts Tokyo office - EnergyWatch,https://news.google.com/rss/articles/CBMif0FVX3lxTFBkeXVhZ2N5TXNVSm55bklQRzVGVmUtZXpmWTR4V3k1MlVqYVVrZWtuNWQ3SGtmNFEtbURwMzBiTHFsUGVCb2ZvMGlnMkNLUUZ3VGVWYkRkMDB3UF8wVjlJeXl1Q21CZkJYazlvVUdFU1h0LVU1ZE9MZ0ZPY0dwXzg?oc=5,offshore,Equinor exits Japanese offshore wind and shuts Tokyo office EnergyWatch
2026-06-26 10:46,Equinor Scraps Offshore Wind Business In Japan - reNEWS,https://news.google.com/rss/articles/CBMijAFBVV95cUxPcHowTTllNzlqT0U0RHlWQy1UMkp5a0VoX0Vnck5ya2NTV0JnTFlQZ0llc1lLclVJbzRUZ21jeXprd3hRMlhFMVlhRGI5RTdiSzJfbDgtOHA2LXZfWUFuZDcwYnMwcFNQS19lMkNpMWtLQVpGZVMwdXJDOGpucWo3elJ4aGNFNlNIcVdqOQ?oc=5,offshore,Equinor Scraps Offshore Wind Business In Japan reNEWS
2026-06-26 13:32,"EQNR Exits Japan Offshore Wind Business, Prioritizes Integrated Power - Zacks Investment Research",https://news.google.com/rss/articles/CBMirgFBVV95cUxPZVp2TTZrSGRucEpKUlFSQlkxQUQ4NS1lVk44SWxqalZBVTlJbFJPY3piTzE2cXhHYVVtRzhKUzVvbnd1SGhJTFpaSTJSbF9DV0xEa0lFcDRDLW1LOWxvUUN1YmZhd0xDQzJsZURnQTZGV2oyQWFLRVBrRXR1aXZRUTVMbVNOZlRIcTgyb0lKTm9GeWRINjQwZTRBY1JJVWpKSmk2SXZuOXFiVkRKU3c?oc=5,offshore,"EQNR Exits Japan Offshore Wind Business, Prioritizes Integrated Power Zacks Investment Research"
2026-06-26 08:14,Equinor to Close Offshore Wind Operations in Japan - Moomoo,https://news.google.com/rss/articles/CBMilwFBVV95cUxNYjlBTkpBY1pRUkFoM0VSMjBNV013WkZ4MzROQzBNZEZlakd6TGNybk8yOEJtOXpYcklGbUdDT3Z6UEVMNm1lYTFqejFaTW1HRWtlNXZIY0VXaWd5bnRySEk4d01hWVBLNE5TWmVqR3pqNzhyNHZXTTlFVWhNMXNOY294UFdmV3VSdnVGOS1KMEtzcmI1dUhJ?oc=5,offshore,Equinor to Close Offshore Wind Operations in Japan Moomoo
2026-06-26 07:09,Equinor ends plans for offshore wind in Japan - TradingView,https://news.google.com/rss/articles/CBMitgFBVV95cUxOaXFhNVVFeGdJRVExeVVfUEpMOFg0dXdEUzhBakJ5UkNJWWF2V1E0RjFuRXFoWVRpMVZXVWxudURBNEVIMkFtVGszdXpWTEY5VnNiZmE2RElXbVNTZzl6TzhmS1pwcW5YUFVOTEctNHQ2Zk9YZG5Xenkzdi1XaGNmS0U4TmU5NnJCX0tlN0FEM0NENVNwYzZFSXNGSnpya3N1TTFLblVuVFQ4UVZObzQ5OWFsMFRTQQ?oc=5,offshore,Equinor ends plans for offshore wind in Japan TradingView
2026-06-26 08:12,"Equinor winds down its offshore wind push in Japan, but the country remains an 'important market' - marketscreener.com",https://news.google.com/rss/articles/CBMi4AFBVV95cUxNU0pLcXZhOVdiTEVFSXpteS1mV3hHZnV1Z0VsUHZYSVI3UG1GU056Y0EzX1NwN25RZ040MUU2emJkeEdIdTM5dmNTYlp6RE1PaUw2eksyQkZEWXQ2S0JyaWZwVDRlRERFZUlkYXk2c1VkMU9KTHVPX2ZnbGxXeG1aczBuMzlNaWRyNDJQVEhoNEJhaWEycFVnTXU2ZU1zUnBRSVBxUGxZZ0dDNVBzM1NjcEtRQUx5QkgydkV1M3NtMTBOWS03bEw1M0lkWTR2aHdOVjhTSWlrUFgxck1wSUxPRA?oc=5,offshore,"Equinor winds down its offshore wind push in Japan, but the country remains an 'important market' marketscreener.com"
2026-06-26 09:10,Equinor quits another offshore wind market after abandoning renewables target - Upstream Online,https://news.google.com/rss/articles/CBMi1AFBVV95cUxQUF9nNXpDQnNSWEpMRFphNmdQVmczeGtiZk4tLWZBSXdKZTRFWnp0T1U3QlE4OFkyUkk5M3publpteUQ2LW43VmZrUnJWM3o5Zmw3VldOcWR5X0t4a0h1b3pHNE9wMEk5b2o2cG1MaER3RVlLZWtYMlhUcU9zOXRxTnBwcVg3clVBeG1mbGVFYmNlcnlmXzhidkpPSXpOMVpTVHFUSWl2QU1hWGVrNGhmc3gwNGh4ZzlUOFZLVmhKNEx3ZjZRWlM1QVVuT0JSeGVOc21Cbw?oc=5,offshore,Equinor quits another offshore wind market after abandoning renewables target Upstream Online
2026-06-27 09:10,Vestas Announces 40 MW Order for Reken Hülsterholt Wind Project - Inspenet,https://news.google.com/rss/articles/CBMimAFBVV95cUxONDU3V2xqSDFnWVNocnJETmNXbFBKSDJ4aFVzMmFnTzlKcFNCV1VFZDdta1o0dFgwaDlDbnRFdEIzLUlVTVZocENUQ2dIZ3o2dlllM0F3UzNBWllkVGFqSVcyQ3FER2Jqcm55bURVY0s5NHhSRDBXYnh1T0lhQmxfeVB2MjdCXzdteU5VZXktdmg3R2NSb3FfMQ?oc=5,"order, MW",Vestas Announces 40 MW Order for Reken Hülsterholt Wind Project Inspenet
2026-06-27 08:22,"Vestas Wind outlines long-term turbine strategy, shares tracked against global wind peers - Ad-hoc-news.de",https://news.google.com/rss/articles/CBMiyAFBVV95cUxPMzhCMU93d0RrVmI4bDN3MXFWemhpWUFLcEFJeGNPUWkwaGtyZ2NXVjVVa3NjX0hzTzV1dTh1VXZIQzA2M3RJdzg5X0Y4MnJYeTVTSzhiX1NSVnp2Slk0eW5BNC10N0ZvYkFWOUJTSWszYmNCRXF4cFV6OUdoM1dqeHJHU2RGUHlrMm1TdUVlQ0pPZFFTZWhGRmJqZmlmNG1jVFN5bkE1UVdjN1V2V3BtdFJPalZOY1FpWE8yWDl2MlJOdF9TQ3hkTg?oc=5,turbine,"Vestas Wind outlines long-term turbine strategy, shares tracked against global wind peers Ad-hoc-news.de"
2026-06-26 17:37,The Vestas V162-6.2 MW from Vestas Wind Systems A/S - quiet giant for onshore wind parks - Ad-hoc-news.de,https://news.google.com/rss/articles/CBMixAFBVV95cUxQXzdJU2plcVRObDRoZzZGY0d1VHBpazB3dGxNMzVKY0UxZGNTaGpPQThqNDhxRV9DY1ZxRzJ1ZVl6MzhQWDFTbzQxSDZ4YTUzVDh6eHNDcEN3S2tUVTlGM3pzZGxIbzVrLXV4eHE2VnRmendrbGxnZTJEb083UzJianh4UkNwVEFFNHNDZWJENWlYYjhKaWNxeC1wN0p6cjVKSGQ1Wm5odEhOcnV1ZkhjZGZQV3hrSF9LSW5zUUxXeTJZSFRY?oc=5,"MW, onshore",The Vestas V162-6.2 MW from Vestas Wind Systems A/S - quiet giant for onshore wind parks Ad-hoc-news.de
2026-06-27 06:43,"United States Renewable Energy Market to Surpass 1,002 GW by 2033 as Solar, Wind, and Clean Energy Investments Accelerate - vocal.media",https://news.google.com/rss/articles/CBMi2gFBVV95cUxQazdzTlA1bVpuNWtHVWdYeWhpd014Ymx2a2hUaUpxUVJIQWw1SDhvVUp0RmJQYW4wenpURzEtaEVRazh2OWw0Y3pHdmwzczlnOVl3cGlmWFRSN3pYX01kMFNYVkdRNVpxbHNOM3pNb0xEeWZJNDI5eDN5QS1YQ19ULVg3anktZlktSlBFOHYtb1JfaDh3YjU2Q3hQdk5HU3lEYUVvbjBTTGxRaG1lR3U0RFZtVWIzNnoxQ2x1N2xoV1FncTdXRS05cldmb094cHpET3RCdjFLQWxtdw?oc=5,GW,"United States Renewable Energy Market to Surpass 1,002 GW by 2033 as Solar, Wind, and Clean Energy Investments Accelerate vocal.media"
2026-06-26 18:16,"DTEK, GE Vernova Sign Agreement for 650-MW Ukraine Gas Power Plant - Pipeline and Gas Journal",https://news.google.com/rss/articles/CBMipAFBVV95cUxONl9CeENhTWlQM1RmMExZQ0VtU29uSC11RGRWWkpPTEQ1cFBmRUtQT21IZWNYS0FPSXlMaFAzZkVTNE9SNDlRVi1SMkVxaHNJYmhVV0g2Q25LNnRvYlozZEZ6OHdxMnM3VF9JOWVMWkFONDFrUlFSZWhxZXlOMTBfOHlRSy0wZ0pTMnpFS2tmTm9XbjVzZ3B3RF81OFI5SVZtdGFVWg?oc=5,MW,"DTEK, GE Vernova Sign Agreement for 650-MW Ukraine Gas Power Plant Pipeline and Gas Journal"
2026-06-27 02:10,Haliade?X offshore wind turbine from GE Vernova Inc. - 14 MW machine pushes the energy transition - Ad-hoc-news.de,https://news.google.com/rss/articles/CBMiwgFBVV95cUxQX0l6aFJiVnEwbjVBR3pJX0JvQ2ZFRlY1aFV2SlltZFBDWl8tdDNqNUd0cmxJdHU4NjlrUkNMS1FJUmZ4aVB2UFRQNEx2c2NfRTBVV2JWN0pUR1QtRG14dzdJQVlQMXRaUkhzLTR2b3FzQVBTcy1rMFl5THdsNnNSZDUxODl4N0czYnYycUhPTXM1Y2wyUzhSWFhUaTI2SnpYQ0JVSXFWWWJqSnN5QU9CTkxTd3dfcm1DSmZ3YnB0UDJQdw?oc=5,"MW, offshore, turbine",Haliade?X offshore wind turbine from GE Vernova Inc. - 14 MW machine pushes the energy transition Ad-hoc-news.de
2026-06-27 06:20,"Envision, Juniper commission India’s largest wind turbine - Construction World",https://news.google.com/rss/articles/CBMi4AFBVV95cUxNSW43R2FhdnpRbk5RcGdrb2p4MVMtQmM4aV9DZTI5WHRRYWtrSXBzR0QwdnAzSVBIeTNDd0t5eFhBVk02TlBkdVh0NXZELWxHN0EyV0xpbHQwaHNVaHA0YWdQRDlabHRxUjc0d0NmZkhTS0dIN1NnMFA1Y0xwVktXSGZhU2hodnVFcGhCUmZFbkxrMHNPd19NMkNQdXJRbnZPSko4d2ZrZ3dEMTNwYmRfTmx5VFp2YWVqc1pJZlpfc1p4UGlYaTVGSFlnQ3Bwa3BybngzMVM4bWFyWER2aVBIcw?oc=5,turbine,"Envision, Juniper commission India’s largest wind turbine Construction World"
2026-06-27 07:06,Juniper Green Energy Deploys India’s Largest Wind Turbine with Envision Energy India - Chemical Industry Digest,https://news.google.com/rss/articles/CBMirgFBVV95cUxNc0piWTJCdWxQaVJRSW5UaE1yRWlSWHpTMVAtUlRDWkMweWtuSk4xeDV3ZlJXNmF0RlJtVzZnZ1A1VkFjT2dzeFZWdUtFOEJMTXlfOUxCT3Vlbm0xMm1DOVpZbWU4YjE5OGs3aXBnRjJGOUZKMER3VFdLSDRMeDIzVjBub3dmaDlGRWRvTGVyeHh1a05DYkZPXzZER1kzdWtvUDhfNmV3WEZFdWo2eHc?oc=5,turbine,Juniper Green Energy Deploys India’s Largest Wind Turbine with Envision Energy India Chemical Industry Digest
2026-06-26 15:49,RES Secures 130 MW Wind Farm Asset Management Contract in Mexico - energynews.pro,https://news.google.com/rss/articles/CBMilAFBVV95cUxNbC1KSnI3T1B5d3Vha29OYXV6OXlYVUE0SEVncXRONFVTRDVjNFRkbmk2SXY0RzVpaUsybjRuUmFkaFVQNGRCOHl2QU81WElwRHhRTzlzaUR1NnVId1pHeEJhRmMzcFdJdFRsMFlrR2N2dklWQkNvRWEzRTNpOG1hSHNnVVVWZXUxQWRPUkQwT3did2d4?oc=5,"MW, contract",RES Secures 130 MW Wind Farm Asset Management Contract in Mexico energynews.pro
2026-06-26 15:37,Equinor Scuttles Japanese Offshore Wind Plan - Marine News Magazine,https://news.google.com/rss/articles/CBMihAFBVV95cUxPR0EtaHdDWGdkOTFYbmVpQW0wZ0o2VDRYdGVILXh3QjFzcXdSbFhtWTFhaFNHTERyanVhWmFBMFNLaVZ4Y2VzYms4Zm05UjVxdllPbE5jV3UyRlpVNUdpeUh4QlBxMkFNZDd0SGRTczlmOU1OcGgwakp3a1B4Y2NGWHpHaUk?oc=5,offshore,Equinor Scuttles Japanese Offshore Wind Plan Marine News Magazine
2026-06-27 09:26,"Ørsted strategy in focus, offshore wind stock under long term review - Ad-hoc-news.de",https://news.google.com/rss/articles/CBMixgFBVV95cUxNRG1OUFVDWjlmbGg2TXM3VUFrWFhoanJZZFNBcXVONW5WZERxWVBfZzM5UXdRQlQ5M0xhbVZBX1hHcUVjbGJMSVRDODd5NTByanBsS2xiWXNQV0t2WTNtTkZ1S1hQd1dRT3czM0dLRkR4VzBaMlJKbm10MUV1RDhDMEMtdnZ1WExoWVQ0RldrcFRhaFA4WWhUYVh0SnRMdmxsV05wZHoyZ3Zxb0xoajRwd1NtT2YyLWI2ZkNNOE5BaGZQcVdFWmc?oc=5,offshore,"Ørsted strategy in focus, offshore wind stock under long term review Ad-hoc-news.de"
2026-06-26 17:52,What's Behind TotalEnergies' $1 Billion Offshore Wind Exit - Kavout | AI,https://news.google.com/rss/articles/CBMilgFBVV95cUxOaGVZMkRVUkdzSUQ0dC03ZG94alRvVU5kbm4zQWRCTzRZcG1NdTllRnF3bEJPUzFDZUh3ZTR3SUEtNVN0VEcxb0xhNDFRUV9BQkxLbGc3a3ZCZ3lCeExiSWt6allwbGlEdTRJR2YzdHpkVkd6a1lwb0NZUjNpbER2bEhGUDFHNDIzZVNETVpDSUhOc25lRGc?oc=5,offshore,What's Behind TotalEnergies' $1 Billion Offshore Wind Exit Kavout | AI
2026-06-26 15:34,Equinor Scuttles Japanese Offshore Wind Plan - Offshore Engineer Magazine,https://news.google.com/rss/articles/CBMijwFBVV95cUxOeHU3U3NNakhxd3J3SnRCR0lETVA0bElIcXFHLWg3SHVFTnRna05FUFNKR25CbEdtc1lpRnNxUGxSTnNRTE9WSkY3Y2YwRUpBUEVsWkQ0V3gxdFc4YXIxTWp1aHotR0wzYkJqQTVwVkcwWWRzNE11eEJtQWlPZG5JZXFuUVlqcHpGREVRYUdsTQ?oc=5,offshore,Equinor Scuttles Japanese Offshore Wind Plan Offshore Engineer Magazine
2026-06-26 15:45,Bavaria says federal wind-turbine awards leave it at a disadvantage - marketscreener.com,https://news.google.com/rss/articles/CBMivAFBVV95cUxQUElBcjh1U2FtM3R4a3VWR29pWnZZaUlnSTJfV196WlZzTXNwV0lDV0VYYlN5UTBmTWI1SWc2R196ME1fcFd4aWtHQkZTelVJamVrZFNMd212c1JIdWFHWDJieU5SNC1zLVc1MV96SFd6Z3N6eU9VeXBQMndNaUtmblE3TE5KSXU4aVUtaDQwWlhvaU1YZTBfeUJwakhFX095bW9FOTZsVkU4R2FLVU1LaTdaOVk3Ul9NYUVJWg?oc=5,turbine,Bavaria says federal wind-turbine awards leave it at a disadvantage marketscreener.com
2026-06-27 07:53,East Anglia ONE from Iberdrola S.A. - 714 MW offshore wind in daily operation - Ad-hoc-news.de,https://news.google.com/rss/articles/CBMiwAFBVV95cUxQN1JKVnNSckdha2xlLV9DMVc0cDdwTTVFZElmd1NKMFpLT0w1SVNuM1dtTGNZa004VG9iYmtOQTcyQWsxUzZYYUN4ZGE3OXFxYjEwQ2RxdDJjOFZKMkRURTFhOVZDVExtLVdVS1pHUDQ1aldIMnlXdF8xaDZLWFdSb2M2TWowdXZUTHdpOU9KNlRTcWtpQ1hGN2dUbHBzanlOQ3BfeUw2ZzBjNmthMFNiUHBQNGdWY09kQWhUak5jWVo?oc=5,"MW, offshore",East Anglia ONE from Iberdrola S.A. - 714 MW offshore wind in daily operation Ad-hoc-news.de
2026-06-26 15:49,"Iberdrola inaugurates Fénix, its largest solar plant in Italy at 243 MW - energynews.pro",https://news.google.com/rss/articles/CBMinAFBVV95cUxPU2ZkX3FXQUJXRUI2aFRiaWpaT01TWU9IdmNuX2ZWUF9oQURvemMxNkNjQlZkQWh5MmNXLWhwalp1QVlmaXJCdEROMmx5TC1GQmRfcEhFSTVDc0ZhLXctMUQ4dEdwZ1pLbmxNV2oxbG56N1lMSlNpczV2YnY4NkRzbzVuaXFQX1RabFpSSE5OMmZ0dURnNGdKTHZmNGw?oc=5,MW,"Iberdrola inaugurates Fénix, its largest solar plant in Italy at 243 MW energynews.pro"
2026-06-26 17:30,Equinor Pulls Out of Japan's Offshore Wind Market - Crude Oil Prices Today | OilPrice.com,https://news.google.com/rss/articles/CBMipwFBVV95cUxPN3UyUmZPcUhWc0s5OGpWZ2dKOWJiNlUxNDlaMmFZMFZSMjY5Nm00ZEZfZElFdmQ5ajlRbGNoVS1zT25YT2p2eTl4WExZZlRfNkhQV0JHaEdwLWZJb3c5MFcyQXZMYkdCdWVBZE8yOGZXbm5RMlBhU243elh4RGtkTmZidkFwQ19NRnFlNlJqanpmUnBwd0VSTDFjZ2JuSFlQVDJhX2U1RdIBrAFBVV95cUxPc2gxVnh4Q202bWJuQmcySGhXd1pZaGNjaVp1eUkyeXh1OVZnd1pwZjB4T3dvZmxhdzYyTVhpdkFnOXNLb21UUHl0MkZGSmRfbUNrRGFyTlAzQ1prNUZVbUNvSjZreFNuZUVPX0tnZElfVEQyalNzR3ZPRHo1RHNXaE1MNk16UGFiX1V3ZUxxSW9EVklfRWRlU0Y2UkcwT2dzRjczMzlBYnJQV1FB?oc=5,offshore,Equinor Pulls Out of Japan's Offshore Wind Market Crude Oil Prices Today | OilPrice.com
2026-06-27 00:42,"Equinor Discontinues Offshore Wind Operations in Japan, Shuts Tokyo Office by End of 2026 - News and Statistics - IndexBox",https://news.google.com/rss/articles/CBMijwFBVV95cUxOOFE1VjN1TXE1NmxNTEZpakk1dUZSZUxtRTFtWExlVWhCZ1Z2SVZaN2VwUWY5eHJVSUhZeGZ4Z1U2Ulk2YzJ2LTNnOVJINU04dFRjc2QzRE9Bakgyb2VyRlJzclZzbkNQRHZPLXZnVEdsS0NnVGdUX0hrcjlHYzVYSzhYbnBSZ193VXZxM1d0WQ?oc=5,offshore,"Equinor Discontinues Offshore Wind Operations in Japan, Shuts Tokyo Office by End of 2026 - News and Statistics IndexBox"
2026-06-26 17:56,Equinor Quits Japanese Offshore Wind Sector Amid Broader Rethink - Energy Intelligence,https://news.google.com/rss/articles/CBMickFVX3lxTE92V2FMamM4dGFFbUdMbC1BaEFTdHoyNWtPRll3a0dFSlBnTGhPWlNvYVVnbXVJdmNOMFJsQkZfS2VGLUN1a2FRR2pNOHBnckIzbmlLY0ZKVlRLREwxR1FGOS1jYXdHdzVNZmVTMkE1blBvUQ?oc=5,offshore,Equinor Quits Japanese Offshore Wind Sector Amid Broader Rethink Energy Intelligence
2026-06-26 17:37,"Equinor (EQNR) Exits Offshore Wind Business in Japan, Closing To - GuruFocus",https://news.google.com/rss/articles/CBMiygFBVV95cUxNTDZCUXFMbUFzU2lTek5yVTZvVXVQVVpnZk1zb2VoVTRTa0piOXpmU3JqaEFqcGs3N1VTb2tna2dvc2kyb0Uyc0VWUjE4dEFqTGdsOVdsbTIyYnc0LWhVRUh0WE9WNnBCZXlVNTY5dm16UXBYdXZpZGJoQl9wdkZGcnVUS3J3U2l3SjQ3VF9aUHBka2ZmYnJKM3lKVmhjQjlyTTNocmNMX0J1ak00c0l3dmt0Uy0xaWRnczVLNDBuTW9XTF9qVjNaS2Jn?oc=5,offshore,"Equinor (EQNR) Exits Offshore Wind Business in Japan, Closing To GuruFocus"
2026-06-26 15:15,Equinor Exits Japan Offshore Wind Market - ChemAnalyst,https://news.google.com/rss/articles/CBMioAFBVV95cUxOcS1WOS1NMTJWRWxMNktpVG9aaW1yYTZVY1VkSkFzRTZSZEV4Z1BTRE1mMDhnWmprODhsVnVTdU0zVDRObS1Pcy0ydkQ1d09NNVgtZ1hEcm15b2NPaTBNM0FWdFRrRHprcEJBeU5PdlU1ODdybkJVLTVWOW5kaTdNTjNnTWllTkZ5MF8zMnUwZDlXcmhSNU9iMXIyQVFjb3BV?oc=5,offshore,Equinor Exits Japan Offshore Wind Market ChemAnalyst
2026-06-26 14:28,"EQNR Exits Japan Offshore Wind Business, Prioritizes Integrated Power - Yahoo! Finance Canada",https://news.google.com/rss/articles/CBMihgFBVV95cUxOdmw4QVBwVmc5QlRVSkswLWxnQmROc2RjYWxHM0hPNmd0bVVZVklyUllrd0ZsdWRlaV9QMFAzM0ZEbTh1bGJrbkR0cXBxNnhYaDY0SUtaTjFRVGN3ekhTZkN6aDgzQ1FZN1ZpNkJNXzNac0NNNkhETUs2dGdiX2RBZDFVVDFOZw?oc=5,offshore,"EQNR Exits Japan Offshore Wind Business, Prioritizes Integrated Power Yahoo! Finance Canada"
2026-06-27 07:38,"Equinor strategy leans into offshore wind, stock in energy transition focus - Ad-hoc-news.de",https://news.google.com/rss/articles/CBMixgFBVV95cUxOa09KOFFtdE5jUDE5Ynk3dGlncnJIeG1LeGNzLUVnanVqS1VtNlZJUU14eWJUeVhRUFd3amEyX1BWNlAzZWRJTEh1X1lhV3lDQ0VRMjY0VnFNaGNId3E3SktLQ0NvY2pXTkRsQ2tnWmJ0UURUeDN2a3NKa2g5RlNWS3VJTWhoNmZvSUxOdHF2NldqQ1RwY2ttVFVPaVVVRERtU2tDUG5PRlNWaVVQUXhNcU1kaFM0S2JHZ0dHeDFyZjVGbVB1UkE?oc=5,offshore,"Equinor strategy leans into offshore wind, stock in energy transition focus Ad-hoc-news.de"
2026-06-28 12:51,"Vestas Wind strategy in onshore and offshore, shares on Copenhagen exchange - Ad-hoc-news.de",https://news.google.com/rss/articles/CBMiwgFBVV95cUxPNG5fdXNDeG9tdlpyeVdBaHI3SGhudzhFTnNjNHNfT1YxYkRJM3dKRWlnNVdfSGNtZ1V2bkhwUWVwLVAyVjZsWC1WTEg3dmhmVEVTbzY5V2czMGg4anN3QkZuZjlXUnZxdGYtUzRMVGt0and6RzZXN2E2NWs1OHkwekZRdGlyMnNmMU5YMnpORDNUenkyZ2hRLVhsdG1sS0NtREdYVEEtdmk0bFk0M1JIc1Q2YU85NnpUUnJzMHBOb1I2QQ?oc=5,"offshore, onshore","Vestas Wind strategy in onshore and offshore, shares on Copenhagen exchange Ad-hoc-news.de"
2026-06-28 12:40,The Hornsea 3 offshore wind farm from Ørsted Energie - 2.9 GW aiming for record-scale clean power - Ad-hoc-news.de,https://news.google.com/rss/articles/CBMiygFBVV95cUxOWTZ1c0xxdXlrbkZ0Mmk5VUR0b2wxZjRyUUV6SmdSX2hnYWt0WUZTV1JsVUdCS3BWMGI2OTBCVmo2aV9iMWxYQzRxdEhQRlg5Q0NlMmxMdVkzdEhUVzJJZk0tRlEtbEJzZ0s2TV9WRzNtLXRmckVFcUFtWTJJdHdXNjZxbzBOT0xqSWVLYU9CVW1ZcGNlRTdXUEVoa0J6NzRyMVA2MV91SVoxcEhJc21tR1M1TVl1YjYxNUIxTmlRZm1Ld25NTEdSbi1B?oc=5,"GW, offshore",The Hornsea 3 offshore wind farm from Ørsted Energie - 2.9 GW aiming for record-scale clean power Ad-hoc-news.de
2026-06-28 01:42,First turbine installed at RWE’s Nordseecluster A offshore wind farm - TGS 4C Offshore,https://news.google.com/rss/articles/CBMirwFBVV95cUxOdzMxZFVsXzNjQ01OX3dIU2RwVUlZVVpZOTZWMjBpWmtwTklBTjNKdVNxLUJuTmdTdVNmNGZ4TW9sSlpXNTNjSmhwcXVZcWlYR0hvek5xckpTMTlYNGxMMWJaQVplQVE1bmFUZTAtNDlRNmVIOUE2dUcxLWQxaFYwMkdjWFFUZXU2TWRBVWs0X0JlU294aDhXMzdFY2VmVnhtWnhNT3JQLUNkNFBCMmU4?oc=5,"offshore, turbine",First turbine installed at RWE’s Nordseecluster A offshore wind farm TGS 4C Offshore
2026-06-27 15:05,Hornsea 3 offshore wind farm from Ørsted A/ S - 2.9 GW project reshapes UK power mix - Ad-hoc-news.de,https://news.google.com/rss/articles/CBMiywFBVV95cUxOQ2tWakoxMWJzVEotWjR0YXVXRW1Bb01qS1loWWdTMDdVZnNWN1ZMOFl6cGYxQUxGZU9YZ1R5ZG5aZFl5S2FqX3pUdjh1THRzQU9zR0Z2SEJVaWotZ2ZUOFFjVHF4bHFUeTFzMDBMV2VGZnpSdWF2M1AwRDBwQjZkR0MwX0xYbEtoRmVtTEVkTXFHLTBpcGFXMm42aFMtazdOTGM3UWw4dmJjN2thYUdGZVhxa1FZUkZySV9LeE1UdU8tcmk4QVZYLUkwWQ?oc=5,"GW, offshore",Hornsea 3 offshore wind farm from Ørsted A/ S - 2.9 GW project reshapes UK power mix Ad-hoc-news.de
2026-06-28 07:51,"Nordex advances Romanian turbine project, shares in the European wind sector spotlight - Ad-hoc-news.de",https://news.google.com/rss/articles/CBMixgFBVV95cUxQYlAyLWxfY0tncDcyRElfRHd4cUVsMTRZRER0ZnVYN3pPbWRsVXVJRHZURVhDZlQ0a193QWswa28zSlRiZXpsUVp1TmtiSTg3bkRkanZLYVRteFNieGpSN2pNLWV1QTE5cG5xRFJNQWFKQVBLR1dOOGRPdUVySnU5WFBwSnF2bllpOHJTbUNDUm9PZlQzUVJ2SDVlSmJlOERwX05KVktQbi1DTGRONjB6b3NMcTNKSWxscnI0bUZmemhETWozeGc?oc=5,turbine,"Nordex advances Romanian turbine project, shares in the European wind sector spotlight Ad-hoc-news.de"
2026-06-28 02:24,Why GE Vernova (GEV) Is Down 5.8% After Joining Russell Top 50 And Securing US$2.4 Billion In AI Data Center Orders - simplywall.st,https://news.google.com/rss/articles/CBMiywFBVV95cUxOMUhBSnZBZGViSzRub1ZuYUVCUmx2bGNDSGgzZzNwdVBpRFA3VVFNcG1TdEd6Vm5JcXo1YkdEblNQQXBJbE1YQVpycjRqbl9URTJsV2pPT29JNm1IdWZHVS05VXJPcTMxS2RWRlYzWk9pSnk1LUhlSWV5RExUUEhTd1V1aWNpV1ZXRndXXy1XdGI3Ni0wSENwYkN0bTRxamdaYVVweVdSdlZzMTJDb3RUaS1hLWFqZnNBNXNaQVd6a0xZTGI5WHVPa1RNd9IB0AFBVV95cUxNYUgwektzcW9kM2NWWnl2Y2xYOExzaEtFWGFaUG1SUXFCSS1LWmFDN2dDVDZMTzFmTXBUMzJxSlJzNEs3bWl3aU5ULUstTzlub24yc3p3SGFOZEt4OVNjWnBPUGw4ekFHZ1lzUjZ2b2JEQXZRR0d2OU5fX2pzUkFoUE02RTh5MzNUZC1NX0FwWm14OEJBMzNQTXgtaEVSclZYNU5obUV0bjJieFBVSm1kVlh4ZW9Tb3BFWHVoYWRGVXI3YWR5TDBxM0tMMDZNaDhY?oc=5,orders,Why GE Vernova (GEV) Is Down 5.8% After Joining Russell Top 50 And Securing US$2.4 Billion In AI Data Center Orders simplywall.st
2026-06-27 23:37,Suzlon crosses 1 GW partnership with Tata Power following a new 400 MW DevCo-led EPC order; check stock reaction - MSN,https://news.google.com/rss/articles/CBMiswNBVV95cUxQR1E4VEVFMEp6QlVGcDFnaHp5ZDMxcnZYaTV3dXBKbDF2Q292eFdJU0VYVEVGZVRvcHhLek9yb1hqQlA4SjFPcldoMmNmNTd6STlDMkQ1VHVVNHZ4TVp4MENIUWRJa2c1SUltVm1MeU9KVVU5aWZYX0lORF83WVBnU0F2X3ZJQU5VVGVUN09LcXFrSjB0Qm1zS2dXTTRMWXF0TUJESi1faXpLblBRQzh5MnBnNFRYTzZfb3NZdHVOR3NYZExnWnN5SDdGZUV6T044NG1fNzhMd19rNXRZaWJkanZ6REFMMmJsNDNkRUdGd2tkOGNCQ3FxejZXN1JRM1BTNEQ3UTdyTGoyNWtoUmdDcUFLeTJSdnA5aXpPOXRXWGFBN1ZoZFY5UUhQQ1ltMXRmOVRFWWlQTS1pcGJsV0lINVY5TE1KeFJVSWd3cXVHRHJrRW5NT2hEZGNUbWNtemc1bXV2ZEtJaEhrMlVDWjJDOHc2VjA3d05jcjZ3My1lQW9wOHVTSHJZMjlFamFMcERfc0ZOQTE3T1dkSUhTRE5UMk5iaFh2S0hQQko1c0ZRUkRlbE0?oc=5,"order, MW, GW, partnership",Suzlon crosses 1 GW partnership with Tata Power following a new 400 MW DevCo-led EPC order; check stock reaction MSN
2026-06-28 05:58,What would a huge offshore wind farm mean for Norfolk? - BBC,https://news.google.com/rss/articles/CBMiWEFVX3lxTE1jR0tMNEMydW1zcWlXV2lqUnZRVVJrcTdYN2M5LWZweTJJbDB4aERudEF0cEF5MUpJR0dPbTV0UkNYRV9mdU9IOUF4bDNkUUNmNjJRX0pjQS0?oc=5,offshore,What would a huge offshore wind farm mean for Norfolk? BBC
2026-06-28 06:52,The RWE Mega Battery from RWE AG - 220 MW storage anchors the grid - Ad-hoc-news.de,https://news.google.com/rss/articles/CBMiwAFBVV95cUxNTXZSb0NyS2VkR0xDWGVpUDljWVZvT0d3bl9tSjVKMWo5RlVpRmlrY3lxQy1qSFR6eXhKX2lNcm1QN0dNeEJ1U0VQbGM3aGl5MF9sNGdyTC10WGIwdVh5SUVhWkFwTDlHWVJEWDI2cUVYU2FJaE9NeHFYcWNoVFp0RlNOMzRXMVpIbUQ5YmZ1SUl5UXNab2xsLU5jcTdrSkNOR2EyZ3d0RE1rX0RzSkJiRHdWSnNvNlcyVjlNZU5Kc0E?oc=5,MW,The RWE Mega Battery from RWE AG - 220 MW storage anchors the grid Ad-hoc-news.de
2026-06-29 16:20,The V162-6.2 MW from Vestas Wind Systems A/S - EnVentus turbine pushes low-wind output - AD HOC NEWS,https://news.google.com/rss/articles/CBMixgFBVV95cUxOdXdEci1idHVJU3BjS1RVTWZYWHB5a1F6enVBcHhPOXdLLVpSY1VxQ3g0ZUplbWhweVZhYnN6bHZCQ05ZbUg5S1VUYURaeHhUYXpYYmdTX3lscnZQdEZVODZ3SmcybkZEZWpWM2dXd3NUV3BRWTlmSFIwX1Z6bGlZeW44a3hpNnN4a1BjVlFGR1k3NFU1S2NkdTlVSnR5cThlRFRQMTg5WE9rYWVXOGhfRElwLXhYTGw3dEZUSFdjc2RaYnNHRnc?oc=5,"MW, turbine",The V162-6.2 MW from Vestas Wind Systems A/S - EnVentus turbine pushes low-wind output AD HOC NEWS
2026-06-29 01:44,V150-4.2 MW from Vestas Wind Systems A/S - taller hub and steady output for low-wind sites - AD HOC NEWS,https://news.google.com/rss/articles/CBMixwFBVV95cUxNaEhWZklsRHVjMExKT1VRTVNyUGpDd1pxczJVck8xVWpUdTVEVGI1bXBZeDFkejRUc2drd2otM1JCZ2VpNXQ0N0Q2dDMxUHpyN2pDaXFnV0ZpeXR0UVZoQTQyb1pJZUVqYzFYOThvNmJwWjZlRFRBYTRWZV9IdlRHNlQ3UFg0dGViQ2xMNnM3a05XNXNxSzlnMllCVEJzVENuUjdaLUx1dGVIbTFId0hraHhDWk9wSmNYLU5RRmVYYklzLWdQQ0ZN?oc=5,MW,V150-4.2 MW from Vestas Wind Systems A/S - taller hub and steady output for low-wind sites AD HOC NEWS
2026-06-28 18:24,The V150-4.2 MW from Vestas Wind Systems - steady 4.2 MW workhorse for onshore farms - AD HOC NEWS,https://news.google.com/rss/articles/CBMixgFBVV95cUxQcW9KenpNMkE4WlE0LXBrT1pIdGtQbzBHV2FPNjdDWE9HaDJicl9EcWV2S014UVBRSG16UGFxTmxBMlJQRUptc2RTLUtGWmZXSnYtV0Q3NDBhUl9tRVBfNGM0Ym9xZlFxS2lOQ0U0cFF2aF9KZXFwaVh0d0NzT0k4aW5iQlB1WHozNzRIbTRXY0pvSzUtZzRzdEw3bTY1bEdfb1NhVzlDQS1XSWV0QzhxMkp6dF9oSk5tcUp3U1BVM2dUa0Q0VEE?oc=5,"MW, onshore",The V150-4.2 MW from Vestas Wind Systems - steady 4.2 MW workhorse for onshore farms AD HOC NEWS
2026-06-29 13:27,Aker Solutions Wins Electromechanical Contract for Norway's 150 MW Tussa II Plant - energynews.pro,https://news.google.com/rss/articles/CBMiqgFBVV95cUxORTZxRzVHMkxUdEFXNHNsS1lqY0xJc3kzOE9wWGVHcGVvcUNlY0RGazQyT04xQ2t3VHZsM2c4YllDLW1ueGNuWnBKTGxJOTBReVFUYm1QZkd5ZUo5R2tfRUFLdnYtZUtVSFpPWUl6d2ZWNnNEV3MyTk5fQXJhR3JaSUlwQ3dSODE1c1BZNHNpLXF5VC1fbkptQktXQUpTb3YzUzZiNlNtZWhpUQ?oc=5,"MW, contract",Aker Solutions Wins Electromechanical Contract for Norway's 150 MW Tussa II Plant energynews.pro
2026-06-29 11:26,Wind Turbine Automation Market Research Reveals Strong 7% CAGR Outlook Through 2030 - openPR.com,https://news.google.com/rss/articles/CBMingFBVV95cUxNaHB2dzNhY3cxMFFVeS1rLUhXcDZFajhoSmRxWmRUdWdOaW04VjZlTnZPTC1pd1pCRmNxTWpOdkdWYS05Q2djcksxVnF5ZGxrT19weExaRUo0STBIOXdqejRJRlE2bFdYRDdZRm44QmpsR0g3dFBoN1BsaUo4T2VxM0k1OHc0VXdnVHRsdDRMSksxYjEzYnFFb1Q5VmJPdw?oc=5,turbine,Wind Turbine Automation Market Research Reveals Strong 7% CAGR Outlook Through 2030 openPR.com
2026-06-29 01:25,Ukraine Targets Return to 54 GW of Power Capacity by 2035 as Energy Deals Near €2B at URC2026. - ubn.news,https://news.google.com/rss/articles/CBMisAFBVV95cUxQQlpQVVd4VTlwUnljSXZSTXdqX3I5bTBuOWwxLTZsY1VZeFRqbDhFTWJFUWVFQmtNMGptd2I4SHlWTF90Um0tbFNyUGIzWk15M3pvNFlqR2xuQUpfQ1lMN2FhX1FDd3NHWHliSm9rZkIxYXgxeWtTaG9MdFNiUXpUWFJvZHpJaGJnTldRUTNfRk1sbDVqRlV5NDlQTUlNY1lBN2YtT0FsZXNpYkRuaERXNtIBuAFBVV95cUxQaGE2UThiYi16YjhKSnhqRnhGTFUtQUZXVmd4c2hzbmZOdWcwanJPd2NlUVN6YWF5MDR5RDI4U1FvXy1jOHJIalhiNE9DdUtYUGlTTnR2TVVmVjZhaEhqbGJJb2tRRmo2Z1ZnQVdnRkZrclVSam1QMnNHRzVNWjdKVEQ4emRsSDRxZ0lPRDB6em5jQng4cVZ3OHpXblM1ajJhYjB0M0FHVlBtdWhlTnVCNGlUVldoT3NR?oc=5,GW,Ukraine Targets Return to 54 GW of Power Capacity by 2035 as Energy Deals Near €2B at URC2026. ubn.news
2026-06-29 09:59,Goldwind submits 600 MW wind + 250 MW/1 GWh BESS in Australia - Enerdata,https://news.google.com/rss/articles/CBMitwFBVV95cUxNMWxianB1UHZiZFp4SUsxblJldWFkem5ZMVRWWmh1N3YweEg3REhSV3lYNFhqOVFXOWd2cXNRd0dGdXZaZlhCY2hHYXdMQ0MwNGJOc1FFQlVCX2sxMllqY1U5TFpuTnJ4cVBLY1ctcVdOcXRxNGxYdm9nVTZjY0dVZ29Zam9ZVGd3bUQwdWw4eTJJV2d2bjhxRjc0NjZabjFmLUZPNVUySTZmQUlrdmNHMG5PYUZ4SjA?oc=5,MW,Goldwind submits 600 MW wind + 250 MW/1 GWh BESS in Australia Enerdata
2026-06-29 07:55,"Edison Completes Wind Repowering in Abruzzo, Reaching 186 MW and €200 Million - energynews.pro",https://news.google.com/rss/articles/CBMiowFBVV95cUxNeE1JLUJlUy1oQ051RnppaFpGSVBERmMtXzh4WjNMdjBTZGs2ckh5LTNBWDdzdVp3NXVzUWFHRVlSbmZsbEN4VGVEQmZ6TElTZGFPYTZIMXA2Qkpadl84aHQ2aUxhdjMyX2ppMy10Qnp5U09xZ21BdU01S2ZMMFUwelFmSkZHVDRVdDB0MmJpSXRmU25CYmNYQ2pwVXdMUXl0cVlr?oc=5,"MW, repowering","Edison Completes Wind Repowering in Abruzzo, Reaching 186 MW and €200 Million energynews.pro"
2026-06-29 08:28,Vivant Energy acquires developer of 200-MW Samar wind farm - Malaya Business Insight,https://news.google.com/rss/articles/CBMiogFBVV95cUxOQTlrQVY3dmpETlVOODZ0UmM1WkFCS3c5YzFkN1FIcVZnVTFJa29POUJDc0REM191eDhjSFlCNUFYVEwyTVAyWm4wUUtFUzd1T2lMeTdoVHp2aHU5cVNqUzk0SzNBWXljTUtsUUNFcXpPRkZJX09Cb0o3czljejl2aEFKNlpzT0VNb0JVQ3ZEZUhMOUJ4dzJGRnI4cDlkRW5JLUE?oc=5,MW,Vivant Energy acquires developer of 200-MW Samar wind farm Malaya Business Insight
2026-06-29 11:46,Seven Pre-Qualified Bidders for Canada’s First Offshore Wind Auction Unveiled - offshoreWIND.biz,https://news.google.com/rss/articles/CBMiuAFBVV95cUxQZ0loaC1iMi13MHlVejVtMlZESUVDUTc1azVVbWVpOWdPNkhONE5vVTJJUXVLTXRsVkVzRnhPYWJ6LUVRaU1GanRoY0xTRXNJdHBtYjdTYXJlclAtc2ZxOUpZLU9VMW9WWFVHNll3QnhmeUVod3BVcHAwaTAyR3V0QXJqejdaX0JxNWczRmRYMng4MGM1N0xMZkF3cXpUNjE4ZGlpb09FR1hnY2dORzVmbE5wdXMwcGMw?oc=5,offshore,Seven Pre-Qualified Bidders for Canada’s First Offshore Wind Auction Unveiled offshoreWIND.biz
2026-06-29 07:04,"Northland, DEME among runners in Canada offshore race - reNEWS",https://news.google.com/rss/articles/CBMilAFBVV95cUxQZzdncjFlLUlMN055ZXUtQldnS3FWU0JiZE1ELXZid3R2VTkycFdsQUdwazlVaC1Td2tfR3B1VnBKdUppYkVXb2JJeW5XdTQtbUcxTG5aekRPSjZ5SFZNVGxRX0phWlZURTRlTjFGb2VqcFJjQnp5cFZjQjJ6Rl9BR2pVb2pVb2l1emVrR0k4MTR0SGhY?oc=5,offshore,"Northland, DEME among runners in Canada offshore race reNEWS"
2026-06-29 12:01,Nova Scotia clears bidders for first offshore wind auction - Splash247,https://news.google.com/rss/articles/CBMiiAFBVV95cUxQMGRmRWFFMFBxc1IzRU5ReWtyc0Q5UGRtQktmN3JKaGhWQ2cxdWRSTjJLQ2xrNXVKbUt2QndiYVZPOGtDcDFCNEdGeW5jVDhDRmhYU1NkQjhhdk5Tekd1Qlp3SEYxeEthc1gyREZnX0U5RzhKNW9mWGxDWlkydmp0ekhzb3pBRU14?oc=5,offshore,Nova Scotia clears bidders for first offshore wind auction Splash247
2026-06-29 11:35,Nordex secures 325MW wind turbine order in the US - EnergyWatch,https://news.google.com/rss/articles/CBMia0FVX3lxTE9Ydlg2c29uTS03ZU4yaWFIMm9nS2tRQ1VfbXozRUZyOWd6QjlZaGcyNHp0NURwYVcxWW1kZEVhSUd2cnBDSTY1ci1ncGpoNEh2VU12Vk5FUVVSeVZsbXRJNERyUTJuRnRlVU9n?oc=5,"order, turbine",Nordex secures 325MW wind turbine order in the US EnergyWatch
2026-06-29 07:38,Nordex to deliver 325 MW of wind turbines in US - Renewables Now,https://news.google.com/rss/articles/CBMikAFBVV95cUxNMW1kQTNxRXdWTjljUW92X19TRTQwR2RLMUh4anA1bWpKd2pyakhsa1pqckc2ZUFPaDVVT1ZGVDhkTTAwNmVETW93U3dLMGhtUFpBSWE2QWR0VE1MaVFRQ2RMam52dlZTcVV6aDR5MGRmYWNfRllWVzJ2TFNxX1lqYXZadHpZRVpUSG1GSzhoeG4?oc=5,MW,Nordex to deliver 325 MW of wind turbines in US Renewables Now
2026-06-29 11:32,Nordex Group Secures 325 MW Wind Turbine Order in the United States - WindInsider,https://news.google.com/rss/articles/CBMiqwFBVV95cUxPZ2xfT2Y2MUROTGl1b0ZlQmlhUmduNjFNdERLa0ZWbG5tTEp1TnhlZlFIeG1GNXBwQ01Qcm1vcGZzbkpWdFZBMkxzMVV6RkNlRjlqUnhhanhXbG13bDVYQU51cGNVWDg1c09yU2UwbnF3OTEyZGF5eF9ydXlKU3V2LVJLRzJHOVlJS21aanltVkhyejBSOUtHLWtNOFMxbUN4dzRGdGlrSERodmvSAasBQVVfeXFMT2dsX09mNjFETkxpdW9GZUJpYVJnbjYxTXRES2tGVmxubUxKdU54ZWZRSHhtRjVwcENNUHJtb3Bmc25KVnRWQTJMczFVekZDZUY5alJ4YWp4V2xtd2w1WEFOdXBjVVg4NXNPclNlMG5xdzkxMmRheXhfcnV5SlN1di1SS0cyRzlZSUttWmp5bVZIcnowUjlLRy1rTThTMW1DeHc0RnRpa0hEaHZr?oc=5,"order, MW, turbine",Nordex Group Secures 325 MW Wind Turbine Order in the United States WindInsider
2026-06-29 05:30,Nordex Group scores 325 MW order in the US - TradingView,https://news.google.com/rss/articles/CBMinAFBVV95cUxQV1RTQkNVNkhiTVhIT0VBb0xmOXYzMVpDWm1wV2tpcXNJYU1Db09KanVBMlRxN2UtbFpxUUpCQUZrUnQ5S3BpRkRuNWNtdWx5UXpSb3VOalJZbkdWbFZ6VXdsMEJkTXk5bEJkamYxX2RlMW9ZNDBTODcxTWlQNmNxTkpVTFBzdjBXTm9WUDR1N2UzRC1tTkd1Qk83UFo?oc=5,"order, MW",Nordex Group scores 325 MW order in the US TradingView
2026-06-29 07:13,Nordex wins 325MW US turbine order - reNEWS,https://news.google.com/rss/articles/CBMie0FVX3lxTE1rTU13V21EVHItb1hWWUtnd2lTUXloLXBRUG9Ya3NXWF9hMTY1YjM1aElEanBqc0c5dGNENTgtMXFZdVJHVHhVMGg0cFY4Y1dHWGdZT3gwNWpWSWYtUFJPUHN5MDNXMXpLZEtxSmdrQXkzVmt4ZFVmM0M4Zw?oc=5,"order, turbine",Nordex wins 325MW US turbine order reNEWS
2026-06-29 10:55,"Nordex lands 325 MW US wind order, shares trade higher on Xetra - AD HOC NEWS",https://news.google.com/rss/articles/CBMivgFBVV95cUxQV1BmWFBoSDBycEowRFhEYmRtVXh6dW9nWjJXMG9KQ25oUnlYRDlMYVotOG5XRlJiRDZZc2YtOVBKTFV4X3hoQkIzSXViMnNZdzlKbHVKYVB3aHF0emJzT2I4cjl0TEF3X3VGU09IN3k4c294cTNOMlJQdDBLanRDSUhBMTNYNE83aG9rU3JIQUh5Zkp3SVp4bjhCc09pOTIyalEwQU03eWwzQWxmcGRVbWNmYnc1cDZ4NHhSdEhB?oc=5,"order, MW","Nordex lands 325 MW US wind order, shares trade higher on Xetra AD HOC NEWS"
2026-06-29 06:41,Suzlon Secures 400 MW EPC Wind Order from Tata Power Renewables: What It Means for Growth - India Infoline,https://news.google.com/rss/articles/CBMizgFBVV95cUxQTW5DS3NIVEFONGdjNXYta19KN1NTd0JTbzN2Y3dPcjNvanVzQzFUX2xTWGx6V29IV3kzWVZxd0F3MFpJeGlQMXlkbkNUNm43OUkxckVtNmpuYm5uejMxajVCVHFfT2IwSHJWVTRmVUp2LUZSVmtWdWVjLTg5X0hZMThWWHVsbEtRRE11ZVUwc2h6aFczTkhTcERqQUIxNTdYVm8yRTZKN243Wmc2allDeW4zRHhZRFp5QTFPSkQ3SXNYempPZzUwTGxVZXFoZw?oc=5,"order, MW",Suzlon Secures 400 MW EPC Wind Order from Tata Power Renewables: What It Means for Growth India Infoline
2026-06-29 08:50,"Trending Stocks Today, June 29 2026: Vodafone Idea Declines Despite Spotify Deal, Yes Bank up After Citi Remarks, Vikran Engineering Rallies On Order, Suzlon Energy Rises On Win - HDFC Sky",https://news.google.com/rss/articles/CBMirAFBVV95cUxNNUZIN3Z3ZVphNkVwMXFKZHV0aG94cy1SdnBodS0xVkVJT0RoNDgyZXNTdmZXY1JMM2tTNWNKNHBZcGpXOHZuNG9JUzFlS0R3Qkk3SkpCRWo1am5SbGhUSWprXzNTWTA1ekUwMTZyNHJ3ZE9OX1R5Vi1wLWJaeUNYaVZHcy1NRkx0MEJoYVlzWWtyd2EzcGxWeFZVUmhKRnFkTjIzd0owajNpMWMz?oc=5,order,"Trending Stocks Today, June 29 2026: Vodafone Idea Declines Despite Spotify Deal, Yes Bank up After Citi Remarks, Vikran Engineering Rallies On Order, Suzlon Energy Rises On Win HDFC Sky"
2026-06-28 21:55,Suzlon crosses 1 GW in cumulative orders with Tata Power after new 400 MW EPC contract - MSN,https://news.google.com/rss/articles/CBMi0AFBVV95cUxPNlBFX0U0aHQwLWs0Mmx1aTYxMUtadmFROTAwaGVYc3l6TEJvV1p1YlE1UmJlc0xQbzBueVhKaElZOUlUVlA4NzNDZzd6QzBsMmJZbjBWSGtETWdweGdyQ002bVFtQTNsWmVsSkh6Zkc2bnYzMFNCTklFY0xpUFZxQVBlRGJVZVNKVnRBOEhzd0FEVXV1c3RpTkdNZWRGNEh5Qm5ybnVhTjNnRHNuX1VxYThtcXFTZHB2WTZSYVZiM1FILWk1dUhkWXRwaG1SX0Ry?oc=5,"orders, MW, GW, contract",Suzlon crosses 1 GW in cumulative orders with Tata Power after new 400 MW EPC contract MSN
2026-06-29 10:14,"Ørsted outlines long-term offshore wind strategy, shares tracked against European renewables peers - AD HOC NEWS",https://news.google.com/rss/articles/CBMiywFBVV95cUxPdmdKd20teC1IWWpGeDFuTUxTdHg3c0JZZGpvTTMxMWZjb21iemFVSlExNktlSXFmUGVTNTZrcWFzdkoxYjdnNnZ5ZHFVV2R2Um5JLU1PaG5wMXFocHNZRGlseGZuQVlPWlY5TkQ3cHVEYmppazFJenF1OXNTbzR3eXdGVGVpQV9aOXJ4cnd6NFhjVDdSRVN3Mk5lbWMwWmMyWGI0c05hMDNFYnVoMndmcHAyY0toRFFONklYS2RYa0NsVzg2ck1RQnRJdw?oc=5,offshore,"Ørsted outlines long-term offshore wind strategy, shares tracked against European renewables peers AD HOC NEWS"
2026-06-29 05:06,"EDP Renovaveis updates its offshore wind pipeline, shares tracked against Iberdrola and Orsted - AD HOC NEWS",https://news.google.com/rss/articles/CBMiywFBVV95cUxOV2tXcEl3SnZLX2dGck9sbzBlLTNtdVk5S1FqcjM2OVJaT1N6SmJ0V0FWOTU5d1JEaEEwOTQ0Uk9NM0R1Y0ZYVTBEZUVtd0o2S3JGajNZUXc3ZDFFZXFRakVRdEx3a1hYdU5XaXZ1Y05KQU9LNndGbldNZG84NnJrRjdyWkVyb2ZhLWM4UWpsdklSbHhQNHpRZl9kOE5JaHpRR1hReVNaeHI2ZHhvZHczbHVLbjZLQ1lUTC1zWGVqd3RmQ2puTjRKanpVbw?oc=5,offshore,"EDP Renovaveis updates its offshore wind pipeline, shares tracked against Iberdrola and Orsted AD HOC NEWS"
2026-06-29 02:01,Hornsea Three from Ørsted A/ S - 2.9 GW aimed at 3.3 million UK homes - AD HOC NEWS,https://news.google.com/rss/articles/CBMixAFBVV95cUxNNHFsYW1pWkdscTJTSGtsRGxZbUhOZVFjYnV5Qnk3NHpua2hzME41eWh3OGVJQy00UTNtbjFzcjRudGkwTWZuR3RLVlhyT3ZFUng4NjBlS2FfX1M2dDY2WHlhdlR4NHZRSVphaDNDNGpIRDJnWkxab0c5LXRtSE90OHltLU9tMHRNS0VzVWZMdGVuc0dyb1pOY3NNR1NvLUEwblVER2lEVXQwVDdsczhWaDBsV250SndFUDAyUGFGS25QMDgy?oc=5,GW,Hornsea Three from Ørsted A/ S - 2.9 GW aimed at 3.3 million UK homes AD HOC NEWS
2026-06-29 09:01,RWE opens new control centre for offshore wind farms in East Friesland - Energy Global,https://news.google.com/rss/articles/CBMitAFBVV95cUxNYmhmcDlRWTd1UGlaekswaUR0WkZaemdxRldtemtuUG85X3NxWEc3NW52bnplc3dTMUlRZnFWUkp4MTdBSHBhVmN1cENvUG5mTGZfMzFVMk9ab0huOUdnTlVWQWZOSXk5SEJQZ1N1UWVhaXkzY3IyTkFSM1o5SWw0SU5WS2w3WlRMVkJfT3kyMEdkb1pRd2M2TG9ldURYUGV5M2JXZ0pnTkxKRXNlT25iODdoTVI?oc=5,offshore,RWE opens new control centre for offshore wind farms in East Friesland Energy Global
2026-06-29 04:35,Timeline: How Siemens Gamesa blade shipment disaster unfolded - Recharge News,https://news.google.com/rss/articles/CBMixAFBVV95cUxNNGdBMW9Yb2VGQzY3aDNFdFQ2R05GSHF6M1ljSmVJU3ZJVmtWRVlKWUxadmZ5YW40RWRrLTFMOFM0RE1RTkdwNmNNUWVvb1doT3B5M0ZIQ1Rmem42RFZiMTNvSFJrMzhCQTNKUGNfOXlRdzhHTThEdEVMVGJQMmJIckd5bmZJa2xQMWs2Qm5wNlNEbTg0aWtQT29QaG9CZWlBdkFsZzlzbWc4SnM0dkhPMmx3d0MyWGtEZzdKRkJCRnJ5SlJq?oc=5,blade,Timeline: How Siemens Gamesa blade shipment disaster unfolded Recharge News
2026-06-29 15:19,EDP Renovaveis sees analyst upgrade. Iberian renewables player tracks offshore wind pipeline - AD HOC NEWS,https://news.google.com/rss/articles/CBMixgFBVV95cUxNSUJDMmk2eE9xNjc4eS1WZ0NjR1NnOHlBakYzN0pnSVZSWFpXZDhwZnprd0xRSzlya2lFejIycDNfY2MycS1LVVo3VGhaZUk2Ulo1ZVVHSGhKM0o1V1FscThkNi10a3ZQN2RSWmI5QUdJSFZNb1NwWUQ3YnFBWmFtVTMyckl3UUdvbDBVcThXdzZGM0xWWmRkcXQ5cTVRTmRwVThQUmJIT2owUWRmNTJ0ZzZYRlBKUGowSXJMY2JybFVwaGZMSHc?oc=5,offshore,EDP Renovaveis sees analyst upgrade. Iberian renewables player tracks offshore wind pipeline AD HOC NEWS
2026-06-29 10:08,Equinor to end offshore wind operations in Japan - Power Technology,https://news.google.com/rss/articles/CBMiekFVX3lxTFBsYmFHazNrd1hIQThmOGlPUkFodnFZby03cE41OHRWeTBoY29JeEtTRGxJY3FGdUgyVkZVQUc0aFhpNlhLVml0eGFkY0dTa2dtZndLREtGR1ZadVVZNTlHWnVPeURmQzZTd0lJZWlkNnhsTHc1bWRmcXVB?oc=5,offshore,Equinor to end offshore wind operations in Japan Power Technology
2026-06-29 07:16,Equinor pulls out of Japan offshore wind market - Splash247,https://news.google.com/rss/articles/CBMiekFVX3lxTE1sUGdHYW1MM0JlTW9MNnVRNktUNkNad2FSbVJELUhaQk4xYnNvb2VjZkVvekk4VVp4UTZqOTY1NmUxekhfX095enNvNndhMXVBSk4wcEdFOThNc004ZTVkOC01bjlLM2RMZk04dW14eDJDb2drR0F1LTln?oc=5,offshore,Equinor pulls out of Japan offshore wind market Splash247
2026-06-28 23:46,The Hywind Scotland project from Equinor ASA - floating wind classic with real-world lessons - AD HOC NEWS,https://news.google.com/rss/articles/CBMiygFBVV95cUxNWFFJdTItU0plSGZhUFRJTkUzcUtPTmxSZ2dCWmhTRW5ycGdaMFJaTlJXRFFJcW5BVXZvTmRMenpuSzA0VkoxQlpza1NEUDJxbTlzUHhTRTREV2R1SDhBb0hrUXl5cTJ1SkhfT3Y3b2t3My1PNldtaVpjZkVncnQ1dGJVaWluOTMtUEU4bGZUQzdjZGxVRFIybmRZRWt2ODVQYlhaM0FkU25GSjA3QlRFMG5sRVQ2cmR2UTE3X1J6OWdPejJJcUY5QTNR?oc=5,floating,The Hywind Scotland project from Equinor ASA - floating wind classic with real-world lessons AD HOC NEWS
2026-06-29 14:50,The Other Country Losing Offshore Wind Developers - Heatmap News,https://news.google.com/rss/articles/CBMiVEFVX3lxTFBhV0pjdExKSzFvdXhiSXBKMzRWQlZ3N3J6RndISFFfQktsZTUzRDQxTkQ0MUhnSEZ3akpCQU1XcG9HVWE1QVpyMkxrMVFiNjRQVkRyVA?oc=5,offshore,The Other Country Losing Offshore Wind Developers Heatmap News
2026-06-30 11:30,CIP and Siemens Gamesa big winners in Korean offshore wind auction - Recharge News,https://news.google.com/rss/articles/CBMitwFBVV95cUxNSldndFVXYjJ2MjlFdVBobGZDY0R1VzI1eUphampROGhFNGExWjVETlpfRzFTWWFSRFVrcXRGczg1UDBGQUpLRWJUYlUzMW1HNnNLdmU2eWFXYk1VNnNBNWtLUVFOa1N2N0FVdWdNbEc0dURQd2dhRTR6bVdJRmlrczB5VXdDVV9KamM2NHVMN3NXRTBCcXR2RnZMOUw5ZWR6WGVCUHVPekIzck1RSjJCMTBiN0JJOWs?oc=5,offshore,CIP and Siemens Gamesa big winners in Korean offshore wind auction Recharge News
2026-06-30 05:17,Masdar Breaks Ground on 1 GW Wind Farm and Battery Storage Project in Kazakhstan - WindInsider,https://news.google.com/rss/articles/CBMivAFBVV95cUxPMlhkdV83TFBfaEM1VUV5MEZYZS1mdHZnaldHVWlGOE8yX3JXNVFGVmtqaENWa3h5RU90cUxtR0JxUUloaWFPSjRiWVk2NGNHU2FCV3JfZHpyM0l4U3dnNUx5eFdsN210cXdzSnNsU1JBRWQ2WnlFME83SXh4NjlhcWV4OFI0ZHF0ZUlOZjdTbmVPZlZac3Z3XzdfM1dfdlJ5SlB2UnY5UTVfaW5BR2J0dzVITzZEdEJ6RmU3YtIBvAFBVV95cUxPMlhkdV83TFBfaEM1VUV5MEZYZS1mdHZnaldHVWlGOE8yX3JXNVFGVmtqaENWa3h5RU90cUxtR0JxUUloaWFPSjRiWVk2NGNHU2FCV3JfZHpyM0l4U3dnNUx5eFdsN210cXdzSnNsU1JBRWQ2WnlFME83SXh4NjlhcWV4OFI0ZHF0ZUlOZjdTbmVPZlZac3Z3XzdfM1dfdlJ5SlB2UnY5UTVfaW5BR2J0dzVITzZEdEJ6RmU3Yg?oc=5,GW,Masdar Breaks Ground on 1 GW Wind Farm and Battery Storage Project in Kazakhstan WindInsider
2026-06-30 08:51,Korea doubles offshore wind bid ratio as China-linked turbine deal stirs debate - CHOSUNBIZ - Chosunbiz,https://news.google.com/rss/articles/CBMiggFBVV95cUxQQmlXRkFCdDBkZVBOUFN6cFo2V3h5Zm9JcVpqb3N5WUtXeEwtSVJzaHNuUEZUdFN2Q1pTR0Ewdl82eVQ5UlhWVWl4RTA0M294c0E1SWlvRkt5MVNtdnBWVHMyZWx6WWYwck9PX0dtVjdBRkV0YndFUnBtS2dBMGplT3lB0gGWAUFVX3lxTE8tcEJfbVlXck56eUticDdkS0xOUGctTFcxZERnQU1xdzBmVTdLSHpSbjlTOWw0LUtZYTNjZFlTaVh6Y0UyellPUl8tTlktRndjWnNyN2dTNmpRUENCLUdpajZpSFY0Ujg2ejI0WE5rZ2E2QXkxRHBZUWlPU3lmblNETk9UcU1sTk5nVmRJYUd0RTdlZVNGUQ?oc=5,"offshore, turbine",Korea doubles offshore wind bid ratio as China-linked turbine deal stirs debate - CHOSUNBIZ Chosunbiz
2026-06-29 16:26,"Envision Energy to supply 1,600 MWh storage battery system in Germany - ESS News",https://news.google.com/rss/articles/CBMiqAFBVV95cUxQWGZJcElYclRaX1FsQ0hZYy15cGs0QXVSQUJHZk92dHpRVnM5b19vMm5TY1pPaldZTVBUM09ZSjhZdGpHODg5ZnFPSGQwbVVtanBvYzV2SVp6NGtlamljQXNZdVJReU04eWhHX0VDUm9RS081OUprdEwxc1RCR216aWZmT0Vpajd0OVVEdFJvT2xaanA1TFJyMWxtLUQ1cEcyUFhwZUJtTjM?oc=5,supply,"Envision Energy to supply 1,600 MWh storage battery system in Germany ESS News"
2026-06-29 15:39,SUEZ Signs €2 Billion 15-Year Water and Wastewater Contract in Oman - energynews.pro,https://news.google.com/rss/articles/CBMilwFBVV95cUxOc0RPZHdYUXA5WV8wemlqM1BGOENITzZpenk3enVGbmtieUtzOUpJeW1leEYwRTJJLWZjeW1DX0dqNXJNWk5vN2NJYlRlWGVFRVhBYmVIMmMxOFpsSmVrd21vaU9MWllsS0ZuUUIzRURMSXhZN2tFeWV5d1MxbF9oSmRGY052b1l6ZHZROU1odmNvZ25WWm1j?oc=5,contract,SUEZ Signs €2 Billion 15-Year Water and Wastewater Contract in Oman energynews.pro
2026-06-30 12:01,Ming Yang: We still don’t know why our turbine factory was blocked - Utility Week,https://news.google.com/rss/articles/CBMilgFBVV95cUxObUJzZU1haWxwZW81SVRUNU5mckVBOVoyYV80ajJDQURwN0E0UlByMEpNSUhYeHlyODRmSWdNT0RmTm5ITVRUdFQ1eHJzSkxwckVLczhwZHVuQkZyZDNoWExmeHVVcTJsRjg1dklhbjJYY2ZYMGswTm54ZEtKMDlTSFlMVWtiZnJ4cXVJcDRRZDlZVkF0YkHSAaIBQVVfeXFMTkVkOVhMVExUci1id3FXeENiRW0yT0g2OFA3cHV3T0NoLWJPbXBoMGdiZ3JLaDlicHdSNWhtWW11M2RYUTJnSXZuclRmOFZkYlNvdjdhcGZaNnFxcm1YYTVBazh4eWlWUklHS0NrRld4SktFQTNfNm93NTFGRE1VTk51VmR4QVBlb2VaQ3ppZXl5LWM0OUtoZXFoVU5XNlRVeHpB?oc=5,"turbine, factory",Ming Yang: We still don’t know why our turbine factory was blocked Utility Week
2026-06-29 21:20,Canada Offshore Wind Auction Names Seven Bidders: UK-Banned Chinese Firm Among Them - Tech Times,https://news.google.com/rss/articles/CBMi0wFBVV95cUxQQ205RTJZNG1iYkgxUkJqNDVCYWl4XzJiTG9IcXg3S3dRSFh6VmtQVnA3MWhkMS1ySkp6cS1aODFZcTRGblVNQmVPNmlEbzc4c0g2QndzaVExZ3R1TzdDQVgwRUE0TDBuNTFhUk40eHJYSkx4Zzh4NlNsVFZCY2h2WDJzQXNrWmpaUjJwN3AtMUtjQS1JU1dPcXJUMVRIUmJyNVNCeFhDTXVQNnRicFJMSXNKWlRJdnkyS3RCcXhEWm9lWnVfOHhBbjgydkp4TU1wVEdR?oc=5,offshore,Canada Offshore Wind Auction Names Seven Bidders: UK-Banned Chinese Firm Among Them Tech Times
2026-06-29 23:13,Nordex Group secures 112 MW order from NeXtWind for Altmark repowering project in Saxony-Anhalt - Energies Media,https://news.google.com/rss/articles/CBMic0FVX3lxTE0tWlVPcGM0RTF3Y1h2NzJyMzFPVGxFZUJnU3IwTUVVSzc0YmtOemEyTUpBeV9TYUl5RlNSVG9XXzRKUzhIUFRQRkJULUJsV1BjQ0FaYnhJZ0EtblVBWlJqTmlsdEFrbDhrVjhuNTFCazY5MTQ?oc=5,"order, MW, repowering",Nordex Group secures 112 MW order from NeXtWind for Altmark repowering project in Saxony-Anhalt Energies Media
2026-06-30 02:01,"The Nordex N163/ 6.X from Nordex SE - quiet rotor, stronger output for onshore parks - AD HOC NEWS",https://news.google.com/rss/articles/CBMiwwFBVV95cUxPOTZUU0ZtcThCVUlqV29DRDhQTHdJOFhCQ3VvdTQxS2VFOEhOVnVENGU1Q3lmbl80eElFNWdRbXNYXzdGVFM3VlpaMDNCaWZqbEFZVWJiM1JPRW9MZ2lJV21tTnpBaFVwdkNocURjY0RWT2Y2ekJkVHFDQ256RG8zZ1l1SWctXzltZmI0ZnZEWmRzbW9kZnR6cWl4QjFaa1BzcnU5SXpTWXRSSndabmtJS2Zxajg0RUgya0FGNHltUEZTYlE?oc=5,onshore,"The Nordex N163/ 6.X from Nordex SE - quiet rotor, stronger output for onshore parks AD HOC NEWS"
2026-06-30 13:47,Uniper Signs Its First Offshore Wind PPA for 100 MW in the Baltic Sea - energynews.pro,https://news.google.com/rss/articles/CBMimwFBVV95cUxOcXMtUGlueXJEcU5BRnJNNXVmVkdZdkVHTmRFYnk5c1RyTjZaVWZoaWJlNzhKakhrdUhoSFJFMVVpRmxhNEVSeFFaMnVYc2FGM1Z4M0xqOFpWMzdEVmxBaFI1S3lDVFRkRlVLYWc1d2YwbFI1NjBodUxUUm1TemdXbEhzRUJwVEZrSHN4VlZHU3BfQ0lTT1VQUmEyRQ?oc=5,"MW, offshore",Uniper Signs Its First Offshore Wind PPA for 100 MW in the Baltic Sea energynews.pro
2026-06-30 11:51,"Nordex (XTRA:NDX1) Secures New Turbine Orders, Is The Upside Already Priced In? - simplywall.st",https://news.google.com/rss/articles/CBMizwFBVV95cUxPSVB5M0xWTnVFdmw0OUxwY2JjOG1raW11eUpiRVp5aFNlZFVzbUhBNDlMWVZOTTBENXZQY3d1MjNZT0hmSDAyWHRzMHRpUHZTYm5WZ1ZFSnotem5idGpHWmJaY1UzVzUzVFctUERuWElCaUg5M05laFFoQU1WV0xqdnRBZmlLcndabHFnXy10bTJtZE5oUklkVllLalB3UWZ2TWlYUUMybFNVTGFmVXY0ZDlCbEJjbkR2M2Q0c18ybFRySW1MYkhpdkdubGpKa3PSAdQBQVVfeXFMTk16MGsxeDZ3RDRLNWxnNzFiNDFEc1RDUF8wNmw2eHY5dGVWdmJkZDktdjRQODlpUjZNdmFQVzByZTAyYkItc25OSGZMekdkb2xZNlFLSTFQT0xLRHhQTlo5SEgyQThNQ0RRTW5VblgzckhKR194Q1FzbkExczAySEZqMTRrbzdsR1NkSExFcHl4eklJWjIwQUhrUkFPQzh2djF0ZmtRT1RfWlk0YTBGRnZYMTlXenJlZHg5WUdtbmI0d0pQQ0hFOGhKOGRIa0lQV1VVUVM?oc=5,"orders, turbine","Nordex (XTRA:NDX1) Secures New Turbine Orders, Is The Upside Already Priced In? simplywall.st"
2026-06-30 07:44,Suzlon's S175-5.0 MW Makes Commercial Debut With 105 MW Order From Sunsure Energy - Saur Energy,https://news.google.com/rss/articles/CBMizgFBVV95cUxPRXU4dGpoLUhiQ2N1ZFpLYm1mXzI0dkcyaTdoeFg2czlFb21kMllBc3gzeUpyQ0U1N0VHSno3WFotM0xSMmQ4SmVHMG9wbGNhclNNa0FFTkFvRElPVkxaT0RGOU51czZ4bjdCT3huT1NuNUJTbno1aTBLSFI5UmdHaXZ0U2Zxd3VtSHdZZzFWQTMzdHhKbWVfZ2lRang4aVV1WnpfWjFrejZQSUlwU2I4S3dkWl9DMUFTVXpWUUNRYllfMnl6OV9Gdi0yTVJGQQ?oc=5,"order, MW",Suzlon's S175-5.0 MW Makes Commercial Debut With 105 MW Order From Sunsure Energy Saur Energy
2026-06-30 05:55,Suzlon bags 105 MW wind energy project from Sunsure Energy - The Economic Times,https://news.google.com/rss/articles/CBMizAFBVV95cUxQbE9CUUNrS2tRd0E5Zy1lQnhUd1VnYW1zaXVPamVqRTNfSkcwMlF4NWZkNGdkWmNqRVM2X0dZVWdKbnY3Snk5UTRNNmhHTFRLTlVkT245WGpBSkgwYUk0cTlFZkc0Y2dNZjduaWxoaWt4NjFad1ZGSlJ6ckRQbDdrQ0FjdV93dHBORnJyU3JDeWVPLUtQa2N5RmVzMngtUE0wVXJabnBDUFJSclBmalFTNFVsS2JveGplcVd4bjlJRWF6MWozcERqc1JnRmbSAdIBQVVfeXFMUE1oM09KNHFJTWtzRXNQNUFLVHRLa3RNRzZ3eU5qLVlFQ3ZpcTZuTDdVRE53THNSOHNuZDFpQmt6d2V5SUlBNU1xVjJreWtNb0ZqUmxRRmJmSlQ0RjhGZ3JYZUd2cExEV3FWMkM3OEU3TkFtWHJ0ODRfeEMtRVlGUm1kaDVOTE1MQ09FZVBjQ0FvVUdacGZxeXZUREtmMkxoaWV4d1NWanRNS3hjY1AxNy1nZGVRWWpNMHNyY1NObGFsLWJ0QVlnUThEWjVBYkYtakp3?oc=5,MW,Suzlon bags 105 MW wind energy project from Sunsure Energy The Economic Times
2026-06-30 13:54,Suzlon Energy Bags 105 MW Wind Turbine Order from Sunsure - Mercomindia.com,https://news.google.com/rss/articles/CBMijgFBVV95cUxQdzFzX1hFN2xhemRGbk1LcVh3OW5OUXl1S3ZVZnJYUU1BeTJRS0F2SkxGTW5JMDhGQkRBTXYybFVSVTdZR0pYTlRqakhvUFpOMzRzRnJGb2VQcnJLS0RwYnNyZmpQREFlNlNEY3U3R3ZMSU5DYThyQWpKVDljVjVoZlVtTUd3dVNHdjFLQkpB?oc=5,"order, MW, turbine",Suzlon Energy Bags 105 MW Wind Turbine Order from Sunsure Mercomindia.com
2026-06-30 05:57,Suzlon secures maiden 105 MW order for new S175 wind turbine from Sunsure Energy - ET EnergyWorld,https://news.google.com/rss/articles/CBMi4wFBVV95cUxON3Y3YjU4TEpjTXlwaHNjZWtRNE5CZkJROVhNMVk1ZHJKRlJSdTNlTnBOZ0tMZDNjZDVPWnN6U18wRkdiOGlJdEN6VzBZSldsa0JaZk51dGQyUm1WZjE0WGlBM0pvN01xWHNOZEVna2Q4aDJKUmpFQU0wMHpNcklOcXZtek5HUWV1czlOUlNWRGRJeTI2NzczOEdPOWtyRG5HY3pjR1Jza3dKLWtudF9zWUNzYkk0S1JSMU5HcTlfN2xiZ2FKMnFnVkFvNWY3MVV5OHBidmQyODRvaktkVjRBbnp2Y9IB6AFBVV95cUxQQmpjWVRxNjRFUW9XZU1EaHRsRkdGNVhGSkZERW9BeUV4dTJ5MFFENk5pNDctcmM1YThrNFozWVVxTURCNEtvcVo5OG5KOUUwLVRxNl9ZYnM3VFBzMklpVGlkX1FYRkYxUHZXaFdDX3ZnQ0dVOEFKbE1IUVpSclVjNy1CTWlNYU5odkMzMERMdnJfckRfcm5YeEZRNFB6d0JsQzdFeEpleEhTWUJkd29WYl9TMTNZUHZ4bWprWlBiSEZoZjN6WDlzVnlzZFh4ODNwRmhXN0gtRTd3NWhpM2RTbEhUcDBPY3li?oc=5,"order, MW, turbine",Suzlon secures maiden 105 MW order for new S175 wind turbine from Sunsure Energy ET EnergyWorld
2026-06-30 12:39,Suzlon S175 makes strong debut with 105 MW order - Manufacturing Today India,https://news.google.com/rss/articles/CBMiekFVX3lxTE1sUHgzWjE3UWpCVXE4amo1TDFhNkhja1J4WWMzOTkwejJLdVZLZFlqNV93VnZpUnpiUFUxMTIwdm1ZWDVlOS1Jc1BvQWdKTjMxS0NKa0NyUkJiWHB5TkZQLWw0UEtsU19ycHdmUHNCTGFtblRBdVcyajBB?oc=5,"order, MW",Suzlon S175 makes strong debut with 105 MW order Manufacturing Today India
2026-06-30 11:00,Suzlon Secures 400 MW Wind Project From Tata Power - Construction World India,https://news.google.com/rss/articles/CBMi1AFBVV95cUxPNVp5ckJIanlvb1JuWm9JUEVNaHpWUGsxd0JPanlTX3M1S25ockI5VTU1cVN5WUJwV3RZQXZ6bDJZSzV1bHZtbFV5RHhHVFQ0bFlPY2RMS0k3cmlPZmlseXlyLWVNT0RjN0VHYU9zZ1JmX2F6OWdXUlZrVFpiTW5Udy1ZNHRqUVAtdXhKS0Q4d3czd2kzS2F0UmI4WnUyRlM5MGx3WEI4OVdQanpRSUxhV3NFVmZqeWxOWDVCMlpFckZ2WVEtSHEyZkFBRVpOOEpEUWdWdw?oc=5,MW,Suzlon Secures 400 MW Wind Project From Tata Power Construction World India
2026-06-30 06:42,Suzlon Bags First 105 MW Order for New 5 MW S175 Wind Turbine from Sunsure Energy - Energetica India Magazine,https://news.google.com/rss/articles/CBMiuwFBVV95cUxOOVZhNnBveEduQVRCeDFObnF3WktONVBqZlBJSUxCZEpnb0pVYklTZTNTUHFqSnpuck54U2NhRkNkdWFaejIxNzhnbUZkclBpUm9ENVl5eF9qQjFVTUc2TDlWbzhwd0tUSy1QY2d2RlM0Tlk0Wm1lVnMxaW5oaHg2Mm50czJhU0xabFBFSGQ1ellzS20tWHlJa3RPUldoN0J4RGNIclM4ZE5ILUJ3R0dfYk9zOFhZQndKVTBz?oc=5,"order, MW, turbine",Suzlon Bags First 105 MW Order for New 5 MW S175 Wind Turbine from Sunsure Energy Energetica India Magazine
2026-06-30 07:49,Suzlon Bags Wind Turbine Order from Sunsure Energy - Chemical Industry Digest,https://news.google.com/rss/articles/CBMiggFBVV95cUxOUExIMExuNndpZGhxeS1sYjNEaVV3OGxYcmVxNjVHOXU3SklYcnNMd0I1UUd4ZktzQ3lyeHBhSG5aLUNKUzdVZXh4SHBBTFlBZFB6U1lyckh2MUZJbTB0eTFaWHI2VGg4aGRabXZhVmlsczk4TzBtSUdtWnJQaUJNQzln?oc=5,"order, turbine",Suzlon Bags Wind Turbine Order from Sunsure Energy Chemical Industry Digest
2026-06-30 05:11,Suzlon bags 105 MW wind energy project from Sunsure Energy - BusinessLine,https://news.google.com/rss/articles/CBMiwwFBVV95cUxNazNlOFFqQ1ItVDM2MG1ZTDE4b2dzSDVwbXl2SGpQbi1qdVJKY3QzS2VrYm1lNVJFVzZ3bFJrQkZKb0V3a001RjhTOHFQYlhTUFl5LWwxa25YM2FnY0l1N1RpbVpYeEhwSWxZdy1TbW9mUWFXLVhIQlB2WVQ5dEp2UjRJRVBjRjI2bld6ZGlzYl9ra1dqbTc1elJ5X0dDZ2lEVXREeUdYVWtmYnFuTFpxbjRqWmxlYjVFblJKSmx6YVdUSlnSAcoBQVVfeXFMTlpYY1VOcEJodHlQaVRoOGtESlJmNmJaTkFtZnlxNURXV2xCQ0phTU5QQTZfbk1UVDlORGVNUXRIVWNVakRuMjRtRnpHS05NdlcwMG9XN3hsc2ZETWVibkhDR3hDVUliVWh4RklWeUtWalAzcTRKUmJURW5aZkJSeW1HbnhMTmZuY3VmenBPVms5XzNhNDVkRVp3cnVwbFZqUnpiNVZjdDN5aFRFN2FRZUdxLXh6WFpZeXBUV2w2ajhWLTkweU8wUE53UQ?oc=5,MW,Suzlon bags 105 MW wind energy project from Sunsure Energy BusinessLine
2026-06-30 06:44,Suzlon Secures First Commercial 5 MW Order - ESG News.earth,https://news.google.com/rss/articles/CBMilgFBVV95cUxNeEFFU2h0MndjOGwwR2hTMTRXYXJ3ei1ObWVXOXB5ZlR3WGJPcVRsenB6V0FPUjAxWmRraVZSRHVJLVFPMEhtRmoyc2Z1cXF4UzNsM0pscGM4WjktTHhOa25sWHBzOTlvUGpseVNQQWZMWkVUel9uaVRMOHV2SEVhZ1VVWGFnNW8xZXBLUHo2SFYzbHJIckE?oc=5,"order, MW",Suzlon Secures First Commercial 5 MW Order ESG News.earth
2026-06-30 07:30,Suzlon Energy Rises 2% on Fresh 105 MW Order Win - Equitypandit,https://news.google.com/rss/articles/CBMigwFBVV95cUxOS3YxeVVZNWtHWGpWLTJqd200N2pJR0FYX0hEOFFrZnlIdG5hOUFycTZqYk9RZlRseS1EUlo1aDg5Vk40eUZFb25NOUZBOFo3elp5S1NIR1NQZ2NPYWdWeVc3enNZZzctbkdzSV9oMDMwcVNQaVpjSGFYdU5iTzFiM0R4RQ?oc=5,"order, MW",Suzlon Energy Rises 2% on Fresh 105 MW Order Win Equitypandit
2026-06-30 05:49,Suzlon Energy shares gain after 105 MW order from Sunsure Energy for new S175 turbines - CNBC TV18,https://news.google.com/rss/articles/CBMiwwFBVV95cUxNQ0tzc3g4dVp6RUQ0Zk52YkczNHMzbGdSWFhOZll2bFcyUk5iTHB6OE9pUk5KTlpIWVgtWTVka3Jaa3J5ckFQZWJvWk11d0JIMGd2UlktOW9TUWRCQlBPZE5kMmd4ZGR1bGlUUzI3eEYtOFUwb0pwa2RVaVptVDZMUWN2SU9sM3gwQnFDYm0wSTNyTjBLYUVLZHhYaExtN2ZfOHRkTnJuYVFwX3ZQcnpOLUluSEFsMS1xZ05SWEkycHBsdlnSAcgBQVVfeXFMTlI2ZjJCYmQ0cnYtUkdTUkYtaHIydE1IOTRGVXpZeDRWcUZSQlpHa0VJTHI5UHUtQ3lvUk9UN3RxWFZXTjVnR25XTV9ubjV2WXFwQ1lrczhkM01kdTRnWTlxTlRTaE5UTVB6WlZMVEw3ZG9hbHlBYUUzbEI3THVsaF93SGc1X2R0a0ZYeWsyb04tWWlEdUdJWDJUTzdVRVZLcGI3RUdhS1lyWWxuSHoyb090WFFONFZWWXVxVzhrMmhYNWdGT1ZfcTU?oc=5,"order, MW",Suzlon Energy shares gain after 105 MW order from Sunsure Energy for new S175 turbines CNBC TV18
2026-06-30 03:57,Suzlon Energy wins 105 MW order from Sunsure Energy for S175 turbines - scanx.trade,https://news.google.com/rss/articles/CBMi1wFBVV95cUxOemJPcnhFRGVQNUJQcjZxNzRucHNwbnF6a2sxZF9hUTFVQlQ2R0stOFpqN3U5T093WmFFdDFUclE2M0ZiNnB1MkdyektHa1kzQmdXZkxhdDBja3NyemROdDRfWXphWUFKNU1iNS1xYWNmbnRObFVZWTJ4ejZwLXotZ3BhYkFTVUlvTTdYb1NyRzBaMGVEeTNXcEFFM2hMUzZ4Y1oyYmlaUlo4cVBwZTRrOWhRYmFfVURoUGotcVJpcTZxVmY4cHVOX1ZiTjVXaU1TWFBrVWQ0UQ?oc=5,"order, MW",Suzlon Energy wins 105 MW order from Sunsure Energy for S175 turbines scanx.trade
2026-06-29 17:40,Tata Power awards Suzlon 400 MW wind EPC contract for Andhra Pradesh project - AL Circle,https://news.google.com/rss/articles/CBMiswFBVV95cUxNX1poaGtDTnhTVGx6QXZMbGhGNFdCalVrbDBSY3FBX3dIS1FnNnR4TFZGTTRLUlczU1VYYnZvb183QVhsYXN3amFhVEQ0RVlGanR0S1AyNmM2ZmxXaTZBMkVLSUFISEhTQ29leFhSOHEyN0tFM0hfYTdaYlYtMXdZdHJ5TGk2ZmQxVHNsYmx1N3JITnZBejh3bTZRa0dpRE1Nc0FJaS1zOEFuWWFka2JPUGdHMA?oc=5,"MW, contract",Tata Power awards Suzlon 400 MW wind EPC contract for Andhra Pradesh project AL Circle
2026-06-30 06:15,5.9 GW Order Book: Stock Below Rs 60 Secures 105 MW Order for Newly Launched 5 MW Wind Turbine - Dalal Street Investment Journal,https://news.google.com/rss/articles/CBMi2AFBVV95cUxOZ3ZNVUhJRDVTWE4ybi1ZZGx0aHZOd19SOEhDVjBEZWx3b2NuZzhRYmRxbU9KSW1NVTZndE9RLV9YSC1OcHZKVlFaRm5aQ0RsaURjNXUwTHp2cHUzbHB1Q2x1aC1jTkw3TE1HODFPaFJ3UGgxMmw4bWh2Z3lkQlFrX0otWUMtTGVucGZ5QzlzMnBSWUR6d1RoSDZYeGxzcHM0WFJoRzhuMDZfYXhEU1lwQk9Cc1dOQUFuc0NPZ0dEV25mWWZodHhnLWJiRHg1WHBYUU52Nk5TWXE?oc=5,"order, MW, GW, turbine",5.9 GW Order Book: Stock Below Rs 60 Secures 105 MW Order for Newly Launched 5 MW Wind Turbine Dalal Street Investment Journal
2026-06-30 09:59,Waaree Solar Americas gets 236 MW solar module supply order in US - The Economic Times,https://news.google.com/rss/articles/CBMizgFBVV95cUxOcDVXQXZHZWhBYzBDYUFfd2V5V0M4d0JJbjRMaG16dzNveHkwMlpCUTR2dktIOGlfdUdxVDJiSHJFb1BocU04VzBwbWRPUkJKUWU1T1BKWXFmSmE0STRBV0hXeXdSU0tyaVBXRnVGZl9tSm1WSWQ0VklwdlMwUUlETUoyX0FGVmswWUNBc0Y4SVVTMmJPN3V2bFdxRVZMUWs4YS1wQ1dtbEFkTFJvX0xNWmNsdXoyV3JCczAxaFZCbUNqeFZ4a3B5S1Fralh2UdIB0wFBVV95cUxPS0lWSnBpTkF2R0o0Slc2SExvQWVHa3hfbzJjWW0tMUsteTVFa0FqZWZBcTl2NG5oblZSSlV3RVczS2p1Vnozejlmdm9GNTI3MV9TaEJKZEQ2Z1pYY2tsSG9qeXcwYjRQQVRpWUlFak5ySXBpY2JDbjhGZWVYNmV3aUVhSW5BSER3ZkNoY0tqdS1nOFkyb19PblI2X0QyNndGd0NnS3Bsb1l0RURHV1g5SG51Mk5SaVhOSTBXSmhWY2dPMnRKRFEtajdFaDg2aVRVeEs0?oc=5,"order, MW, supply",Waaree Solar Americas gets 236 MW solar module supply order in US The Economic Times
2026-06-30 07:25,India’s 270 GW Power Challenge - smallcapspotlight.in,https://news.google.com/rss/articles/CBMidkFVX3lxTE95ckdqai04dDl4WDRjR29Pa1Faa2pWMmR3SWxuQ01WLTRISWQyeVJ6YlRLcHpueWd6dHZOb2huN2lNbU5lNFMxUVVkSThwUmloSW1qdFlBTDRYamRNZml5OG1CYjl2TXFnTWY4S1BXYy1nT1ZxWHc?oc=5,GW,India’s 270 GW Power Challenge smallcapspotlight.in
2026-06-30 04:38,Waaree Solar Americas bags 236 MW solar module supply order - Power Peak Digest,https://news.google.com/rss/articles/CBMieEFVX3lxTE5sZ0V0dU0xeTdjREdvN0pvbWhkNG9NZ1BNdDY0Zlp3Tzg1WTJoVVl4enVMT1RobmJPaDRnemd1cWQtNWZtSnRaUVlmQjJTaXMzOTZwWWx1SEN5YnJJSVpaYTMxVTFXRmJpSHF4RWJydG52Zi1RUU9ReA?oc=5,"order, MW, supply",Waaree Solar Americas bags 236 MW solar module supply order Power Peak Digest
2026-06-30 07:30,BPCL Joins Bitumen Joint Venture - Chemical Industry Digest,https://news.google.com/rss/articles/CBMipwFBVV95cUxPRVFRMXNZYk1RdkJheXk5Z1FYS0VRQzJacmxFMU9Pb2Y5ZWh1T1pORVBKZzRhdDBFbWhaWGZvUkRsZ3Ata1kybi1neGdXRzh3N19xYmxhUjRTckJYaDdzSHR1UjAxVm5ZYVl2b2dhM1FLblFlNzNMWnNNNUxoNkpQUlFrd21OV3RuR1dVRDVQb19uQ3hFdEtLOTRzRjU0NjdxdmpXMk1NOA?oc=5,joint venture,BPCL Joins Bitumen Joint Venture Chemical Industry Digest
2026-06-30 05:21,Multibagger renewable energy stock Suzlon Energy share price gains on 105 MW order win; do you own? - Mint,https://news.google.com/rss/articles/CBMi-wFBVV95cUxNcFhBMDZpOVNOR2ZaQnRHZjM5TkNpQ0hNMmJaN3JOenJRWHl6cDNGMmkxSjNrckVBYkVEZ0w1T2FqendPQVhNUk1ZZlR6SHF6eEJvTWFIMXlVOGg3bm4yLWdhN3pmSGlkSjdEXzhKRlc5emlWd0tXUUxiWUtCamxTZWp6UnhtQ1Yzc2xxVHl0cDRTRmlLTmY3VF9JdUVZRU1zSU11OVVZVHUta2s3Nk1TQW9EekRFdDloNXFNVkhlc19LSEJTQ3ppLUFLSUNjWUx0LVdZYm1wRXpPN3J5Q1pHOW5oSzZOVi1Zak16NkZGTHhQTlFJZzVFYUpJWdIBgAJBVV95cUxORi0xSjZMNG5ySmRpQ2lSalA3dnA2UkJJaFZMVUFrYUpmOTBuZEtPRDgtdEZSUGFSSjdJNk82ZmtGMVBGQlVGbnFnV3pxSDgzVGdSNkR0dUZpLXFqXzBPLWE5SGNWc1RSQ0g1cXljMEhXajEzVFo4dFY0QjhrYkFob0NmZWJFSzhNQlB6eVpjeXpUQTJ4MjVSeGIzM0NpX29OU294Y0I3eW5abUI4RHphZG5ONHFWRGd1djN6b2V2UENjT1hSR09vV19oTExCMmZsT25xd3ItaHNXdnRlWFpERFVwTFpJdFhaelZLT0ZOUllLNFdMcG9PZjZPcF96M2JX?oc=5,"order, MW",Multibagger renewable energy stock Suzlon Energy share price gains on 105 MW order win; do you own? Mint
2026-06-30 08:43,Suzlon bags 105 MW order from Sunsure Energy for newly launched S175 turbine - financialexpress.com,https://news.google.com/rss/articles/CBMi0gFBVV95cUxQZFVhTG0yczlJd0o2SGRRNlQxeUctbnNXdmcxYXZISVM5LVdaVGZ4OExzRG9mbG9zN2c2Z0c5QkZKNkhzOU96UmNjZHU0M1hTT3dMUnJLQ25oQ0FJbEhoR1M4bkVmckFkakI3ZUxONWZRZnU0dVlWLWdSbktDaUh1LUwzUlJWZXhCcV9Wamtickl4dl9JT2txOU5YZS1fY25UMlBEVTZBY3VURXg2SVNkR0tkdzE3dVBiSldmRGVXZ1lfbjljMmVlZHhqdUNRQ0JYTVHSAdgBQVVfeXFMUDVqbXgzRF9RZ2tyRG50RkV1eTgyeFgyWEk3SzhIcWw1NkdmaS1zM1d3bV83MzlnSnZSXzktdjkwSmZxOGo1bm5oNXBQRXo4eTUxMy14TkVVVVBJRTVCdkxpQ3ZNNjJyS3NvRkM3VkFpZXhEckhxMkN2cVVnWnRCeFg0SHRqTGg2WVdaOUJnYVpCcjhEX1JaeTFCMnNONDFzamExbnJlSncxeTdjbUxWTHhfVWx6all2ZWJqY1Nkb2FucF9UeDA1dk5oTGp6bkpEWS04TWxYaks4?oc=5,"order, MW, turbine",Suzlon bags 105 MW order from Sunsure Energy for newly launched S175 turbine financialexpress.com
2026-06-30 09:19,Suzlon Bags 105 MW Karnataka Wind Energy Contract From Sunsure Energy - Trade Brains,https://news.google.com/rss/articles/CBMimAFBVV95cUxOQzNzUmRIOG51WW5udFFVRVVweXI2UGVFQ3RZZ0RPX2NOU1lfRjhHSEM0OVJLcEh4TlZadHBtbEcxRVhrUmFaU3U5RzBrMkUzMkhqSkZQRkx4aVhFNzNxWF8wQkFha2hlMHlQYTJ2bkZsOV9aNXN5WG5mN3ZOcHB6a1pwOTVoa2dsaVdiZnJMUERIZGFlZUNxaA?oc=5,"MW, contract",Suzlon Bags 105 MW Karnataka Wind Energy Contract From Sunsure Energy Trade Brains
2026-06-30 06:52,"Suzlon Energy Bags 105 MW Deal From Sunsure Energy, Deploys New S175 Wind Turbines - Free Press Journal",https://news.google.com/rss/articles/CBMivwFBVV95cUxPQkY1TjRTVE84SWsyMG9Jb3VPbWVrV09HcFpPV1dKUERPOUgtMWNjLUdtWkFuMGZ5SzlHRmM4SmdmMWdsaERQX2lsT1ZIY0p2eVNRb29rdHFkUjNKdHhJdGNsdUo2c1dEUmp5TTZTNFF6bElkSVFJSVVTZHprd1VIbXI0aG15bHA4cTVGb2F2YVdLaWtfdkJIc0gxUW9uMnFsbUZzR0lqYkNHME8xYXRnam02LXZMMjBWV1RsVmtYSdIBxAFBVV95cUxQOV9qVmFHOG9Nd3llTE1MMFU5UzhxOGtqMU4xVFRMTS12YTk3WFFDdzdoVjNCaW5BaVdCUVBmdzZNQlc1NWR6dDg0WmxvRHFuMzlnelVmYnA5N1J1b09jSmpfRHpfLWlvcHJ4N0JULVk0djBVZF82UVZ5RG84UVVhbGVXUnc5Q0NhZm5sZG52SDNVMzIzZXdMZnNKVzd4aVJyUjVhQnVSOF8wWGxuZkRjUTBPbVc0Um1Xc001QXp3VHZkTXVH?oc=5,MW,"Suzlon Energy Bags 105 MW Deal From Sunsure Energy, Deploys New S175 Wind Turbines Free Press Journal"
2026-06-30 05:17,Suzlon's New S175 Wind Turbine Makes Commercial Debut with 105 MW Sunsure Energy Order - PSU Connect,https://news.google.com/rss/articles/CBMiyAFBVV95cUxNZ1ozeTl6Q0NIZTlMMkhkMllLb18tUmR4NjN6QnNsTGo2V0NvblhGMHZGdkZiMWhJNjI0bU5zRWhnemE4cmRvVzQ5RFBDSFoyUU1TMHZpY2dtcUd1bGItaFFJQUMydzc5RzAxX0ZJQ29tYlZ2a09sVUNnVWVPVlUxT0x0cVM5eTBGQUJpeHZzeFJCVC1DUmh1dzI5T2xNbGNRcTFfd3lSTUZoV0pLTWdNNUNoZmVXbmloSFRFVWJZdkZtNGZjYVRnRg?oc=5,"order, MW, turbine",Suzlon's New S175 Wind Turbine Makes Commercial Debut with 105 MW Sunsure Energy Order PSU Connect
2026-06-30 05:27,"Suzlon Wins 105 MW Order, Launches New S175 Turbine - Whalesbook",https://news.google.com/rss/articles/CBMivwFBVV95cUxPNmQwM0pVT255andjdUJLUzFSa2QxdWRER0E0RHpSWWVnTlhsRlRLQ2FPbENHd0pRQjhFMUFEM1dsTGhoc3BUNXpHZ3lOUVJSaDRGSW0yMUpNVk1pVG5sWjRJVU14bmd6TmVoS2xKTlpvM1VvaXdITFIwakduWjlieGlZbmc2elI0cTZqaFY0NVp2RlhwdU4xbXAwbURVc19ueUZvQzhsTl9TZHFnSGx5Vk1EUGgwalZkY1ljX3h3VQ?oc=5,"order, MW, turbine","Suzlon Wins 105 MW Order, Launches New S175 Turbine Whalesbook"
2026-06-30 03:43,Suzlon Energy Secures 105 MW Order for S175 Wind Turbine from Sunsure Energy - InvestyWise,https://news.google.com/rss/articles/CBMihwFBVV95cUxPRll4OVFDSFhHQlVCTXFRa1pZeGdVOTdKWmJHTmEtcHFKeVYteW44LWdnd2tzand2UXlGVHpLdTlKc0Jlc0lMS3k5d1EyeW9DeU5zQ0JPRWtJT0hFNXdXUFcxRmpuTHM3VTlvQW12WkRoT3FMUDNuOGNqdEoyb1dJcEtSRXViNVU?oc=5,"order, MW, turbine",Suzlon Energy Secures 105 MW Order for S175 Wind Turbine from Sunsure Energy InvestyWise
2026-06-30 03:35,Suzlon secures 105 MW order from Sunsure Energy for S175 wind turbines - Business Upturn,https://news.google.com/rss/articles/CBMisAFBVV95cUxOREFBSkprWEdpRFRtX0pZVFRNR0syek1VNFhNdlFUb09SVTNuQV9GS280cEszckhsd05Xa0NkLXRpY2NSN1l5N3ZNZnU0cllvaFNZS01YYURFdHdjZ3dNTUNRUTRiQXBrZ1BoRndvTGtGNmxHaXVTOEJrOU1QbFZBN3dyamFtZUJudklnZ0duT0FYRzdiUDZYdEFqanM4QUZTaXpLQUVWUUQ2ejAtX0FiQQ?oc=5,"order, MW",Suzlon secures 105 MW order from Sunsure Energy for S175 wind turbines Business Upturn
2026-06-30 06:16,Suzlon Bags 105 MW Order From Sunsure Energy for New S175 Turbine - Business Outreach Magazine,https://news.google.com/rss/articles/CBMijgFBVV95cUxOS0U4c0ZLaDR1NWdoZzdKOGZWQkU1TUhFUnJxN2FFaE1Dam9ERFE1LVZ6SXczVHBYbzdhUjhqSGEzeGxrOVpad2dMdWpzOUhwVXAwazFWekxsSlR2V3h3dnExTkNDQ1dNRFNlYzRLVEZfd04zRWhaUTA5U2FrSGJWdmNGTHlBa1dpMzh2UHBB?oc=5,"order, MW, turbine",Suzlon Bags 105 MW Order From Sunsure Energy for New S175 Turbine Business Outreach Magazine
2026-06-29 16:15,What would a huge offshore wind farm mean for Norfolk? - BBC,https://news.google.com/rss/articles/CBMiWkFVX3lxTFBvczRYaGNCbWpoMmhPZFhidzgzWjMtek1BQkU0NkNPNXdLWDBiVzV5R0Y0a2JxZnJydmM0eDJJaEQ4X1hFT1ZSNWN5dzZ0YTZWZEIwZDB6VllqUQ?oc=5,offshore,What would a huge offshore wind farm mean for Norfolk? BBC
2026-06-30 11:09,"Ørsted refines offshore wind focus, shares under analyst scrutiny - AD HOC NEWS",https://news.google.com/rss/articles/CBMiwgFBVV95cUxPVlVqaFRQVU9zeWxSbkZ0Y1R3Y3lOejhiWGNWQ05oRjU2NURHNWNlOUZXaTEyR3FDZmZzZ2UzUDlXcHpNY2h6Q1VnbjR2TTI3ekFQdHg1MXZPY2ZvX0RjRTUxaVhpdEJEbHh5SXhkd2Y4aHpaMWxHV1czZGVVcnNybHJTQnVza1NfTVNDeHVuMzV2TTVYbjB2aXhxaHNNc1ZfdU9qX3QxY0dlb2NmQVlEYU82aVd0RWRZVF8yRGl3R242Zw?oc=5,offshore,"Ørsted refines offshore wind focus, shares under analyst scrutiny AD HOC NEWS"
2026-06-30 08:55,VESSEL REVIEW | Acadia – Large-capacity rock installation vessel to support US offshore wind projects - Baird Maritime,https://news.google.com/rss/articles/CBMijwJBVV95cUxQSmsxa0thVm9jUWxuR3dsOHVfcmxGVHVCLWVER21SVGxrRkFhZEpTRnRqRWh0RVJnM1VJdzA1X1locXZBME42X09QX09HOEdkZHRsaFdReWFKT3ltMlJabU5Bbm9lVUI5bDlaQkF2TTRINmhJTjJ6cGhmbDJFTHZzU3FOUjVWNWdpYmFxWVhoXy01TEhXc1NOLWdscUxjZzMxeVRtOXAzN1RFdWFUQlBzR2ZleE9wb0w1MC1lSzJ4djh1Zm5NNHhTSTZaMUpHR3c2X2NCaDE0dERFcmNkOGx5ekVfT3EteDFUZGdYTU0yanBvRW9vWndDTHBWQVQzNU5qRXE2VF9qSVZCanQxNGgw0gGcAkFVX3lxTE5VMnllcXpRa01XbWo2aWNBYkM0NjZNZ3ZIMi1mYXpzSzBvQkpYUHNBclJIaUtaU3ZRRVVUdlM1SWxuVkpnOUlzTlh4RjZ6QzJMSnJVbUgtVDNJQ0lxRXBxNTJIc1cwRVp0VVM4OVlpN1Ayd2ktYXRVZHZJZEVZV3VBX0x0dVpHam1EMzlVNXFMZ1R1eUNkblVvendRbUd6NWQ0bWdtUldidDFhUnZSbXNJREVVamwtWURNLTJ4YlRqdzJ0NDBpeHYwS0JRZWN4Sl9yd2lOYVZ0bFFXZHoxQUxkbEg4V3A3RWtZRmVoS0NJbGQwbElKWkxMeDktMUZQUXNBRDVhSW1kREdISVBXblRnbFlxRHN6SmJqU2wx?oc=5,offshore,VESSEL REVIEW | Acadia – Large-capacity rock installation vessel to support US offshore wind projects Baird Maritime
2026-06-29 18:08,What would a huge offshore wind farm mean for Norfolk? - AOL.com,https://news.google.com/rss/articles/CBMifEFVX3lxTE9FWXBxamJTZ2E3ZXhNWTZFeGdpY3lSeWltWVRlODNnQ3ZSMURud2wtU29kREFaclVUdEx2Rmplc0NoTWJ0Nnh4TzNCRDFZU0JpeFBQRGpzTmZyX3E0U1BWMGxUVktUTnFoM3c1TUM4Y2FZRHBObHdORjhaYl8?oc=5,offshore,What would a huge offshore wind farm mean for Norfolk? AOL.com
2026-06-30 13:52,EastWind launches offshore wind T Level programme - reNEWS,https://news.google.com/rss/articles/CBMihgFBVV95cUxOejZBWkNlTXZzdHNDTVptb3FuQm42anhxZFZJb3ZoSGFkSFBFZ2hORUNaV2lMRmx6dUlPNVo1Wm5LUXlXUDR6YWRvT1VtOTFacFp3OWZqMWNDcldMbGkxWFpycGZMbTdhY0RsNDYyMHZVckpZQ2p4ekNPbmRxakhVUy1oV3R5UQ?oc=5,offshore,EastWind launches offshore wind T Level programme reNEWS
2026-06-30 12:29,Gwynt Glas Submitted EIA Scoping report - 4C Offshore,https://news.google.com/rss/articles/CBMijgFBVV95cUxOcVNsWmFyRU1hXzE5UzlEcGo5VUFHYjRNT1FlUVRBYllsU25sNzU5aEtPUC1jZmFqNXdNYXZzMzQxeV9FNXM2YWNaVXUyYk9JYk1JcTdfaUNwQ1loMU9JVEtjMXdyOGJWdkdKQm1OZTFrZHZNSUtON0FpMWExd3JqdWVNYkRRRE1WclFrMERR?oc=5,offshore,Gwynt Glas Submitted EIA Scoping report 4C Offshore
2026-06-29 21:29,Germany: RWE opens new control centre for offshore wind farms in East Friesland - energy-pedia.com,https://news.google.com/rss/articles/CBMiuwFBVV95cUxQRFkwWTJqbTlwNGhrUGJBNnp0MkhyS0ZsdVhDelhZRFdXcUJnVGhGT2xkbWp1aE05TXFyeWxHbVc0ODdjMWRpVWp1R3RyV2dmakFlSnlNWHVkZE43RkpZMmNzZEhjQmVtVnRwLTRjVk9nMlFYbUNYNENPdDRRbGNDSk9BdklDTUVZdDZjNHZRTFpWZzZrUDZzUWxHQVVISVlmVDFzUWlBRGVKNzJsZ01Zc1E5VUlhdi1kNkJr?oc=5,offshore,Germany: RWE opens new control centre for offshore wind farms in East Friesland energy-pedia.com
2026-06-30 13:24,Skyborn takes full ownership of Nordergründe offshore wind farm - 4C Offshore,https://news.google.com/rss/articles/CBMitAFBVV95cUxONk5VYU8tTkJhbXBMTHl2RmNTTFFpanI2U1NBQzBJSEpFUUVfbDRZTWxiQnJpekszNUxicmFhM3Z0dFpMX0k4MXJhSU56TG5aUzEtYXE3ZWRCM3hQUkFTYTlRSzNaeUM4VWNvMjlqQ0hiemtKcFQxeXpIME90WWdJenBjWExrUUM2XzdwSFhua2xDOUFOMWExak5EQ3JLVGgxczdILVBRaWNpV0wyRXFIbWFmSnE?oc=5,offshore,Skyborn takes full ownership of Nordergründe offshore wind farm 4C Offshore
2026-06-30 12:49,Prysmian to continue Cook Strait developments after receiving Notice to Proceed - 4C Offshore,https://news.google.com/rss/articles/CBMiwwFBVV95cUxQR1hPUEk2ay1Kc0lub1M2LTlQNnZOTWNaNkhwU1pIb1ZVN2cxc2lzN0N3VTRjR21lRGVQVnlrakZZWEZMaXBVR2x0WS0ySy1zLVNFdXZFRXZ2QzZvWURnbmE3cDUwQzlPMEpINkxzbE96U2x2bmN0U3lPaFBrczFad0lCTVVockhuSGR3emh4OVhiVjhCU3F0dHE1aXI0Wllmb3JBX3NpNjJmSDVWa0t3c0ZBZWgtU19UOWk5VTJwSWhCSEk?oc=5,offshore,Prysmian to continue Cook Strait developments after receiving Notice to Proceed 4C Offshore
2026-06-30 12:19,NKT completes Danish cable factory expansion to support Europe's grid upgrades - 4C Offshore,https://news.google.com/rss/articles/CBMiwwFBVV95cUxQU2lUSk5MZDhMcGJ0T2YzYjMzeVBjQWZWMFFuZDAtdHR3M05GTEFHTVl4b1RNUWVPOUtobmt1aGIzU0RBLTNmSzRPaDlzbXNPdUQ3WjdQUmdERHNfNEpoTkZ4WmhWMXlET1Z5SEZ0X0RuTzE0SWZGS2dILTF5Sl9zbnUxQm52aG1kOG16b1VDd2FFbGo0SHFzSVFEQkVXR2dIVWtFNy1kT0lTZl9rVkhjSF9sX1IzcWFwMEpSLXFvOVkySTQ?oc=5,"offshore, factory",NKT completes Danish cable factory expansion to support Europe's grid upgrades 4C Offshore
2026-06-30 01:08,NextEra Energy (NEE) Faces Opposition Over $67B Dominion Energy Acquisition - GuruFocus,https://news.google.com/rss/articles/CBMisAFBVV95cUxQUXduZkliT0lkckt5YUFNR1ZGWUFUOFRRRHdwMVVJLWVZaHE3ZG16dm90NEhtTVBOdTlFMEs1NUs2Y2xsSzRzRXdsUE85azdzZ3B2Z3pZUkFTcHI3RHVNWDlRNC0tZUJMcGJTNUF3cVg5TFBSNFZNRmh5OVZ3VGVESTNVUzJnQjRmbnh4Z1VvUnJzUGE2WHFzTkktUWkwRzBpMnlhVTh0dktsOXNUSmpIQw?oc=5,acquisition,NextEra Energy (NEE) Faces Opposition Over $67B Dominion Energy Acquisition GuruFocus
2026-07-01 11:57,Vestas reveals orders for 451 MW of wind turbines - Renewables Now,https://news.google.com/rss/articles/CBMikwFBVV95cUxNMW9aMEtNS1BrRl9HSldqSjg1cVp5WGNTd05RTW5HZGxsdVphT1VWWl9PdkNhRDMwMnRhaVYzX0w0UTU5Uk5FOGlLWVhEeFZXUTJpTDUwWTBxNGd2WWM3V2JPVERRZ0tVUDRrOVYxcTdWd1N2Q1RzcDVDVVV6X0x1QUZiOEJ1RE5TNmljeHZEa0o5MkE?oc=5,"orders, MW",Vestas reveals orders for 451 MW of wind turbines Renewables Now
2026-07-01 11:39,US and German onshore projects dominate Vestas Q2 wind turbine order intake - Wind Power Monthly,https://news.google.com/rss/articles/CBMivAFBVV95cUxQLUoxbmdjeXd1Z0hCbzF1MXYweFBKdFZTaU9qZVRtLXRPS0RoZEhfeG1nZ2VLZlBqOUY2cW0wcUV2azVrNmktdE00TXI2VUYwT185enl0MGpHanI2X3A2a3lpb1ZQMktheTBqbWZPT194MUViRkRidFQyZjhhRDNUdVFmcGRGc1JybXAyQkRGdWRXZk9zNmVkVXVTbkZtVUI5aHI5UmM5VDhEVndGeTZPZVAxcDQ4VG56NmpZMA?oc=5,"order, onshore, turbine",US and German onshore projects dominate Vestas Q2 wind turbine order intake Wind Power Monthly
2026-07-01 04:55,Vestas Secures 309 MW of Global Wind Turbine Orders Across Europe and Japan in Q2 - WindInsider,https://news.google.com/rss/articles/CBMiuAFBVV95cUxNdWl4Z18xV1JDTzh3U0lkUExoYlF6a3laVWU0bmoyQzVsQTR5d2twaFdHN3dnX3lzcl9BVHpPNThxbm5HUHk2VUM0ZURsZEhYSUlub3JTRXBHbkxHanEtRnVjcVozcVpkb3duZll4X2FBeG00czFoLWk3TThyeTMxN3VkUVNtZ2Q5Y0V4V3dVejFYV0NHR05LbU00Nk0tdDJrYzZWaEZYTFhiTVVqUTdrem5aei1EenBY?oc=5,"orders, MW, turbine",Vestas Secures 309 MW of Global Wind Turbine Orders Across Europe and Japan in Q2 WindInsider
2026-07-01 07:30,Vestas secures five orders in Germany for 142MW - EnergyWatch,https://news.google.com/rss/articles/CBMia0FVX3lxTE53ZlRzVDRWWTVZd0wtSWk5U3NKQ3FGSGxlM3ZodkJZWDNyUmI2LUVneVQyVTJEMUJrek13OG95VlJIMjVYdE1OT202a3dxSlVQM0lXTktPalVmWG1WWmpsQXZjdWtwa2cyRmlV?oc=5,orders,Vestas secures five orders in Germany for 142MW EnergyWatch
2026-07-01 05:41,Vestas V136-4.2 MW from Vestas Wind Systems A/S - a workhorse turbine for US onshore wind farms - AD HOC NEWS,https://news.google.com/rss/articles/CBMiygFBVV95cUxPSDNmM240SFRoaTVJT1A4SExIcTFDUl9Ka0xhWFE3V3YzZV9ycGk0MXJXc3BkY25SVFFHNHdnMDB5VHAxdHJrd19YZE96NURzeDU2VzE4VUFNSmZDZHdabWJhRHYteTk5MDdqZ0VyeWJJeUJWMHlFRHhTYWo3ZEZ6S2ZsTzllUW5vNHJ1UHJSNURkRWxidlZyZzY4R0p0NTJubG9udWJLQWJsVFdJRXM2XzBBXzVHeVFCTjN1N1hVWGs0YzcyTVA0bWNn?oc=5,"MW, onshore, turbine",Vestas V136-4.2 MW from Vestas Wind Systems A/S - a workhorse turbine for US onshore wind farms AD HOC NEWS
2026-07-01 03:10,Vestas V52-850 kW from Vestas Wind - compact turbine keeps smaller US projects spinning - AD HOC NEWS,https://news.google.com/rss/articles/CBMixAFBVV95cUxPZXQteGpmR0Vna3ZOMnJWS3JlaENFZy1uaUU3X0YzUHF5UWkxXzFOaXNmQTZZSXExMnJjRGwzM1B2blZFaWN2S2ZlLXpfMjRDOVBZR0NST2dqMEg3SXloZGRDUnZOVTBEVG5oSWVlaW4zbC1ZeGlhNjNvSjBtY0Jnel9NM3p4Y256RjVQaS1tTXA3VDlnQmhzVzNzX09tVzFTLXByZVVqUk1tX2Q4ZEdNSldQU19nS1NOaVVON3V4dE93M0ot?oc=5,turbine,Vestas V52-850 kW from Vestas Wind - compact turbine keeps smaller US projects spinning AD HOC NEWS
2026-07-01 07:04,Vestas receives five orders from Eastern Europe and Japan - EnergyWatch,https://news.google.com/rss/articles/CBMia0FVX3lxTE1CcUJWd1NYcHdYQnc0a2pab1NQa1FRU3dhM19pTzJWdVlxd2hEVkZXVms1bng3R2hldWU2TERSdFNQYTJsWEZUQWluZWltd0dFandHTW5jeXZGS2N2TzNWS1VITWpORlNscU40?oc=5,orders,Vestas receives five orders from Eastern Europe and Japan EnergyWatch
2026-06-30 18:03,"AI-Driven Turbine Demand Propels GE Vernova, IBD Stock Of The Day, Toward All-Time High - Investor's Business Daily",https://news.google.com/rss/articles/CBMiswFBVV95cUxQQ2FUR1VBVE5sTWc3MC1lS3pNT2xzdVhKX3lQVDBHZ01hakktMXpPYWlYdHB5a1A0RTRUajBOTW1DdGZneWF0aXpQNHVEYnp6T3ZOdHQ5ai1Od2xmclNJSHZOTVA4NjAtT2RwVzFZVlpOM29uMFRxTFpnLXlRYklGaHFZWTIxc2N3eEp4M2FfOXhyVzVBeDRId0c1X3dGTkxlS3RiYzlTTlRGRUU4QV9sM2Rkcw?oc=5,turbine,"AI-Driven Turbine Demand Propels GE Vernova, IBD Stock Of The Day, Toward All-Time High Investor's Business Daily"
2026-06-30 19:52,"AI-driven turbine demand propels GE Vernova, IBD stock of the day, toward all-time high - MSN",https://news.google.com/rss/articles/CBMi1gFBVV95cUxNVEtUQVA4UE5uYlZlREwzUzA2WHg4WGJsQ3ZudEZnR2JkRWhLRE9XdTZxMFcxdVo3ZHJjZnp2ZTV1WUhnY3FYM0lwc0hHZDZNVmRvRTM1bkFFRDJ0UHQwZEVyNFRSWlVlQUdXVWhtdEpwc3FEU3lWVWEzRHJoQjcyTnVDZlVtQUFhTGZQVnN5NTVkQ1pXNjFwTlE0U3B2V09JTkpReUsxcHF2bnIyNTAtUG9hY29Xb29vYTdPVHhuS2h6c1luQlhXcXFFRDFTdk91c1I5U3JR?oc=5,turbine,"AI-driven turbine demand propels GE Vernova, IBD stock of the day, toward all-time high MSN"
2026-06-30 15:30,5 Wind Energy Stocks Poised to Benefit From India’s 100 GW Wind Power Target - Trade Brains,https://news.google.com/rss/articles/CBMioAFBVV95cUxPb1lFWUJoRVBJUlJQRzFCNl9rbnBHbkdkWlV5TnF4MG81dzlOVzhBblF0UmhRN0ZtTTBZSU0zcWxRMXdraW1aNFFfWmRUSFpKS285RUlONk83bC1hSVBfY0NrRy1oV0laS1ktN1doZGUxVE1KbHNjbGhORjdGbktVRGdZOUNlTEFEM2VpT2JJVlYtY3R4dnllQUFNZUJCMGta?oc=5,GW,5 Wind Energy Stocks Poised to Benefit From India’s 100 GW Wind Power Target Trade Brains
2026-07-01 02:01,"Morning Market Update | Goldwind Technology Surges More Than 7%, Shipping Equipment for Saudi Arabia's Largest Onshore Wind Power Project. - 富途牛牛",https://news.google.com/rss/articles/CBMirwFBVV95cUxOVjZLVnE2cnpjUy1WRDBIMmdFMXJ0YUJKMDFQNV9SVXdFVEM1bFcxZmFYVjBYSDluM3FjaVhNaFhFclZaY0dRNV8tdFNTU0cxekVFMjJMVnZUMzJFWHJrTHhMdGpyYm9fcEVUeUJOaXh3Q0VsYzZQOW5nOGdmN1NLd2VkM28zanRzMFdMTGhkQ1dwVGI1N1RwVkhaLWhFYUZfMHJ3Qk8za0xnY0ozV0sw?oc=5,onshore,"Morning Market Update | Goldwind Technology Surges More Than 7%, Shipping Equipment for Saudi Arabia's Largest Onshore Wind Power Project. 富途牛牛"
2026-07-01 08:13,Could rock-bottom German onshore wind auction prices trigger offshore-style execution risks? - Recharge News,https://news.google.com/rss/articles/CBMi2gFBVV95cUxPX3ZpYUVISzZnXzEtT285RW9HTWJJSHlTRUF6bWhBWVlEbEVJN1ZHbXIzRjZwamdfWWp1UzRwa0l6ckt5bEJ4QkhYTWRmeEU2bWhmSzF0LTF3SmtTUFZ5MHZSNGF0RFkyZm4yOWUtY29vYzJUSHVEcHJIOUVJWlEzVEVtc0pTaXN3OUkxT3BhMGwtejZiakVNTWJ4TmRMMlhfdFItX25ZaHJrNXQ5dFQwX0VyRjZPU3pKSDlKcmZpRUhld3RpWC11ME9Ndk1yQ1dtSF9vMXB3MmJQZw?oc=5,"offshore, onshore",Could rock-bottom German onshore wind auction prices trigger offshore-style execution risks? Recharge News
2026-07-01 07:15,Føn Energy Services Secures Multi-Year O&M Contract for Baltic Power Offshore Wind Farm - offshoreWIND.biz,https://news.google.com/rss/articles/CBMixgFBVV95cUxNelRZMl9iNF92NWRvaEtFY3EzTEw5YVhOckpNYlVpYTg3UmgteGRCVmd0eHdiZ0U1eUNzWEJRYVh6RXZuYzhMZV9NVl9hZ2ZBQWZ3VHVMR0dILXQxRXlOeWIxM1l4QkstSUZOY0ZOSzdkbG1qS0I3UXp0TTJmaWJJNEhubS1HN28tU2hfRHB1QVQ2eWdhSGZRNnRnekRUMDdfaHhiVVpSa0Z0eGFud0I0VXFJRC1BYnpieHNiclBoWTNEZ1kwcXc?oc=5,"offshore, contract",Føn Energy Services Secures Multi-Year O&M Contract for Baltic Power Offshore Wind Farm offshoreWIND.biz
2026-07-01 04:55,Vestas Secures 309 MW of Global Wind Turbine Orders Across Europe and Japan in Q2 - WindInsider,https://news.google.com/rss/articles/CBMivgFBVV95cUxPQmNmQ0REb05adll6cENWNWxxNkdJTThvR19ZaEtSTzlwNWpSby1fWjN4ZzN4eXFwM212cmtLNUpqbEtWWjM3WlQ3YnJOQ2hwZmQyaDVRQnVGMkhhb1JZdlZYZGdYelhGZ2l3WWxKNklGWmFwN2dIaW5seW1pakFxWk9ha2lHdTR3c0gzU01Gc2lJX3k1VTBqUEJRMnZKUm02azNCdExVOVdsZWNVX3NCVVFEVWs0NlBkZDB1U1Nn0gG-AUFVX3lxTE9CY2ZDRERvTlp2WXpwQ1Y1bHE2R0lNOG9HX1loS1JPOXA1alJvLV9aM3hnM3h5cXAzbXZya0s1SmpsS1ZaMzdaVDdick5DaHBmZDJoNVFCdUYySGFvUll2VlhkZ1h6WEZnaXdZbEo2SUZaYXA3Z0hpbmx5bWlqQXFaT2FraUd1NHdzSDNTTUZzaUlfeTVVMGpQQlEydkpSbTZrM0J0TFU5V2xlY1Vfc0JVUURVazQ2UGRkMHVTU2c?oc=5,"orders, MW, turbine",Vestas Secures 309 MW of Global Wind Turbine Orders Across Europe and Japan in Q2 WindInsider
2026-07-01 12:43,Wind Turbine Manufacturer Advancing Agri Initiative In The Northern Cape - Engineering News,https://news.google.com/rss/articles/CBMiwwFBVV95cUxNNHNpRHV2TEYzZ2g0LU1SQnJpTF8wSmx3bDBfRWdnYkcwR0xFZHFzM1hvNnlOYk0wdHdwOF9zMXZqSVVaX3VDQW9Ed240cGhPUzJZWnNtaXNxbkMtWDJxeUk0cFlBRlpwVFc2R3pUcTlUUFJCN1QzT2NNeE5iam9fNVFFSUdUbWxiX2hoUWt0MlA1LWVmYnlHRlFZVmtIemJSNWlYTUd0QmxrUnAxWXNNdG13Y2YyUmNQQjBwM1d6N05yYWc?oc=5,turbine,Wind Turbine Manufacturer Advancing Agri Initiative In The Northern Cape Engineering News
2026-07-01 04:44,Suzlon Wins 105 MW Wind Energy Order from Sunsure Energy for Debut S175 5 MW Turbine - WindInsider,https://news.google.com/rss/articles/CBMivAFBVV95cUxPQmh4WER3RHY0aTRlZzdUNGtsWnRQbS0yMUtnYkxkaXZFVVNQMld3MXhHNXlVMUhTek0xVjlHbEtDQnBBM2NLWnBQVkM2TVBEa2p6YmFtQXN3ZG1EQ2c0UWV0cHNhTEVSek03bVFjLTE4a3c0VUNGeEEzRzJ1Zm1GZjdMTmx0b09rUG9aTFdJNVdFN0dwZTVlcl9iSWxvdXlSa2E2TnZBMzBEV0N1cnBaZlJDbTN0OFA0el9RbNIBwgFBVV95cUxPMWdTaGhfV0V1U0pRWWZ5aHRQZzFyVEdzRlRBWnhjbGVvRG1Zbzh2YTRGVDNTd29hTGxmellrbmliZUNpX2szd2ZlUlNrQVpCVFJTMDhXOXRwSmZaaUJGRU1jT2lfWnltUTRnMjNwYzR4MVc2X0pMMnRGeWFWekNTZVBDYkxud0ZFMzBsYW5OcTF4b1JRR2JTUk1KYlRTdVprUlJmOW1WVFg0elpSeHFTRmJPOVAtdTk3V1hvVVgwRXp4dw?oc=5,"order, MW, turbine",Suzlon Wins 105 MW Wind Energy Order from Sunsure Energy for Debut S175 5 MW Turbine WindInsider
2026-07-01 05:17,SECI Invites Bids for 45.6 MW ISTS-Connected Wind Power Project in Andhra Pradesh - WindInsider,https://news.google.com/rss/articles/CBMivgFBVV95cUxOZjNNSzlqWXg4UGZZVVhucDE5T3o2dkdzbUpwbXdIMFZsaUhUZEotanhpMGpxWnhsT2ZUMWJ2a29lMFUxb2tfTU4wMWRRcDlfd2RHbEtRaGV1Y0NYam5STGhKT3RHeU8xYXNKbUxRZlp6RC1ZWm12NXNiTEkta1ZMeUVUS05DZ0M5MTJyMHdQZmwtaG4wZ0NZZ0hUSlZkUHVyMDJPbUk1RHF3dWpVdnBncVcxcThoMjFkUnQ4RnJ30gG-AUFVX3lxTE5mM01LOWpZeDhQZllVWG5wMTlPejZ2R3NtSnBtd0gwVmxpSFRkSi1qeGkwanFaeGxPZlQxYnZrb2UwVTFva19NTjAxZFFwOV93ZEdsS1FoZXVjQ1hqblJMaEpPdEd5TzFhc0ptTFFmWnpELVlabXY1c2JMSS1rVkx5RVRLTkNnQzkxMnIwd1BmbC1objBnQ1lnSFRKVmRQdXIwMk9tSTVEcXd1alV2cGdxVzFxOGgyMWRSdDhGcnc?oc=5,MW,SECI Invites Bids for 45.6 MW ISTS-Connected Wind Power Project in Andhra Pradesh WindInsider
2026-07-01 11:25,Suzlon Secures First 105 MW Order for New 5 MW S175 Wind Turbine from Sunsure Energy - Machine Maker,https://news.google.com/rss/articles/CBMiswFBVV95cUxNcWk0ZTd3Nk9nSWk0VWxqQlFBbjdPRDZUaWE0WVlGaFVxU1F3QjZrOVVWLVYyamRwa3pWMTN5MGxXWVVHQjVZSi1iVUpnbjV1MjYxcE9GbHB5aVpDdkJEQzRzMmhSbm1YY0VJWl9lWXRsei0zNGZaUThXRVdEZVQ4Mmk1R3JBam94QzNwVkVoV2VnQjlCaHJaOFBpRGphYklJR2s5cTFyTVp1a3lQR0FGYWV3QQ?oc=5,"order, MW, turbine",Suzlon Secures First 105 MW Order for New 5 MW S175 Wind Turbine from Sunsure Energy Machine Maker
2026-07-01 12:39,ZF Group India Wins Three Major Test System Orders - Machine Maker,https://news.google.com/rss/articles/CBMihgFBVV95cUxPVURKekVRZDZVd2c0Vnc3ME1QbXV0NEFORDNSMkNCUVB3RTJhVVpzeENmR1lvQW15QnJnMHdnSks3OEJnUmZYT0lqX3lKMW5JSmlITE9UbDh0dVZOY3ZyeE5TZUYxbnp5UTZLNEZ4U0dRSEJsWlh6TXJYbGZleDRkblpTXzNQdw?oc=5,orders,ZF Group India Wins Three Major Test System Orders Machine Maker
2026-07-01 07:32,JSW Steel to Invest Up to US$500 Million in Ohio Steel Facility - Machine Maker,https://news.google.com/rss/articles/CBMilgFBVV95cUxPdzMyUEowcW9EYmhwT09POV9FX3NEd0hsWTdkNVE2ZjFsaGVnSFpOQWRIU3EtQ3FUMFh1X2VxTnpHVV9vLWdpYVRLaHpoNldjblI1VTlsS3BwVGtfdi0wZDk0dUFCWWRyOVRLc2xUejVqYVJ4bTBGclBFR3MwRDI1YTI4Q05vUm1YRjhWTXAxSXVVRjVpdkE?oc=5,facility,JSW Steel to Invest Up to US$500 Million in Ohio Steel Facility Machine Maker
2026-07-01 12:24,Transrail Lighting Secures ₹459 Crore International Orders - Machine Maker,https://news.google.com/rss/articles/CBMimwFBVV95cUxNejFWcWd1Mmh0ajJUQ2hyRzlKOGhwQ2xpdmFnQW5uNWRFcmdVZ1Z0ZHFFQmJfOTBURVEtNHhTN250bTU2ZU1ucTJEdGl6RHBHaU5IWlduZ2JZdHpGbUYzX0VyZVVpdVl0OUdEMGFJMjlJTDRkT0xpaHJhSlg5WGtmdXZPTVoxcThicjR2Um80NzRGQ3p3V0JTbDlYaw?oc=5,orders,Transrail Lighting Secures ₹459 Crore International Orders Machine Maker
2026-07-01 11:41,"KPIL Secures New Orders Worth ₹2,957 Crore - Machine Maker",https://news.google.com/rss/articles/CBMihAFBVV95cUxNc254SjRZdk9xaUxnc2dqMmhkblJaSkdZcTJpM19UbEdZSWMzWkFMT2tSaUVKcnNmY19jZzZrMDQzZk1OSWhDVlhoZEpvcXJXbUo5djdYZHJKOVJZQWhTd2Q5bWF5bWV6YnZtNm5XclZ6OXFOQTNWQjZvTjJhMTUyVTU2YV8?oc=5,orders,"KPIL Secures New Orders Worth ₹2,957 Crore Machine Maker"
2026-07-01 03:50,BPCL Secures 100 MW Wind Power Project in Madhya Pradesh at ₹4.12 per kWh Tariff - sahi.com,https://news.google.com/rss/articles/CBMiugFBVV95cUxQTHI5RkdEakp2NjRZekg1VzlhTjRhZmVqeWhMNTZKVmx1VjVjdFQzWVYtcDV4UFpiMnBzQ2JNWmU4Sjh3Qm5FVFRoZ2ducV9peXE4eUVpS3pzVmdJcmZpMTFsazdKMDlmUGRQMkVwWEF1RUhlWFd3WmpLVC1Hbl9HdE1MR0FuM3JJRFFIY0l6ek5DM1Vlc0czaXhLOW5JWDBWRTd1OExneDk2cHdRZ3ZKVGZqdXQyWllzSWc?oc=5,MW,BPCL Secures 100 MW Wind Power Project in Madhya Pradesh at ₹4.12 per kWh Tariff sahi.com
2026-07-01 07:02,Lonza Expands Biologics CDMO Partnership - Chemical Industry Digest,https://news.google.com/rss/articles/CBMiqwFBVV95cUxQeWMwbXZCem1LSFRHR3UwWFF0ZlR2N3RBN3g4ZHJBTG5heUFRQi1mV2hkUXJqczBHTDVaNE1VU0dFQ2t0cEI1d2drN2ZUUWZPSEsxMWxLWXN2dWszU3VRaFUwVy13UUVrcWpzUUNKUWxwc3RlRjZmeUpNakxwQUhUT3gzc0p4MjZEbDFha3AwNndDUTM3WlpXNXB1OHk4LUR1YzRvQmxHTE9sdG8?oc=5,partnership,Lonza Expands Biologics CDMO Partnership Chemical Industry Digest
2026-06-30 16:46,SC directs status quo on Karnataka HC order on ethanol allocation; Centre says 20% blending still an exper - The Economic Times,https://news.google.com/rss/articles/CBMikAJBVV95cUxQT2EzQnV3UURsSFp0dXlYNkV2WjRPSnFqNElVdGJoYkZFZC1GTXBJTWQtTzVfVDZGRjNPSzFzbi1JUTdCWWRHTmRIaFJyNUpyUDdRd21tbEZzN0ZCWmdHTW13RXhYM3VBXzMxVVJHYnBkWTJ1cFFEXzdGY2tVdUU4VEp0YWpEc1Y3MmpuOG9kcjZNaFVqNE1FX1lndjZhTFlYT2pKcFlEUzdNT3llcGc3YlkxWGljMGdCZVFzeEZNT1BUUkUxTXZFT0NNeEt1MEVMckV6RFBxRTRJejRUekZmV3dyRHUzOTNHeDJZdk9WVnYwcjJLOFpzUGp0alJEeUlJa2xhOXplNEp4OWRJdHljUtIBlgJBVV95cUxNMS1ZbFU2aUxHc1dvOXVxdXVxbmZLQy1PMF9zNnhIekdOenJvbUpsRnZsZjQxdEZTNzhBNXVKdnduVHVkcjh0eU51ZS1DNTdwdmcyYlJQcjBCbU01akR0QXZOSHFIN2ljRUFmTXUxc19xTXZHWlVidnAwYi1BVm16ZDNSTXpDcmJxeVNaMTB6cldMdk1BdGxDcXQ1VGNlRGdTVC1hNGhVZDVtYkRmejRTakRYM1RhQmk5QXhSMVNZOHYwMDdEVUdWQXZMYkFXWGdyeExKaWlxNWh5NGlLT2VGRUdOZ2pwdGdpUGFZWW1SQlU0SXNleDZXNmlxMVpEYXJfdkdNd1hRTlFxZlNGdFVvYWNKb2RLZw?oc=5,order,SC directs status quo on Karnataka HC order on ethanol allocation; Centre says 20% blending still an exper The Economic Times
2026-06-30 17:21,Suzlon Energy secures 105 MW order from Sunsure Energy | Tap to know more | Inshorts - Inshorts,https://news.google.com/rss/articles/CBMiowFBVV95cUxQMFdsMGhtenByM2pCS2pkOGkzQUdWQUJORERFYk5KNnEwcFp6LXYyWGxscndEc3VhTEJJcEdGWXpXeFA1WEowbnc5ZlRRTVVYdDFkbG5IcHlEM3NaSnl4RVU3MUxRbGpaSHd4WWpmMDFtYWdsWFY4WWsyNk5lMFlZM0xDY0w0S21xN09naFlIQWs1VjUyWVJVbEVYVTBybTRIaEdV0gGjAUFVX3lxTFAwV2wwaG16cHIzakJLamQ4aTNBR1ZBQk5EREViTko2cTBwWnotdjJYbGxyd0RzdWFMQklwR0ZZeld4UDVYSjBudzlmVFFNVVh0MWRsbkhweUQzc1pKeXhFVTcxTFFsalpId3hZamYwMW1hZ2xYVjhZazI2TmUwWVkzTENjTDRLbXE3T2doWUhBazVWNTJZUlVsRVhVMHJtNEhoR1U?oc=5,"order, MW",Suzlon Energy secures 105 MW order from Sunsure Energy | Tap to know more | Inshorts Inshorts
2026-06-30 17:51,Suzlon bags 105 MW wind energy project - BizzBuzz,https://news.google.com/rss/articles/CBMiigFBVV95cUxOajlSUkpFNV8wQm9sY3BWNlZpRXM3cm8zb2F2U1cwMWRBQm1jazM0SHlJZDRJd1N6WFlwSS1kT3BWLW0wQ0UzdHFNOFBCaWp1MGxTU0dfVDIxa2JSY3JhX05DWXpuQkdFOHdReUZoblpNMXJPRXQ5WXh6Q2VFbWNjMkRyMUthSjR4c2c?oc=5,MW,Suzlon bags 105 MW wind energy project BizzBuzz
2026-07-01 00:35,Corporate Updates: Orders For Suzlon And Kalpataru; KPIT Issues Performance Warning - Whalesbook,https://news.google.com/rss/articles/CBMi5wFBVV95cUxOQU5fWjhlTnFvbVdVVEcwZ0dnaXZqSlE2WEFYWkltQlVvNUVDaC1rVVZWbmdvTGNVbWZXRlE2bzBaT0RVTFc5OTBTc0xtOWNMWXhFLUExcmpTeHZMSlVDYXNsWVFWZGNIVXo1TlcteTNkX3V0UVFubFBWX1M3SFMtTzY3ZG9TM00zUnllQmlrNTdPcEpBanRJRkt0cVVjSFdjUm5JMUVGS3VrQVh1RHgzcnpPdkt2WXBlZExLS0JLRmNXaGtsNmVHS0JHczdqandJQkx1VmZhX0JxVUhNSnBYYVpWdUpwejg?oc=5,orders,Corporate Updates: Orders For Suzlon And Kalpataru; KPIT Issues Performance Warning Whalesbook
2026-06-30 15:40,NTPC Green Energy Subsidiary Wins 193 MW Wind Project in MP - Whalesbook,https://news.google.com/rss/articles/CBMi3gFBVV95cUxPT3huREVHVkNtRDNfYXVidTl6d19QS2RITnR6Y3NON3lOSlNCaXJYZ2hzX2tCa0NfZGp6aUtDX2dGb081Q0RXN1I2U01mcFBScWZGRmxWV25VbzMtbUN1ajA3TmhkN0lZUEJ5MzAzc19YOWFEMWJYeWJ6X1FXZEpFVjlRSGV5SHJYcGZmUWNzX1E0M0xxYWQwZFlhQnNnVHZHbC12NnVhcTNaTTZuZW9hZ3NMTVNnbGhxRzViTzJyN1Y3S09ONWcyTTRwWUctOXVRRmtWXzlSQnptRXJBQXc?oc=5,MW,NTPC Green Energy Subsidiary Wins 193 MW Wind Project in MP Whalesbook
2026-07-01 09:11,Siemens Gamesa blade breaks off during lightning storm - Wind Power Monthly,https://news.google.com/rss/articles/CBMipgFBVV95cUxQRmh4LVF6OGNVSlozOVRobTRXVlpfcVdBbzcwaDlCc0ZPRTEtdmtQcHpLMnN5bUlReVJpNmFUSnlOdHhwLVF4UGwyUmh4UUNFZ2ZSWFQ5OWNzcmFlU2JSbHA1RzFLVGMxUHhhVEJDR1BQNEJnbWN2MHJJNDMtUVVaNDM0NHF5NzZFVkV0QzRLVUFMb3p3bGktdm1sWUkxV0tnYXNhdEpR?oc=5,blade,Siemens Gamesa blade breaks off during lightning storm Wind Power Monthly
2026-07-01 08:16,Equinor (EQNR) to Discontinue Offshore Wind Operations in Japan and Close Tokyo Office - Yahoo Finance UK,https://news.google.com/rss/articles/CBMikAFBVV95cUxNWXVxUnkwMWhuc296bGNfTVBoN2NsbzhaT3dhMmNSNXNRN09oaDBqSEdSeTFnSkZSREg3aVVCa2g2VEF6R09Zenp3MjRybktEZEE2NWJrNlo5OEdnUzFpN3daMkZsTTA5VUVGVGMtWHhoTDdVNEtxaV9ZZ1BYWE85c2tyR3FKRmJ6cE81aHkyRFA?oc=5,offshore,Equinor (EQNR) to Discontinue Offshore Wind Operations in Japan and Close Tokyo Office Yahoo Finance UK
2026-07-01 13:03,RWE opens offshore wind control centre in Germany - 4C Offshore,https://news.google.com/rss/articles/CBMilAFBVV95cUxPbFRCQlRFR1drUzlOYmV0Nk1zVlZ1UlNfWFF1dloyS2tQQ1RnTFJXdVZnUkR3MjhiRHlXalhKLUhfelBlYVRmZ080VjEzTXp0NVJjSTN5VEFVT0R2QTNLNEFaS2t3ZV9ROEJSb05QekM3aWNXanZncC1vSjFWVDJPSUgtUi1wR3FvNDNNUE1DSW8wZkVp?oc=5,offshore,RWE opens offshore wind control centre in Germany 4C Offshore
2026-07-01 12:37,Acta Marine receives CSOV Acta Gemini for Dogger Bank project - 4C Offshore,https://news.google.com/rss/articles/CBMipAFBVV95cUxQUElobWdfd1VHNkF3V0hwZFJvUThfSnNHcTJLUWRFY1JPUmFPcmN1MXhJN3ZUUWRyektKTGRqejJuYVJ5TFRNX3libDd2V243aXRxSVBuYkpCNzZ3cDBWemFQQUlSWFBOWi1UZkgyU1ozczAxeVlCZjRUWTNWM0ZtYTh0Q2R4cVlaMWpXWkNfM0hqWGY0UUVzekZXSW1zbmY1YWZJbw?oc=5,offshore,Acta Marine receives CSOV Acta Gemini for Dogger Bank project 4C Offshore
2026-07-01 14:18,South Korea backs offshore wind growth with new bidding results - 4C Offshore,https://news.google.com/rss/articles/CBMirgFBVV95cUxQOENuRUZOYm9pTjJ4MVFFVXQ3VTRGY2hUR0RjUDlES2U3cld4RkozcVZlYjZ3a2J3cnkybTBsNGFXWnA4MTZkUUZtT3E3clJiSExOMHFWZlpHUDlJM0VOSm1ZQ0FSeGcyT3lFa3loaDlpVlNLdWZROXlKdURMX0pTS0l3M0J6N0N5S3BnSk95dHZaRmo5ODc2a0xDQmdHMm9KUEppOWVvX2tEeWhiZHc?oc=5,offshore,South Korea backs offshore wind growth with new bidding results 4C Offshore
2026-07-01 10:52,Curonian Nord offshore wind farm clears environmental assessment - 4C Offshore,https://news.google.com/rss/articles/CBMirwFBVV95cUxQWFNlT2U5emVkNnBFRTczWFpUbk8wNzY2M3FkQXB4WVVlTzFtNWVKOWV3UlpPeUtxQ0RzNTdhRkxoc1d6NThRYzRkbGlVZEwzLWs1VkhuV1pBS0xwdGE4czJuYlBERElWT2FGSm5ScGhxVUtCYnZkS01ad2c0VmwtQkVjc243QzhyYmtvbTlCNjdqU0haRWZPUnFqUV9fV1JMNnVUdTd4cVRsbERPWlZj?oc=5,offshore,Curonian Nord offshore wind farm clears environmental assessment 4C Offshore
2026-07-01 12:38,Føn Energy secures Baltic Power O&M contract in Poland - 4C Offshore,https://news.google.com/rss/articles/CBMiqgFBVV95cUxQOGJMZzJ4VzY2WEJsbTFBX25iSkJGd1ZXX29LdzhTeWVhVHd3WXJ6SlJ3c21Dc3FPLXFTRU5UX0VPbzVBb0JmY3FQd2NYYlk3SDNidXd2OU5MRngyMmIwVUd3ZldmYnNIWFpTNlZraS1sVWR3VmRZcGg4cWdoQU9XN3E1eXN6VmRvamhfMzB5VlhDMURScFlTSHp2amI4V0VsQ0NTVHh4NXZxdw?oc=5,"offshore, contract",Føn Energy secures Baltic Power O&M contract in Poland 4C Offshore
2026-07-01 09:01,Against the Wind: Inside the Completion of America’s Largest Offshore Wind Plant - POWER Magazine,https://news.google.com/rss/articles/CBMipwFBVV95cUxQZUpGc1RHWXZyeUxNSlhERXVtY2ZfNVhLWm1zYm5wRjFFX3hEMzc3V3Y2X0l3aHVVRnJheFE0b2lyQ2hTa1VfcHI1ZnNBUkY4SzlfNi02a2l4NW1GODU4M1AzclNITWZFWk1nY0dkWUF1dVpFc2NManVmVG83SkxadnFyMmVRcmc2ZkQxZDFJSkV2YU1ScTNqRHFIM0ktNXBaa2d0QlJxVQ?oc=5,offshore,Against the Wind: Inside the Completion of America’s Largest Offshore Wind Plant POWER Magazine
2026-07-01 13:06,EastWind Launches Pioneering Offshore Wind T Level Engineering Program - environment coastal & offshore,https://news.google.com/rss/articles/CBMirgFBVV95cUxQT0hvbVRocGl2SDlyaUd5MnV1QWd5elVOcUMwUzZ2MjNnZlJpcTlwbHRSV1ZuMkMyR3lWS3Vuam1xRUxkc1FXb2o1WXNzejVjTUpLcHVOT3N2RC1qV21DUmJlNllSY3ZMd01HbkZOYWwwdU83dkZwaXAtQ3ZrQ0hJckJLMWs0R29TaDYtMWJETjdFcmsxSFhPUmVIVkM0SHdRUUVXZm85UWhRSkRZMnc?oc=5,offshore,EastWind Launches Pioneering Offshore Wind T Level Engineering Program environment coastal & offshore
2026-07-01 08:16,Equinor (EQNR) to Discontinue Offshore Wind Operations in Japan and Close Tokyo Office - Yahoo Finance,https://news.google.com/rss/articles/CBMimwFBVV95cUxOOXFBWjlaNFZPbG1qWEhmOXpMYmVzNHRzV2R2TGdqZUNpbEdKbWUyRmhRVEF5b2t4RF9WeGpOY0d1WUVSdGtsclZMa0N1SHk2VlNyYVhfeDZtaXFPQnZ5X2s2aFlLMUFpVlZwdnFFaVZJMlFYa1RsYW05WE0xNzNOS1V2QUlEV2RuVWhWMkJvXzN0TjFMWTlMLXBBRQ?oc=5,offshore,Equinor (EQNR) to Discontinue Offshore Wind Operations in Japan and Close Tokyo Office Yahoo Finance
2026-07-01 12:50,Oil giants blown off course with offshore wind - Maritime Journal,https://news.google.com/rss/articles/CBMiqgFBVV95cUxPdGdfTnJSUkRFb0hselhoa3lQbFhoYzVlTjVMeWxsa2JrTjhqYTBmYkhsNXFHUzZCbUFsYW5ncmpFdXhva1BHeGF1MEx4UTNWOFJuTDhGU09aU0hwamwtWjg0bVNuOERfRUZVekQ4UkpCWDFEWkxrcmptaURSd2s2T2RtMXFJREQ3WmR2SXdiUDFyUG0yVGUwOFoyaXNyb1hMWUlwNkdmdFRRUQ?oc=5,offshore,Oil giants blown off course with offshore wind Maritime Journal
2026-06-30 18:24,Hywind Tampen from Equinor ASA - offshore wind powers North Sea oil platforms - AD HOC NEWS,https://news.google.com/rss/articles/CBMiwgFBVV95cUxNWjd3ZDJSMXBHTk93T2d0REtzaVd5M3RMYTMwX1g3OEJ4NDJfMG9wWW5HWTZYbExrM0V5cV9HeEZublNWeUxSMjlrTGNtTWdiR0lCMnFQVzdCNWctazJlaWxVb1JpS05FSkxRT09BcFp2VWxFRUN0VDdMb3A4LWtER3RXMFBNMnNCeV9wTlhDcEhLYzZBbzB3LUJkbVFWVS1ObjduU2hSTjBWZ0dQa0JtYUM5WFN1T192ak1fSWdJWERIQQ?oc=5,offshore,Hywind Tampen from Equinor ASA - offshore wind powers North Sea oil platforms AD HOC NEWS
2026-06-30 16:18,Hywind Scotland from Equinor ASA - floating wind farm tests deepwater limits - AD HOC NEWS,https://news.google.com/rss/articles/CBMixAFBVV95cUxPMXVTS2ZFSVBqQkduN0pMWUMyVExDMWR6aWlLeE5MSU53ZFp3aUJVVDhVSm1fbndtTGFXd1ZWVzc3cWVOTDE0Y2h6NnU3eFdTdVBUX2xzRWlMbW1lSWdVOGkwVFpyal8tWTZwaGpMeks3eEhOanNnUlhmeUZaWUEyaWtPVENvNlZRUDhTQVQzbGJibEFMMFFfNmRMQllUQmlZWXBqOXJtTi1FYnJKZFFSZW1yMlJ1bVptc3lScXRxdmRkX2RO?oc=5,floating,Hywind Scotland from Equinor ASA - floating wind farm tests deepwater limits AD HOC NEWS
2026-07-01 16:10,Vestas Wind Systems steady on global turbine demand. Investors look to long-term growth in renewable - AD HOC NEWS,https://news.google.com/rss/articles/CBMixwFBVV95cUxNdWRCYTRjYjFQRUppM0w5RFdrLVhWeFc1RDZILXNab1JrV3p3OFZDSktpdmZGM2xHU1dienFzZFZzSDBkdWhjVkFNYXg4RFZSdnYwZ3A2UXExeVduSXpPa3k0N1VFLVZZQmk1cW1fRnFub0duZERzRlR0ZTcxT1N1MlUwUzN4aVJLQWhnVXEzSmdIaEtTRV9sWXlhN0Q2aC1RRDYxQkMyc01QNVNRZ0xPRXU3eEpBT1BCVHBZN3I4dUlCRFh5a3M4?oc=5,turbine,Vestas Wind Systems steady on global turbine demand. Investors look to long-term growth in renewable AD HOC NEWS
2026-07-01 15:47,The Vestas V136-4.2 MW wind turbine - built for mid-wind US sites - AD HOC NEWS,https://news.google.com/rss/articles/CBMivwFBVV95cUxQVWpkQ3dXWTk4Sk02dEFMUkhfeE1aazN2dnBmRkZtN0Z0VWNNZEktakx2elhZRndlOS10N2UyNllObEhBRXBwUnIyV1JNT1NQbERJbHlMb05rWjRyWnpEcF9CT2xwNlUwYnlHUERyVFVMcEtoZWt6dTZBcGFRRzc1N0NhVWxydGV2cTE1c29TYnM0VFpqczBmYVFra1dIVmlxUl9oWGlhMmhUQ2V5UmtNejJLcnF6cUFCcm5SWTBOOA?oc=5,"MW, turbine",The Vestas V136-4.2 MW wind turbine - built for mid-wind US sites AD HOC NEWS
2026-07-02 11:45,Nordex to supply 197MW in Germany - EnergyWatch,https://news.google.com/rss/articles/CBMia0FVX3lxTE1VNFZod1Y5dTdZVDJEc0VpUGY3czV1Umt3NUVyOWdpVkItbjRqeEloWVVZa1kxeGc4Z01CNDVuN0JGOC1ZZFh5V0c5Wmg2c0tFTzd2aDFVTXZlVEZhSGtWbTd5cy1pUFNXZ0JB?oc=5,supply,Nordex to supply 197MW in Germany EnergyWatch
2026-07-02 10:29,First Monopile In at Vattenfall’s Nordlicht I Offshore Wind Farm - offshoreWIND.biz,https://news.google.com/rss/articles/CBMipwFBVV95cUxPVzBqVk1kNDBPd3MtX1RfNUtFcW80QjBKMVFYalpPWTlzVmlGYWxIcDdzMGozYXZ3N1lpcmJvWnl0blh4dG0tNk12QVF0VUdSUDdvZl9FNzc2TXV2M2xFV1poQ2U2Q1dtZXNPNUU5d3k4QzQ0bW1JeF9DdVVKTUQ1MHdQZnVqMjRUV2Z3YXB6VnJyel9nal9oaUl2czExQ1lsSGJKbVNGMA?oc=5,offshore,First Monopile In at Vattenfall’s Nordlicht I Offshore Wind Farm offshoreWIND.biz
2026-07-02 10:49,Analysis of Segments and Major Growth Areas in the Onshore Wind Turbine Market - openPR.com,https://news.google.com/rss/articles/CBMioAFBVV95cUxNM3EzVjlRcE4tMjhPTkFhUTQ1VXRqTm5DS3ZmbFdsNWp5bGtQM2NkSm1aRXlDUlN1RXNBUmlWaThVOUdlUGNHem9TWkZHd2ItdTF4cjRSSkd4WV9ZN1l6bjJkeUE4cjJjWUR2Q19Ld2xCRlgyQ3I4MVd0RlEyTHBXUEt6eHd6UUt0U0R1UnZjSFVUdlo3ZHB5bjJpRGFFZTZn?oc=5,"onshore, turbine",Analysis of Segments and Major Growth Areas in the Onshore Wind Turbine Market openPR.com
2026-07-02 11:07,Leading Companies Fueling Growth and Innovation in the Onshore Wind Energy Market - openPR.com,https://news.google.com/rss/articles/CBMinwFBVV95cUxOOVJUcW5RTlpKajJuYkUtZHdVWnczcmt0OHhNQWZtaGxjSVlZV29OWTZjcVFiNTNWMW1YZXBLR1dyMm5QRTQtTHl6OUdZdmxINmk2UHljdHJTU2wtY01laEFqM1NON3V3Mml5SklSeXR2VnhKc0RnNGFZQzIwUUdYZ0x5YVZtT2xVZXVPa0JUS0ItR1ZqOTVhcjhlZDVsckE?oc=5,onshore,Leading Companies Fueling Growth and Innovation in the Onshore Wind Energy Market openPR.com
2026-07-01 19:33,Envision Energy and AMEA Power finalize deal for 500 MW Amunet II wind project in Egypt - Energies Media,https://news.google.com/rss/articles/CBMibkFVX3lxTFA3NWFPOWZnNEVFRVozM3MzSGRkSU5CV3hiQWNMSkJDa29tRzlMZ25ld1NLTkhuQTN5ZEplY2RZaTUyWkJKbHUyN0hDY1B3MFFJTHZ0T1BOczFOZ3ZQUlRKTDkxN2pMTVRtSXppdXpR?oc=5,MW,Envision Energy and AMEA Power finalize deal for 500 MW Amunet II wind project in Egypt Energies Media
2026-07-02 04:16,Analysis of Key Market Segments Influencing the Floating Offshore Wind Market - openPR.com,https://news.google.com/rss/articles/CBMilwFBVV95cUxPNHN1enFoaTNKX0htZE1Ea0tEdVhJcEZMc0xMeVg1RlA0M1Vvc2pfdmFfZHRZeUpxaWNpcVNGMnM1R2Z6cjZUNGVBWUtoQlpyRFlZTlBCX2hCNjNQWThZUFRicWlHU2IyQW14YmQwWjhYTm4ydTBtZlgxb21NOEpUdEJZV0U2akFsTHEySkotR0RsWjFKQy00?oc=5,"offshore, floating",Analysis of Key Market Segments Influencing the Floating Offshore Wind Market openPR.com
2026-07-02 12:05,"Nordex Group to deliver 20 MW wind farm for Continental tire plant in Korbach, Germany - renewable-energy-industry.com",https://news.google.com/rss/articles/CBMi6wFBVV95cUxPbkVDc0c5Y0dkaDdSV1VXQnI3TVpTNzA2T2xFcTU3N0l6ejJPTDZzdjc0MXUxM3FaZHBWc0wyNXRLcUdZOTFlcXlTTFVvejA5R2lfNDhOS3lieFZKaUNNT21uSm9FODA0S3haVDRnbWx4Xzc0dWxwMWdia1hFZ2sxVjBvcE5Bc2h1eG1vQW16OGEwTFl6MnRJV3Q2blk1Y0g3N0diNkJDOGR4QUUyMURfWlpmWVJyaDlLeXRzOHd1b25wQWRnNkdvOEFlLU9HSXpmRUN3bWdBcmhSWm1uRm45SUFZdWxEV05LNzZv?oc=5,MW,"Nordex Group to deliver 20 MW wind farm for Continental tire plant in Korbach, Germany renewable-energy-industry.com"
2026-07-02 09:05,The Nordex Group receives new orders totalling more than 197 MW in Germany - Energy Global,https://news.google.com/rss/articles/CBMiugFBVV95cUxORERDYjFFRXY4clhkZ09HblEya2xHaW9fdzliMWJQSndlTElpYnBmWVpKTFZGdGdHRGNaWFE2VEF3SER5UDFiQWF2VW1oS2VjNDZOWUxhM21oN2tZZ081U2E3dkp5OEFUak5uNWptLVJYb1hqOHE4YTVZRVNIQTR4ZjR1ZHhWZjBiZHVndGdEMDlqVFAyQXVVVGJwS1JXeXlxbENkcUI0UjJpZzhSeGd0Q1VaUDdFYVJId2c?oc=5,"orders, MW",The Nordex Group receives new orders totalling more than 197 MW in Germany Energy Global
2026-07-02 08:09,Nordex secures more than 197 MW of wind turbine orders in Germany - Windtech International,https://news.google.com/rss/articles/CBMixgFBVV95cUxPZXAzTXNCanNvU1NPYWRQejRfSzFrZWQ3Z0pEVWtxWkxOMW15ZHJOazhWSTJ3eVFhWVZ4bkNfNWhaMkhUNUNHbC1oWlZnX0dYajJ4NGxaSGJKMENMV0FSZVJ6MmZXclVMekZ4WmFLWkJ6S2lTc21MSmVKUFBMRFZlc3NWYVJwQWlraTBCakQzMHFmMGRBbXlFV2VYZVJabHB3UFQxWmJOSjE2RzVUMXNyeGtuQXRzdHN6N0xsaHJVejdMMmJub2c?oc=5,"orders, MW, turbine",Nordex secures more than 197 MW of wind turbine orders in Germany Windtech International
2026-07-02 07:13,"Nordex lands 197 MW in German turbine orders from Enova, BMR - Renewables Now",https://news.google.com/rss/articles/CBMioAFBVV95cUxPZ2RXU3dya0I4S2FZdzkxLU9LeE9OQ0tBRnhOOHlxaE9md2FDSnFmS0hpaElCVmZDNUdYY1dVOWVGRm5nd3V0eWlIX0MyRkpXVlFpYVIzdXhwQnIyRGF6NUd2eU1obWItTm9FblNpZDg4bVdQQXlkbnVxQ01xa1pBamNnRTJBMlBxTzRLUHZYU01yanVzRHR0U1JFTHYzamxL?oc=5,"orders, MW, turbine","Nordex lands 197 MW in German turbine orders from Enova, BMR Renewables Now"
2026-07-02 12:56,Rubber hits the road for Nordex on Continental order - reNEWS,https://news.google.com/rss/articles/CBMikwFBVV95cUxNbllXU2RCSUVuYWxNRWNjSEVsNV9QYm5ObkRpeGo3REhtcW1ORkhIdllrS09kVlBuRTlReHI3V0J3MjltR053TERUcWNtMEE2cVBVQmZMWTFIcWRlQzFCNTBzYXl1WE9tUkptQTZuTWZvNVNWN3l6MV91SGJQelo2WXZPcDRmWklGckdqUTVyN3QwWDA?oc=5,order,Rubber hits the road for Nordex on Continental order reNEWS
2026-07-01 15:47,Suzlon wins 105-MW order from Sunsure Energy for new 5-MW wind turbine - Renewables Now,https://news.google.com/rss/articles/CBMirwFBVV95cUxNQVNabU8tcF93anBpQXM4VGZYNDFqQVJacFdiSVplWE54MnVWeWplSnJrdk5uYXBoZDB2LU1qZTNGMTRfcW14MUdnZXZTSHRtTjQ5Q0R2SXNhZWw2WnNBTGdEX3kzNUZYSEctVmF0WDdxOWlOSDlrZzBOYU1GVXZqaGNnRGp5ajBDNmlIZjVaX0tPOEw4alpLaElfeTU3dmN4RC1pLUl1aWZidFJUVDZF?oc=5,"order, MW, turbine",Suzlon wins 105-MW order from Sunsure Energy for new 5-MW wind turbine Renewables Now
2026-07-02 05:16,Suzlon Bags 400 MW Wind Project Order From Tata Power - Construction World,https://news.google.com/rss/articles/CBMi2AFBVV95cUxPNUJEOHUwcTBhMEVJZ0Z4b2xic2I5VDdOUnJfcXdDZHJ2dmk0bTRySDhCYmMxRnBPZWVraVhLYllndVIzQWc3NWVZT0Z2M3ljZXRvR0hfQnhudVg4U0lRWGJNQVdFUkMtSEhfOHowclA3NEZFMEhFTUdUS3hyeGJVQ0thNXRtRDIwdVI0b0lyVGM0QlFyTkV3dlpXUTJhdi1mMnNFeWZiZzBNYVhnRG1Mbk1jUFRaWDhRYS1kVlpISHY2d3dxOXo0N2J4cXdsLWpPZk1DbXlVdUM?oc=5,"order, MW",Suzlon Bags 400 MW Wind Project Order From Tata Power Construction World
2026-07-02 10:08,IWTMA Calls for Export-Led Growth Strategy to Position India as Global Wind Turbine Manufacturing Hub - WindInsider,https://news.google.com/rss/articles/CBMi0wFBVV95cUxOTmRmc0lxOElvS2ZqYmcxTE45cGJPVXF1UnJ3ZUUtSm9HbUlkNjduMnlQWTM3X0c3YlBzenA4YXdQbWdWbUc4SzRUejRzMW9DQVNiRzR1bjZ2QU9yZU9peHphaFFWT2dsbG8tenVSWHBveGJBTU5xSVMyMGwtVmRCOWZqampoTjlrQ2JWWDR2OVRVMW5xMmxhQ09VRUdERTZwM1lESWRaQlhQT3RELTgwQVNycEVScGhlMjZDVWZHakpXZjk0U0pSTTdOb2U5ektFNWZr0gHYAUFVX3lxTE9RV0pkUWtVekYzWDZrM25JTWxwZ09KNjFGMHE1dDZuLVFINlFrTnNqd1dvSzRzaHBjb0NBTHhRVHhYbkkyRzBKeEFIaWJpdE1USmFJTldCMWNGekxxc2xNcTBGbFVyR3pIU0ZJak5HbDdpdktmVlc4UUdydHhEbERRdC1kc2t1S0tCUkxCMndiZWptb0dRekhTTXRuVXVETDJsUS0tR1FGWVJlZ0RDSnBaQUdaRmpzLXpHWTM1OW9aSHA4SVpLQmRrTDFqWWhsRy1lOWVOZlh0cA?oc=5,turbine,IWTMA Calls for Export-Led Growth Strategy to Position India as Global Wind Turbine Manufacturing Hub WindInsider
2026-07-02 08:57,New Zealand passes bill introducing regulatory framework for offshore wind - rivieramm.com,https://news.google.com/rss/articles/CBMiwAFBVV95cUxOUGJxeXpIaTdpajJjMk84SU5uT1IwNVp6YllnQTg1ZDQxSVV6U2NEZWdoaDY4M2RfbVItQ2NUNW1xREZUM3lEU3FsWUpPU09RX0x0Mkl3ZGN5T3VvS3JVRk1iUHBxang5MG00XzQySmVsaWZlZDVMVUoyTXFBTkZab0NIU3V5ZTY5aDQ5RkMyNjNaeVpsbGt0dllkQVkzbXRiaUJIc1lZMk04TW9QQmdqeGJCUVJyMzd4VEQwUS1GU1A?oc=5,offshore,New Zealand passes bill introducing regulatory framework for offshore wind rivieramm.com
2026-07-02 12:26,Arup supports certification for Japan offshore wind project - 4C Offshore,https://news.google.com/rss/articles/CBMiqAFBVV95cUxPdUN5VVF0TExjSm81OWVBcmplU1NmZEVEUU9BTnUyM1FxT3A1cWUxUWpkZ0ZoVGxGaTk3aUFTVXNiUTB0bGZ2VFIwdVU1aWdpcHIyZ3NnXzk3d2NOLUxqMVJNejkwTDJVXzVMRmRtT09EbV85UVh1X2xzOGpoQ01sa0tkV0lKV3JkUEdrMndIYzhTMERQRmZibzE0dm5SNW0xNUVtLW5qcms?oc=5,offshore,Arup supports certification for Japan offshore wind project 4C Offshore
2026-07-02 12:46,Representations for the proposed Morgan and Morecambe projects have been submitted - 4C Offshore,https://news.google.com/rss/articles/CBMixwFBVV95cUxPQTRoOEdmT2xLMXlWVmNBeFJUZTJrbzdoYnZPSm4zbzI5TU5aUkk5aHRuTjR5XzN4TU5MV2YxSkJBLTY1RHdXZEN2b0o3bnJyay05c0s3dkt3M0FWZkZ2MGJkX05GUFpFb2Z4VWZCZHFSMG52aEhpZkxTV3JPTFMxdEk4WkllMzZqMVVzZU5HWW42bWF1bUJpY3NabHExMVNGWW1nNlU4czhoZzVDUk5Gc2xOYjdRbzZZMlpFLXJOTEl2WjAyTEYw?oc=5,offshore,Representations for the proposed Morgan and Morecambe projects have been submitted 4C Offshore
2026-07-02 11:04,SPARC Alliance welcomes Crown Estate partnership - Pembroke And Pembroke Dock Observer,https://news.google.com/rss/articles/CBMirwFBVV95cUxObXpzMUxJNWNXR2s2RHBQV1FvRjk4enJsanFWX2c2Y2R5VXlkSGVtczREX1U4SktFb3ozWS1zT1hheE5ldTlVdXZodDNTNm1sOUtLTDRpV3NJVmdqRGlyMURZVHlWSlJOb0lpdmRiSFl5SU1NZXlVdS1jdlBDR2kwcFdHTnNBaDEwbFVUSVBnTU9seUIzQUw3ZVNVY0c3eFlOMnpIZDk2UlFSVEtqQ0Fr?oc=5,partnership,SPARC Alliance welcomes Crown Estate partnership Pembroke And Pembroke Dock Observer
2026-07-02 06:45,NextEra Energy Plans Dominion Energy Acquisition to Boost Infrastructure - HarianBasis.co,https://news.google.com/rss/articles/CBMihwFBVV95cUxPZVBVUndyX1lPQnk3MnZJbW9ZeW52SHB1ME9FLVQtem11VVgzMG9fSHpVdU1aaHdMZGJaTURKV1QyWUViY1I1MDEzV25OcmxCa0RreFpNTUhXdE1WZUcxendRUlZyZ2tRdWk2TUNWLXY2M0ZZcEhlU2RNRWtmcmxVY2JsZ0F5bkk?oc=5,acquisition,NextEra Energy Plans Dominion Energy Acquisition to Boost Infrastructure HarianBasis.co
2026-07-02 06:43,NextEra Energy Announces Giant Acquisition to Dominate AI Power Supply - sekbernews.id,https://news.google.com/rss/articles/CBMif0FVX3lxTFBKSzJyQjV2dnFDY2tJN2xCWmZlbzZ6aTIxSmtYNG94am53NmdjX1hJakFFcW9WeVE2TDhXRTlsX0xkUVVzek8xVjFXRkFSZnBmRU5qS2phd3dYM0pkNU0tcEJlNlZrRHVjVk9DU3dkWnFjUm1MUHpNMGFSLXhxMm8?oc=5,"acquisition, supply",NextEra Energy Announces Giant Acquisition to Dominate AI Power Supply sekbernews.id
2026-07-01 17:21,Hywind Scotland from Equinor ASA - floating wind farm pushes offshore boundaries - AD HOC NEWS,https://news.google.com/rss/articles/CBMixAFBVV95cUxNT3JUa19ZaHhEVG1ieUJEa2dSRTNPdnRVZ2R1UmVBcU9YTWp2bnVTNXZWZ3dJcGlxOTNHcnloaDFYRnh3THVmaFFNOW5HYWtfVXppVkxfUS1NOHBSM3A4d2lNSkxiN0RmWlJxUkF6OHY4OHhtbzNsdURLXzg4ejhuMDlZcE5XbWdpdU9zT3NIMVpnd0JtUDR0RFRyczVhTHlIeVdRYWtuZ0FqeHRwUm5nbU52Vi1GRk83MG5JRF9OUTJSMTdB?oc=5,"offshore, floating",Hywind Scotland from Equinor ASA - floating wind farm pushes offshore boundaries AD HOC NEWS
2026-07-01 18:17,Equinor ASA outlines energy transition strategy as a global offshore producer - AD HOC NEWS,https://news.google.com/rss/articles/CBMixgFBVV95cUxQSDZNMWk5a2twNUdGdlhPNTh6LTlhTWRRWTFzWjN5cXBKYXZJVUt3NzVPUU45aGtuRU5TYkc1WHl3Q2g5bzBqUkJicDF5X20tR2tkNzlLUjJFYUZGSDFUMEFXMmFVNGh6bUlrX1pQOVJVblZPNkJTT0J0Rk40LVJBLUxnNnVqX29DX3pYYkJkdXJJMDdYWlNaV18yMVhnQWxGcTRJS1JHa09obnU2M3dyc2dVVjhZd1ZwSjBJX0tlSXpqSTQtVWc?oc=5,offshore,Equinor ASA outlines energy transition strategy as a global offshore producer AD HOC NEWS
2026-07-01 19:43,"Norway offshore workers, employers enter mediation to avert strike - Reuters",https://news.google.com/rss/articles/CBMivgFBVV95cUxPbDRCbGk1YUFMQVJzRjU4OFQwaHhqR0hhYWVYNXh4UkpOM2JpVUd0YVAyUFhMaTJ1eUU0R25oV09aRzhJazJPSk5pUkJZQU1HY3hmVDlKRWdsSFhZVTIxV1JFTmxLc29FdzVsbHZSdDU5bUo2bXozQnJQckVVR2tqYV9iUzdBaHBLbkpOQUY4WUJHVUM1ZEh6M3ZKZUdLYVRORk0wZFdZbWVfNGpVcGx2dW4zYmZTUGYwWVJPSFdB?oc=5,offshore,"Norway offshore workers, employers enter mediation to avert strike Reuters"
2026-07-01 20:32,"Transocean (NYSE:RIG) dips after $1 billion Equinor contract, investors question dayrate impact - TechStock²",https://news.google.com/rss/articles/CBMisAFBVV95cUxPbWdjbVFCYjluSkx6aHU1dFNScWk1aXJkTmZiTy1YcGZWUnRSVGVKSmdZcVhkcndQaTgxd1I3ekRXRFMzN1BSRzhzSVhWVWFhY3BSS1BnMkdpRzB3TkdoVVNUUFVDSVlPV3FMbnltTE0tazVzTDJ6bzZZZm9KY0FiRXJ2bkk2WUY5TFN2NHJVcTNPajFMRHdhS0lXQ0N2b2xYelVIMS1kc3hxRTJsZm5tUg?oc=5,contract,"Transocean (NYSE:RIG) dips after $1 billion Equinor contract, investors question dayrate impact TechStock²"
2026-07-03 09:31,JERA Nex BP Completes Acquisition of Sumitomo's Belgian Offshore Wind Holdings - News and Statistics - IndexBox,https://news.google.com/rss/articles/CBMisgFBVV95cUxOQXQta1R2b1ZCMEk3Zk9SUWRXb0loZnZra09VQjBYS19FMU1xeU9HWVB3RXZrRkZwMUlBWDhjQ2NsZXRSenZBLUJXQ0VfWjU2azFmYXk2N2hMQms3MENtNXpOektqZ3pVTnVPNVJzR3JGWWM1R3ZWVl9pcnVVVXVVTXp0S0VyenA1a0VzLTVYLVJQcjJiMF95SU1PdHEyeDdkaXRrcHR4cE1GMzZiZ2VPaXZB?oc=5,"offshore, acquisition",JERA Nex BP Completes Acquisition of Sumitomo's Belgian Offshore Wind Holdings - News and Statistics IndexBox
2026-07-03 08:46,"JERA Nex BP Takes Full Ownership of Northwester 2, Raises Stake in Nobelwind Offshore Wind Farm - offshoreWIND.biz",https://news.google.com/rss/articles/CBMi0AFBVV95cUxPdFVtakxENXdQQjhHYy1za29ZVE45M0Ywb0J1S1lhTUZuWXlmSmJnSGlvdDY5dFBmSlc0Z2s4UUR3X2xUNExLX0pVWk43anBhUklIdDdsOVE0VlM4UkQxOEd4STF1eFRzTENnVmVrU1NlMWp3eDE1MS1hbHFkOEJhM29IVUd2a215Si1kYWJJM0UtSHhBcVAwdC1MaXpudS1GSFEtYmYxTWdSUk4yZXJHMGt5emtkZ1U3UEJ0cDBRQTdmOHdkY0o5Z0puaG9EcElM?oc=5,offshore,"JERA Nex BP Takes Full Ownership of Northwester 2, Raises Stake in Nobelwind Offshore Wind Farm offshoreWIND.biz"
2026-07-02 20:04,Dependence on Foreign Imports in Offshore Wind Power Raises Concerns - Aju Press,https://news.google.com/rss/articles/CBMiV0FVX3lxTFBOVmJ0VGZIZHJZdmRSdTJiSmtHek1sSEtJNTNZdmY3aDBIbVFzYi0zR1ZoU3N0WElIdG1VMlhpb1pnM3h4czgyaTR3Z25YSjd4OEdxdlRNZ9IBV0FVX3lxTFBOVmJ0VGZIZHJZdmRSdTJiSmtHek1sSEtJNTNZdmY3aDBIbVFzYi0zR1ZoU3N0WElIdG1VMlhpb1pnM3h4czgyaTR3Z25YSjd4OEdxdlRNZw?oc=5,offshore,Dependence on Foreign Imports in Offshore Wind Power Raises Concerns Aju Press
2026-07-03 11:07,Jera Nex BP buys deeper into Belgian offshore wind - Wind Power Monthly,https://news.google.com/rss/articles/CBMimgFBVV95cUxQa0Zid1VzOGI0ZTN1eUNYNUtNOU1SMERvamVfWFV6Q0lCM0VkaDZRcWd6emkzVnM2OGxPWDR2WTlqN0RXb0h0M3ZHblNVOUhGZ1JDaEpuOGROUlRLckg1Tk5mSi1raDk1VUdvbEg5ZTFsMzEwVVZGdjExWWx2eVRhQ08wLXcxQzZNWS1RWHdDVUdiQWlCc1RDMkN3?oc=5,offshore,Jera Nex BP buys deeper into Belgian offshore wind Wind Power Monthly
2026-07-03 07:21,Export cable installation completed at Inch Cape offshore wind farm - Offshore-Energy.biz,https://news.google.com/rss/articles/CBMiogFBVV95cUxNWG95SmFvODJCWHJvXzk5YmxpbGpXOE9XZmtvN2pPclBVdEJOdi00c1lpdlRQYng0bHdrM21qQnJBTEY5ZDI0ZFJnOXFlNHRJYVdqcHowMFpXblliVVhrWmhLcFFHUmlqcm9QMDRzMlA0TTloWEtwZEhObFIyZEstWHl1SU9FeWF4SVFaSy16YmFHLUREZGdQTWFGN0pPSDBoUWc?oc=5,offshore,Export cable installation completed at Inch Cape offshore wind farm Offshore-Energy.biz
2026-07-02 15:49,Actis Acquires Klara Renewables and Launches a 1.5 GW Renewable Platform in Poland - energynews.pro,https://news.google.com/rss/articles/CBMiqwFBVV95cUxObEJxN09iNTZXMUxkWkRwTmdOU2E2QnlSWnlXb05oOFM2R2ZUWVY0Znk3eDh4czh3a1d0XzhvZFNISlBoZWU3UFIxdHJwNHMtNF8zZmJnWDhEa1VqY0tVSWwxUUFOTDVXUUxnU0c4eWllZDlFZXNKdlpsUm5GVFRKZ2NhSkY5c0I0SS1hRGN4N19WeXEyczc5TTdVSGMzQTVibWcxT0VraFF2N2M?oc=5,GW,Actis Acquires Klara Renewables and Launches a 1.5 GW Renewable Platform in Poland energynews.pro
2026-07-02 20:04,Concerns Over Foreign Dependency in Offshore Wind Power for Honam Semiconductor Cluster - Aju Press,https://news.google.com/rss/articles/CBMiV0FVX3lxTE92cC1IUFBEVms5WUxiblpkVUtwRThQTUdnSU1wMFlwa2lSQnZHbXZBVjB0VEN4QW91Z19XRTNzbURzSlhLMUFoX05fMDB0YVdIWWtqc3Z2SdIBV0FVX3lxTE92cC1IUFBEVms5WUxiblpkVUtwRThQTUdnSU1wMFlwa2lSQnZHbXZBVjB0VEN4QW91Z19XRTNzbURzSlhLMUFoX05fMDB0YVdIWWtqc3Z2SQ?oc=5,offshore,Concerns Over Foreign Dependency in Offshore Wind Power for Honam Semiconductor Cluster Aju Press
2026-07-03 09:04,Nordex to supply wind turbines for Twistenberg wind farm in Germany - Windtech International,https://news.google.com/rss/articles/CBMiyAFBVV95cUxOUFdGcUxmT01RSnJYZnBSMmVrQ09veHZCUVhDbHppSUhyS1doRlFYV2U4WS02YjZMOEkxR1hIbm55a1JDSDVDSmtMRWdTYmd5VlJmN21PaFNtUnJDaFg4TUxrSnVER2hCQzFOTHN0R2FUTWpuUlNxRmtwU0dWRU5XdlcyLXlRNjVCUE5nLWJfc3ZOZ19Na2hHMUN3MjA1SGxtVWo4VEFJcFpraTJIUHJzcGVTeWUwQmhFZDdOelNTMS1GSUhrcjUyQw?oc=5,supply,Nordex to supply wind turbines for Twistenberg wind farm in Germany Windtech International
2026-07-03 06:01,Nordex Group Secures Order to Supply 20 MW Wind Farm for Continental Tire Plant in Germany - WindInsider,https://news.google.com/rss/articles/CBMixAFBVV95cUxQN3IxSm1OUjhESWZ5MXNNN1JSdS1faFVvRGJDV0JhOUZpMnNZYkt3TDVhQi1pU2lnaDNnTC11b2JzSFV2bDMyeFNJQkVMa213V1REWWJHYXJCU0xOYklaMnItdkFoLVVkTHlZUW1udndRWkpTbTc4eUhseVRJZlFsR2hFSHdGSnZ6Um96dTViTkJ5RzJXTHRNQjR1bW84OUN1SXRTSnhUdWZ0bEhoRDJwWWxGSjFGc0o0TWREbzhYeTFXRGVH0gHKAUFVX3lxTE9pUjQxQVVmdDZNakxjX0JFSjlHd2xIOVNVakxTa1BHU0dKY21UZm9LaXhxczRUODRWWkZhRTZNSUt5aWFXN0g2LVhydFRET1NRTDJkSnAxdHFNNWxzNUVRRFhuNUQ5WXhWZFVtSUpGeTdJYTJsNEgzRUR0b0Y2X3paMlBsemtmNFJCUWt5UTgtV1gtb1pkLV9LQ1MzRlhDTWhqcmZha0R0bGdlME1aLXdVRDVpd2pGWkVCRF9iSTZoT0Jqczdzc1VBT3c?oc=5,"order, MW, supply",Nordex Group Secures Order to Supply 20 MW Wind Farm for Continental Tire Plant in Germany WindInsider
2026-07-02 15:41,Nordex gets 20-MW turbine order for Continental wind project in Germany - Renewables Now,https://news.google.com/rss/articles/CBMisAFBVV95cUxNYmxqWmk3ZWhuTXNjZUpsTk5ZSEF2M0hsbTJxajViQmM5TDJPdG5HeWpVaGpYdzhIMkQyelVoRTFpamQ0QTF5Y2RGVGQ5OGYyYnFPSVpha0FLdmNNSmpYX0ZCNXpjNmE3M2ZRd21TZVdsMlRudzFaUDdLamk0X1QzSzFrZUpBVEsxSUNqZGt0ZE9ZZkFRQnBhQUpGbTZCWFFrWWtxel8zVWV0dkZxNjhsSQ?oc=5,"order, MW, turbine",Nordex gets 20-MW turbine order for Continental wind project in Germany Renewables Now
2026-07-03 00:04,Nordex Group Secures 197 MW Wind Turbine Orders from ENOVA and BMR in Germany - MEXC,https://news.google.com/rss/articles/CBMiSEFVX3lxTFBjUHo4WnJJUzVyc2U3NW5tbjVscjUzS19oNUQ2VDBEc2wtdGYtQWVJYkxvRnBSVWE2bjZqZVZ5dmJERTUzbjU5Sw?oc=5,"orders, MW, turbine",Nordex Group Secures 197 MW Wind Turbine Orders from ENOVA and BMR in Germany MEXC
2026-07-03 05:42,Suzlon Bags 105 Megawatt Wind Project From Sunsure Energy - Construction World,https://news.google.com/rss/articles/CBMi3gFBVV95cUxPdEljcGYyb1R5TW9WeFlfeWREMGNfVlczajF0Z1hjUkU1UWFtS2VuU21vLWpTTUZxX1BJNUJFVVd1V1ZXVUhhbDVJY1pNT3J0Y0ZOM2NZM3NlUTRYbDF2aXBOVVNqZ3RwN2lETU1FaUpQakl0TFJxUGZ3T3EtbjMtdlozOHJsUlNMWnY0ZkVTdkd5MGFBOXBoWmp3dm5HUlVCdTFwRVVNZDJnaVdVZ3BaeHRfek03UHc4VHgzQkdPN0NycnNyQ3Izc1hCaHFRNlU1Nm9EY3U4b2p3bFkxNVE?oc=5,megawatt,Suzlon Bags 105 Megawatt Wind Project From Sunsure Energy Construction World
2026-07-03 04:05,Statkraft Begins Construction of 72 MW Emma Wind Project in Peru - WindInsider,https://news.google.com/rss/articles/CBMipwFBVV95cUxQcDVfNjhZczhISTJ5R09NR0lXTkNrQlZKUWlXQnpYdm9FcWgtcjkzY1dUekxjd3lvVU5GNXJVZ0c0NHp5YzZKUXplYlMyRExxb25udjhKSnhXRnRmQVNOY2JkS2FSOWxSdnI5RlJYZnRVVlc0RVJxQzdDODlUUzF2UHE2cDVKbWVJank3ZGt1eWdCa0xqOVZMWXpfYVVSMi1WMzZxTTVDZ9IBpwFBVV95cUxQcDVfNjhZczhISTJ5R09NR0lXTkNrQlZKUWlXQnpYdm9FcWgtcjkzY1dUekxjd3lvVU5GNXJVZ0c0NHp5YzZKUXplYlMyRExxb25udjhKSnhXRnRmQVNOY2JkS2FSOWxSdnI5RlJYZnRVVlc0RVJxQzdDODlUUzF2UHE2cDVKbWVJank3ZGt1eWdCa0xqOVZMWXpfYVVSMi1WMzZxTTVDZw?oc=5,MW,Statkraft Begins Construction of 72 MW Emma Wind Project in Peru WindInsider
2026-07-03 06:01,Nordex Group Secures Order to Supply 20 MW Wind Farm for Continental Tire Plant in Germany - WindInsider,https://news.google.com/rss/articles/CBMiygFBVV95cUxPaVI0MUFVZnQ2TWpMY19CRUo5R3dsSDlTVWpMU2tQR1NHSmNtVGZvS2l4cXM0VDg0VlpGYUU2TUlLeWlhVzdINi1YcnRURE9TUUwyZEpwMXRxTTVsczVFUURYbjVEOVl4VmRVbUlKRnk3SWEybDRIM0VEdG9GNl96WjJQbHprZjRSQlFreVE4LVdYLW9aZC1fS0NTM0ZYQ01oanJmYWtEdGxnZTBNWi13VUQ1aXdqRlpFQkRfYkk2aE9CanM3c3NVQU930gHKAUFVX3lxTE9pUjQxQVVmdDZNakxjX0JFSjlHd2xIOVNVakxTa1BHU0dKY21UZm9LaXhxczRUODRWWkZhRTZNSUt5aWFXN0g2LVhydFRET1NRTDJkSnAxdHFNNWxzNUVRRFhuNUQ5WXhWZFVtSUpGeTdJYTJsNEgzRUR0b0Y2X3paMlBsemtmNFJCUWt5UTgtV1gtb1pkLV9LQ1MzRlhDTWhqcmZha0R0bGdlME1aLXdVRDVpd2pGWkVCRF9iSTZoT0Jqczdzc1VBT3c?oc=5,"order, MW, supply",Nordex Group Secures Order to Supply 20 MW Wind Farm for Continental Tire Plant in Germany WindInsider
2026-07-03 09:57,Orsted probes blade break in Denmark - reNEWS,https://news.google.com/rss/articles/CBMifkFVX3lxTFBpMXp2czhBVTkyb0Zyb29WbzdTeERIZ3NpcmVTMlFkQXRoWjEtT0hhUDZSUHMzYVRodlVaYzhvRjhDSXdRMGVqWmpHOWZ3ekRZa3d5cHMwRFMzYXlSWVlQaDRaOGJYbnN0cExJd2ZLSkdTeVVoYWlYREJPbFU3Zw?oc=5,blade,Orsted probes blade break in Denmark reNEWS
2026-07-03 03:59,RWE Commissions First Commercial-Scale Agri-PV Plants in Italy with 19.1 MW Capacity - SolarQuarter,https://news.google.com/rss/articles/CBMivgFBVV95cUxOd05teVhlb2xua0NCQ081QldEOFFCWUZEMFUxc0tZc2w3aXBlcWs3RVdOY05vYjRra3FmWGs5Qk9ZOVEtZXVVQmx6M1hLTkxOdXFUZlhUQUFFNG43cHk2Q1p3V3FRNFNZU1JQSUZiV3RzT1lmZTNCcXc0MDZ0VVZtMUl1NmtGa0JDMlhzbm1jQ0F5OGtJMFRxaExSTDVUUFoxQ0UzeXp6MWJjeG9wblNsRHJpcFFPU013WFdLUzNR0gHDAUFVX3lxTE9mMlZqMXVyeFJYTmNtOVhJVFhtRF9Ocm9OcEdCUUFfMUZHV2pDZ2kwckt3MDRHU1lJWTBXallBa3U0ZEZfVGJMcTVWRlBhN2tRUnA3UjIycnlHaXJPTzBmajNmRWlRaEhsd2djMFAzX2xDTGxZQmZFOFlaQ25xdGQ0M0VKTklTbnoxUzU0TzhQdlJtVGxHc1Bsc1U2Tkh2Ty1DTW82Ml9ORkk2SkV2SFpYaTRCV1dfb0hFVlNqNDdpZHh3UQ?oc=5,MW,RWE Commissions First Commercial-Scale Agri-PV Plants in Italy with 19.1 MW Capacity SolarQuarter
2026-07-03 14:18,Sumitomo to divest stakes in three Belgian offshore wind projects - Yahoo Finance,https://news.google.com/rss/articles/CBMimAFBVV95cUxPeElGVDdkQ2dxVGc4X0QtRnB6cGpoVEdiYVY5TTBYTVpPWHJEci1aeEkxdnl4RkdQdlAzR0FjaFRfWjItYzZLb3h6TENlcmpEdGQ4N1NjaFR5RWxkWnpnR3FHVmVjeGdzekFpRG5pQThWWWVEVm1oeV9Ib0kyWFROamc0akhnWFdRWW1yRlZzX3duZllpU2xReg?oc=5,offshore,Sumitomo to divest stakes in three Belgian offshore wind projects Yahoo Finance
2026-07-03 11:59,Equinor renews helicopter contract with CHC - EnergyWatch,https://news.google.com/rss/articles/CBMickFVX3lxTE1SQTdfajN0aFA1TTdIQ09SS3NTRklnNVhtTkU5R1dSTFFWTHdhQ09QVnhMTEVUTzZCenJIRUxEUVNISl9hSWV6Z1RHZmtVT1N6OUtSbTlUM2F0NVJXallteFJ2bWtxbEk3VmNRVy1HVWlaZw?oc=5,contract,Equinor renews helicopter contract with CHC EnergyWatch
2026-07-03 14:01,Hywind Tampen from Equinor ASA - floating wind farm cuts offshore emissions - Ad-hoc-news.de,https://news.google.com/rss/articles/CBMivwFBVV95cUxQdHhQQ3h4RU02ZGpmQXIyZndSWnFDS0xJQmozZmtWdzVqVW1maENCY01SbWZ1VENETkFnYWUxVzNYbUl6R2ZyV0ZqVzRpS19yekVGd1ZFd2lQT0ZpSi1mWEFsQVVTMWczV2lCZlBiNVZibzNXRUpwMUxYRTNGb0xMZVh6ZmppeU1Zajg3NXVoRDVzcWlQUkZ3QXcxRG5ka3VnaXZZQ0VnX0JFeE9OWDA0anQ3QldWcVJFUl9rOW1vWQ?oc=5,"offshore, floating",Hywind Tampen from Equinor ASA - floating wind farm cuts offshore emissions Ad-hoc-news.de
2026-07-02 17:04,Norway's unions agree wage deal to avert strike at offshore installations - Reuters,https://news.google.com/rss/articles/CBMiwwFBVV95cUxPMWNieHJjLXFTTUpfaHJnanpmRTRWRjYtTkVkR1lUUUE4MWhLY2NNWk4wWTVFMGxlTjJtTHlBSnJtOXQ1ZDdVbTljeE9pY29PcW01WE5NUUxJVjNsQ1QzdS1rSGVTaGVjNlg1QmFxREJGRHJBcDl5bWhlMzJhM25UM3d6OGVwOGJXMmU2TVZSTzBEV0hrbWNQYnJ2YzBmNXI5WExrMlpvQVVHNDVKZExpd1FiTExBeXVHUHlTSzhVMTFIZVk?oc=5,offshore,Norway's unions agree wage deal to avert strike at offshore installations Reuters
2026-07-02 17:55,"Norway Offshore Workers, Employers Avert Strike By Entering Mediation - Offshore Engineer Magazine",https://news.google.com/rss/articles/CBMiqgFBVV95cUxOQUExek1fOHctb3RBZTNKdEZxTGxyQm5ZZE55QWxiSG1NRld1a0FveE8wd0otQmRyRmNNZ1p6YkF1SktEbEUzMV8zZEFYMnFrcmhxUlVsX09teW04azJDOTdQTzcxRS1tMHo3MW56X0diSFM2T0pjZVp5Mk5PWGVZQnlJRXRyNnlmbmYyVFJjaS1UMUp0T2JPelF6djFhenRIS1RsUzRTY2xCZw?oc=5,offshore,"Norway Offshore Workers, Employers Avert Strike By Entering Mediation Offshore Engineer Magazine"
2026-07-04 06:38,Vestas Wind Systems balances global turbine demand and long-term growth - Ad-hoc-news.de,https://news.google.com/rss/articles/CBMiygFBVV95cUxOYnk2dFBlR2ZCbV9yM1dZeXdWdjZ4SXEzeE9FTnRvQWlESF9DMERVQjdRZVVmSVd6MjlGRktLZFhFeHhtS2ltUW1sQmxraTV3Z3V5NnBpcUltOWRsSFotMnZ6ajNmM29vbVgxQlBIVEtRaHZPUE1yV3loT1J2TmJaanR0eTVEQlR1d0JzZUlCWXlmcjdmQjhFblIwaUQ1NFZ6SlFEX243bGxscnpDbXE0bGdTdjNMYU9mRDJTa3hmejZ2eWhQc0hYOGhn?oc=5,turbine,Vestas Wind Systems balances global turbine demand and long-term growth Ad-hoc-news.de
2026-07-04 12:02,Vestas V164-8.0 MW offshore turbine - steady workhorse for US wind build-out - Ad-hoc-news.de,https://news.google.com/rss/articles/CBMiwAFBVV95cUxPV0lLZ21ibUY5NVdPVDVocWNfMTY2eGlUVHhJb3E5eUhicFhMcHhLNHlYUExLWk5CLXpDTWRncy1kT09fTWpvMzltOGNieF9KbF9mOUs1ZTR6WWFrNHZzcXRDMGU2RXRlYTRhWGx1c1pyN280QVo2VmJlelZ2VER2YU96d2hxdEVld0VBcGhFbmwxZTI0c25obkVjMVVEbTUxMGxLTWpYWDJyVkZBRXppdHlQNnhUdzVTZXppcGEza0c?oc=5,"MW, offshore, turbine",Vestas V164-8.0 MW offshore turbine - steady workhorse for US wind build-out Ad-hoc-news.de
2026-07-04 01:29,Offshore wind poised to power Vietnam's marine economy - Báo Cần Thơ,https://news.google.com/rss/articles/CBMinAFBVV95cUxQa1NvX0Z3YU90OHJLLVdaN242blB4ckNHcW9ZQ19BSlZQVnpianM1azhaMXRuN3lpTmxRbzVjOTQ3Vjh5dGRSR2lNMzRnLVZrdU9YallFQVYyVUk1dXk5X0FFb2F3MGx4TnVKdkRYUXU2WFh1eVVTUlZuTzF5YV85aTlCSmZ5eHp4bV9BX3owMy1BUmpaeklCb09mVGM?oc=5,offshore,Offshore wind poised to power Vietnam's marine economy Báo Cần Thơ
2026-07-04 01:55,Envision Energy secures 660 MWh battery storage supply deal for South Africa's largest private hybrid renewable energy project - Green Building Africa,https://news.google.com/rss/articles/CBMi9wFBVV95cUxPalA5djU5RFRNdFl3MFg1WGxfcnpsMnBFUjhCYnpOUUpmT1M0NkVBbzFta0c1YTV1VXFRcmUwYlFhQzBXVW4wQUdRdTNKcmNlc21lYXVUelJvdTZZWnZfX3d2SDVPOFhKYnVqOU9KMmxaZEl3QWxzN1lCWTdYZHNmYjI1YjJqVTA4Um9ldDQzb0U4aEpvME5uTkRUa0VVRzhPNy1PeXpLOG5rZmdzM2dZTmNvWUZuQmNuM2RQUW9GMGQ2eHBfUlEtbHFRdTFpcW14Q2JQWDB1U3ZYazJzWmdNR29ENWlSVGN6aE5xVzBKYmNzN05wb0pz?oc=5,supply,Envision Energy secures 660 MWh battery storage supply deal for South Africa's largest private hybrid renewable energy project Green Building Africa
2026-07-04 09:59,Orsted focuses on offshore wind while investors weigh long-term growth prospects - Ad-hoc-news.de,https://news.google.com/rss/articles/CBMiyAFBVV95cUxPZTl2YVUwNUJOWmtCWnp1Um80RkY0QktiZDliNERwQlJzVWlIZEtJN0JXZl9qRkpZSVNoeFdSdFlHSGZYUUo4UnhrNXdvYjd3eXZJWHVfX09NWUZvUnVES01lNW1vLXBfdVFEWDFQWmdOQWFOQnJxRUZLTDdBTnNITng4VXFQaGxULXBrUnVDMFpIa3RhQzNocUN2Rnk4VFZiM0dJczJDQ09Sc0lySkNlb3lTQ1VuWU4yTEQ2UjJIS3g5UWJJWFB0WQ?oc=5,offshore,Orsted focuses on offshore wind while investors weigh long-term growth prospects Ad-hoc-news.de
2026-07-03 17:26,Orsted highlights offshore wind pipeline as investors weigh long-term growth - Ad-hoc-news.de,https://news.google.com/rss/articles/CBMixwFBVV95cUxQclBaanBSZjFsaVpoWjVDX0Y3bjI2ZFdOZlc4dk1DRC1LdWowUjczZERqT0tzWm0yeXJGb2NhWnd4Vm9halRnalFvWmlyTWRUN2ZqQWRYWFBkcVB6TzlKVDdBUnpuWDl1RDdKSjFuU3FBOVBrazBrVGJVV0UzLUhvVlhJbFc1N2tZdkR4dE9SbUJkLUU4NmE3VjJ3SkdibWx0V2FiOW94UjEwcm1YMGRjWEl3TlFQaUwzeTBmRkRINURKTXh4UlRz?oc=5,offshore,Orsted highlights offshore wind pipeline as investors weigh long-term growth Ad-hoc-news.de
2026-07-03 16:10,New T Level scheme gives students hands-on experience in offshore wind - EDP24,https://news.google.com/rss/articles/CBMikwFBVV95cUxQTzV1WGtiWnpXVER0R2tkYXlzZXFkS0xuMGIzUTVfNkZPU0E2cDdlZHJNVWk5TDdiTmVFY2kwOWdmMWktY3NxQWxrb1NfZWJuN3NUYUE2eGlUTWZoSmlwS2tSZ01GMEJMTHB0bHZQVENoUWxsbU9ZQ2NSeHlMYnNCZUhicEpLeDgxQVpVS1ZYRUpsLTA?oc=5,offshore,New T Level scheme gives students hands-on experience in offshore wind EDP24
2026-07-04 11:00,Norfolk fishermen brace for summer of 'friction' as High Court order wreaks havoc - North Norfolk News,https://news.google.com/rss/articles/CBMipgFBVV95cUxOMzVaamdNeDN0STBub3c0VkJXdHpNNWVkQnlmRnRnZUNJLXBOOURPR3prRENhUG94d0NZOUNTSE54b0RBUDYyNWFuZWlHdGh3dDFVZXRJTjNSUDZHR0FKeXZpekUtT0lWOEIxODdUY1JPQUtkWG9BVW5SMkx5MHl0ZG9xei1ROWVsWWdYZ0NyY2lrTGstdmJ6ZThKcEpGWFpCY0trTktR?oc=5,order,Norfolk fishermen brace for summer of 'friction' as High Court order wreaks havoc North Norfolk News
2026-07-04 12:54,Siemens Energy Holds the Line at €167.88 as Offshore Wind Win and Political Green Light Converge - Ad-hoc-news.de,https://news.google.com/rss/articles/CBMiwAFBVV95cUxObmVrLUpqRmV2RFdWT01WdlhFUnBtSmdoUTNBRnVndGdmdUZGYTM2SVpQbFdBekpoUXdIb1MzSXFzSUd5VzJaS2NxZGpmM2FNUUU1WjRtMkFTclRCQkVZMXZodzBHT0w2bWNhNG5TRWFqVEc1ZFg4MnhQZDhYcWN5YnlqdmJReW8wZjVuTlVmREY4WWZ5bkw3TmdUclJ5Vk5ERU05bWx1NEpxSTB4YUZ3YWxGWGRQUC1QaVpuMk5mOHY?oc=5,offshore,Siemens Energy Holds the Line at €167.88 as Offshore Wind Win and Political Green Light Converge Ad-hoc-news.de
2026-07-04 11:00,Norfolk fishermen brace for summer of 'friction' as High Court order wreaks havoc - EDP24,https://news.google.com/rss/articles/CBMilwFBVV95cUxQMEZCS0V5NWVXVjJvVEU4WDFCVjJqemNONkNSb001RUNISzlwZk9qVlA2OFB1WkFKYnQ2M3JlTG92cmpTMk9OTVFrS2lVblRpLXlVbjlUNHdjWWtRZ2FRcHdXRE9PLUp2OFBfWWpWa0QwdnBkRmpmbVp5akR3Rnl0SmdOWVhnWTBsM0dwMElyU2lzYWhiQzQw?oc=5,order,Norfolk fishermen brace for summer of 'friction' as High Court order wreaks havoc EDP24
2026-07-05 12:40,The Vestas V47-660 kW - a classic wind turbine still powering communities - AD HOC NEWS,https://news.google.com/rss/articles/CBMiygFBVV95cUxQY3dLM0liT094dGtkRTgyaHRXcXZRVTVZaG5Kd1FzdVNqTnRaTmE5WFBwLWI5QlFIV1lrd05QMU1NV1QwMkM5ZlBadjlBUVItcGhPOEJMemJ0MXp1MFl3OVNaMjJaUGNSbmZMU19oM3VuU2ZKRGVjUzFHU2N6eHRPYU5XblZEcUd5TXBKRms1Y1ZQaEZsLWVZUG9WZDB2X0lDUTFueGcycVZCR1NNY0x1dmd2cXN2Vjh6ZEMwdUkzWmtSd1NiWkpZVlpn?oc=5,turbine,The Vestas V47-660 kW - a classic wind turbine still powering communities AD HOC NEWS
2026-07-05 02:48,Offshore wind poised to power Vietnam's marine economy - Báo VietNamNet,https://news.google.com/rss/articles/CBMilwFBVV95cUxPbjJLNXNoMzRyNVdITEpEOXRwY2JHcjI4aUJITVFidUpId255bEZsZTN4ekYtZURrX1NxYzJ3Tk1Gb21RZTFlZGNCYXJmTmRlWEVuYXFlT3ZlendMZXV5UElidF90dmRTcXZGY1ducWtRNXRqT1pNSlFwS1BKZUNnLV8wSDktT0JCMHNDWS1EX3dielBFNWtR?oc=5,offshore,Offshore wind poised to power Vietnam's marine economy Báo VietNamNet
2026-07-05 06:40,The H-Class Gas Turbine from GE Vernova - classic workhorse for efficient power - AD HOC NEWS,https://news.google.com/rss/articles/CBMiygFBVV95cUxNakhuSnF6OEtnNTA1eWRhMnVhTjdNeHNLc0ptNFBJRXNSN3NmcGgwLXhoaHc3a2tXbUVsQ3UxMzJLbXVJclU0dnB6bGJ5SjVPTDZhSHRCb0M2SXlHdWVBZ2QwbFQ0RU9NbmN5R1U5bURtb21mOHJVbDBTNGstdXNEUjRsOWRFRXg0ZWtjNXU5QjkweElrcmp4a1VZd3QzX0hhM2s3bkxYNlBEU0FsVXpFcjhCTVBvYTZUdU1seFZ4RlJ3NHpISUM1Wk9B?oc=5,turbine,The H-Class Gas Turbine from GE Vernova - classic workhorse for efficient power AD HOC NEWS
2026-07-05 06:05,Orsted outlines offshore wind strategy as global demand grows - AD HOC NEWS,https://news.google.com/rss/articles/CBMivAFBVV95cUxNTHlBby00Qkk2WnEyUXZJMUhNZ2doV1AyRE40Y1RJVzh5MEpoNnFHZnk4Q3JhVzZJdTlCQUh4V3VMWGVsZG01Rl9MLU94WUs2RFdiSXJ3VlpjaWZwdFFrWmNBQmJCcTRqZVJOc2JTdFFWZ0hlRmM5LUUyQm5MZGJwSDJfVVZmNkxYVS1RWlE4QWYwUFlSTlNLQWJjcTJjaFo2VnJhWXFmZXBZcnJKRzQyY1kzWVJGdXMtX0dyZA?oc=5,offshore,Orsted outlines offshore wind strategy as global demand grows AD HOC NEWS
2026-07-04 22:30,Longyuan Power onshore wind turbines - flagship 2.5 MW model drives China’s clean grid buildout - AD HOC NEWS,https://news.google.com/rss/articles/CBMiwgFBVV95cUxQWEQ0NWVtblFfTlhNWFpjRjY1bnU2TXQyN3dRVEp1OWx5NmNBcGdxZUwyRHRaLWpZSlUyUkZQS28za0tURjIxM0JqUVcyTWNIRE5SVEZiN0JIVy1QOGk1UWdHb2hxYTIwRmdDQVBCbHpvU0h2RjA2cDRmNlR3a09LTWZablNILWlGdmhpdzhXZ1hOcU9YWnQtZUdqUFNxSXZvYXp1NkpHQ3BtYmhVQnQzQWl0OUxUYUVlRmpHd1pGak9IUQ?oc=5,"MW, onshore",Longyuan Power onshore wind turbines - flagship 2.5 MW model drives China’s clean grid buildout AD HOC NEWS
2026-07-06 10:54,New 760MW Dutch Offshore Wind Farm Delivers First Power - Offshore Engineer Magazine,https://news.google.com/rss/articles/CBMimAFBVV95cUxPMDVFaTlzd0xoSkVJQjVEb1A2ZXNKZEd2OE5LLWlFOUdDWWRhUXoxeGlhcVR1V2x6M1BfNnUyTHNBUHJmblZFYnc3aVFxV3lDQTdRUjBWcl9SSGZYbTdMUjBJMEZyTS1JU2dPMklJYjgwb29Ha2tVNHlXQkNQMFFmenZoSXg1QVlkYmdzenQ4U0lLei1DUDN4cg?oc=5,offshore,New 760MW Dutch Offshore Wind Farm Delivers First Power Offshore Engineer Magazine
2026-07-06 04:42,"Actis Acquires 171 MW Klara Renewables Wind Portfolio, Launches Second Renewable Energy Platform in Central and Eastern Europe - WindInsider",https://news.google.com/rss/articles/CBMi8wFBVV95cUxORHh5MzNBcy03V2NyanA5a0hnYXJoZkdiZUd2VGxRZTVucGFlUXFtV3NlTWFLSm52MWpXU1hBTFlLc3Y2MVhVa3phSWRrVjdycm1fRWxHakhISjFSSFZsYVRJRWFsVzdQcmcySGdzNFZ2bUFuM0lsMUM3VFl6VjFwYlFQUFhSNmxVdnFrMEF5YThmdzhjNEpVSjBJeGtoS3FqTEZLcm9GQXVXVGs1RlZyX3FJdXg1RkRVMF85djg1RmNUQlU3a243Y04wVjBnQl8xR2EzR1lpMHVoSnFIMzltQXFIcVNTcUZWYWtSZzBobHlRQWvSAfgBQVVfeXFMTVpHb2w1M0FVak5udUNYd0hNY3dpLW1RNFV2dTd1S2FIbWJaSHdvaElBa1h5WW96LTFHZjJ0SFhJenc5cldaWVc2LVRHMEF4WFhwallRTUZDNHpfZ1E5NHlSZ0tBSk45cHdQRW04REpEeF9FTHgyQUlsdi10ckdwekFCdFZCcnk2V0FGaG9tZzFYMGNQOXoyN0Y1VXZ2SV80bnVDX2RLLVJzdElEeVM5SVdYNW9MaTVrYjQzbXVral80dk1GVEdHa2p6ZW1OcVZmTFBRN0pKRlI1OVFCOUJMMGREM2tJVE5HNkZZdktHamdZR2poR0pWdS0?oc=5,MW,"Actis Acquires 171 MW Klara Renewables Wind Portfolio, Launches Second Renewable Energy Platform in Central and Eastern Europe WindInsider"
2026-07-06 00:40,Vestas V150-4.5 MW from Vestas Wind - onshore turbine tuned for US wind farms - AD HOC NEWS,https://news.google.com/rss/articles/CBMixwFBVV95cUxPT29fMkQ3N3VEX2lRd1AyTjlmNzdzYXhYMFRhVGR4NEZCN3NpaG9lR0RFZXhQYWszcVJraHhvYndIUmtQc1NEdWh4XzY2SEw4X25tLWJ2VHNyaTN0N2RDZUNrYWZuWHAtVEg3MTh5dDc0b29icWxMaF9qTVlyZUx2V3JpUWw2dEhRZW95SUdwZUh6OTQ4cm5KQncxdFlwN3NQc3ZVYnM2dndSOWxkWGJCanIxSUtyVGxMNkZtTGJpVHlrdDRuelIw?oc=5,"MW, onshore, turbine",Vestas V150-4.5 MW from Vestas Wind - onshore turbine tuned for US wind farms AD HOC NEWS
2026-07-06 12:56,Ecowende's offshore wind farm delivers first power - 4C Offshore,https://news.google.com/rss/articles/CBMilwFBVV95cUxOb09DSHAzQ2FYYzhuVGRjN2Vla3dtWHRCQlZSRElwdC1qUS0xZjJMSG5nNWZ2NW5VMy0xMjZ3d3lZOUNnZkh0aVotSThNRWJ6M0psSC0tWWE2bVVWX1pIaUtMRHJUOS1NYlRTS2djQmhfRDk0Nkk3R0dPSnNSUmxUcUFoazYwcEN4enNMVjExeTdyN0UzU3c4?oc=5,offshore,Ecowende's offshore wind farm delivers first power 4C Offshore
2026-07-06 09:42,Ecowende begins power generation at Hollandse Kust West offshore wind farm - Windtech International,https://news.google.com/rss/articles/CBMi0gFBVV95cUxOaWxsV1BCR0Y0TmNfSDRRblBKUktiNzZpMXFhMFd0d2lQMU81dEZ1OVEwNGNKNjJWNXVqYmpPNkJuREhVUGo0S2pNM0ZHQmRZN2FpMW91NjQtcHpoaWh0dlZEc3A0Z3ZLRDA2UWdZaUI5N3NudVBaNDU4UTNZWXpGZlM4UjlySFRQYjBmTncwYmJNTXJ3X1lxV3lYMWxUOFoxQlk4MFFXZktJWE8xaDFSRmE4RkJVa2xSTjJseGdYYmNIQjdabThUX2YxUTZMTlFNaGc?oc=5,offshore,Ecowende begins power generation at Hollandse Kust West offshore wind farm Windtech International
2026-07-06 10:01,"760 MW Hollandse Kust West VI Wind Farm Connected to Grid, Producing First Clean Electricity - News and Statistics - IndexBox",https://news.google.com/rss/articles/CBMiowFBVV95cUxOaFVWVFM2MkNWUGwwc1l1NjdIRjhOWTVmbmdCd2s0QUotaG1ncDZ0U0J3b3ZWRWY0WU9PS3pvWXJiQVEyejFtaE9XZExKT0RSbVlmeF9fUFo1MklpdUR2dkRlQTRoeUdtNnhNTndhMHFXM0NsZzhWclFqRGZ3cHhYM1VpYlVLQmRST1FLQkRyNXlLdk5WTkRyS21iLVJpZXUyT200?oc=5,MW,"760 MW Hollandse Kust West VI Wind Farm Connected to Grid, Producing First Clean Electricity - News and Statistics IndexBox"
2026-07-06 03:02,AI Data Centers Are Driving a Power Supercycle. GE Vernova’s Gas Turbine Prices Are Up 300% in Three Years - AOL.com,https://news.google.com/rss/articles/CBMifEFVX3lxTE9aOHpFV1ZLNnB4UzhUSEUwUXBTd2JVaUEyT2IyOHpVd1AyWnptTHBoOElzU08xTnpVUTcxN1Y0M0VzU0FHT1FCWXM4TTQzU2NGa2VpaUdUeWZrZlFNNFBzbFU1bVFnckxlRkpUVFpXT0JsRVNFakhac2pPRlI?oc=5,turbine,AI Data Centers Are Driving a Power Supercycle. GE Vernova’s Gas Turbine Prices Are Up 300% in Three Years AOL.com
2026-07-06 10:55,Onshore Wind Market Worth $321.14 Billion by 2035 | MarketsandMarkets - 富途牛牛,https://news.google.com/rss/articles/CBMiqwFBVV95cUxNSl93X19zcnRXYkJhYkl0ejBycTZpLWZUTjVDZnBuQkZuXzB4dkpkTWVOaG91bkNOT0xqb1cxODVWcXNpVlp2ODlpTDAzSnotRFA5TkhvbGtYc241NmhkamwzVXJJVmFpc08zVm5PMkY3QkpDdVVKblNXOEVWX19sc1V5eFJsdzJCd3Y1cGdQbWVfUnNXLWF1dEJZWVJjVlRKZW02cWc0ZzlfbEk?oc=5,onshore,Onshore Wind Market Worth $321.14 Billion by 2035 | MarketsandMarkets 富途牛牛
2026-07-05 18:34,"AI-driven turbine demand propels GE Vernova, IBD stock of the day, toward all-time high - MSN",https://news.google.com/rss/articles/CBMi-AFBVV95cUxQeU5Ob2hFQk9wNS1QZURNN25zV3I5YjhWekRXc3FVbXBuU21OeHU5MThuZG5MVFZ2YlMyQ29xd3duR0lWZm5UaWY1TTNVVm1QV3lLWEQtY1V1XzZmZVJGOThQdXBpQkN6NkRYVHY5UHg4aXMxOVpIOWZxMFJQOGZwcV9oTVhWcFhUNTVHVHhLaGZ1WkdzQUFWc0RObWdCcUl0VmwxbVAzRlVIRUd2R0FzZGhqUlZmMjUwQmxzdW1RNndHMUJjM0RMaFpITmJTT0FhNWNOcHYxb2JpY1JLUmc5ZXZ5QzlLTjRtclRmbEMza0swTG0taVJnMw?oc=5,turbine,"AI-driven turbine demand propels GE Vernova, IBD stock of the day, toward all-time high MSN"
2026-07-05 18:30,"Green Power Direct Supply to Data Centers Accelerates as Wind, Solar, and Storage Giants Race for the Trillion-Yuan Computing-Power Synergy Track - finance.biggo.com",https://news.google.com/rss/articles/CBMidkFVX3lxTE8yUmVMRUUzUWtESE1qRzl6U1IxbWNSLUlBNE05Sjc5QTV1YlpfTnVTWkVER2p5dVNvX0RWX25IcXliNjZkT0xWZDY2d3phM2RsY2JJTUJSMlF1X2hPRUFHMzI5NV9NTzJBeFhKaHFkRnFONW5UZ3c?oc=5,supply,"Green Power Direct Supply to Data Centers Accelerates as Wind, Solar, and Storage Giants Race for the Trillion-Yuan Computing-Power Synergy Track finance.biggo.com"
2026-07-06 05:49,"Onshore Wind Market Report [2026-2035] by Component, by Turbine Rating & Geo - MarketsandMarkets",https://news.google.com/rss/articles/CBMiiwFBVV95cUxNUGVXcDVzVUhndWY5a2F3MEYzY1NuMXhDemxUYndxRjZxSmgwSWl6Vk9nRFpQT0NnTko2djlXRTBnUllZSno4Qm5nLU5pOXJDWjhZZ0dDTGlfaUdEMVJvMGdpRzBGOV84aDNGMmt5Z0lPN3B2Z25VWjJjMzBCMDhOUmNBamMzVkp6SjZN?oc=5,"onshore, turbine","Onshore Wind Market Report [2026-2035] by Component, by Turbine Rating & Geo MarketsandMarkets"
2026-07-06 12:16,Pulse Clean Energy taps Envision for 129-MW/310-MWh BESS project in UK - Renewables Now,https://news.google.com/rss/articles/CBMirgFBVV95cUxPLTdRWndGUDAwcEIwMGZ4NlMwUlpmdkQ0TlY2d3ZKcXY0QmdPaFlTQUh2REgzeEVkbkNMeFNzcm1rZXB1M1ZkZWFCaDJEU0wtdjRkOHJsQ09BVDV3VzAwaHBMeUJURk9lWm9fNk5saHBONFhaaF94WWlaTVZfT0dDUVBJemlwRncwc2MtNGh5ZHpGSk1jUEw0di1BSnpONzBFcnFSNzBqaTJ6Zmp3UlE?oc=5,MW,Pulse Clean Energy taps Envision for 129-MW/310-MWh BESS project in UK Renewables Now
2026-07-06 11:24,Stadtwerke Menden and green flexibility Partner on 10 MW Battery Storage Project - energynews.pro,https://news.google.com/rss/articles/CBMiqgFBVV95cUxPNHgyUy1PcFVYMjA3MEM4bTYxVnZBeXNDNVVoUGxUenl2UFZReFlDMVYxX1A5c1BDMVFUblZjanJHR1YyWGduSUtzUVBmUm8tZDZ4QzFPa1MxWVFFYmdYOGZ3Qmd1SVJ3bUdwb2NNSFdHd25VU1ZsZV9PRk1VUDlGRVEwaFVvbm1TY3F2ZXBkck1zUUtMaGhEdm5XOFBmMWRjNThDd0Vxb0QwZw?oc=5,MW,Stadtwerke Menden and green flexibility Partner on 10 MW Battery Storage Project energynews.pro
2026-07-06 10:06,Envision Energy To Supply 660 MWh BESS For South Africa’s Largest Private Hybrid Renewable Project - SolarQuarter,https://news.google.com/rss/articles/CBMizwFBVV95cUxOMTJqdW9PamxxM1BQa2R2VWplV0ZRZ3FKNE94cXlqYWpURlAwYUtxTG5FbWNwOFl4TUhRbnBNbFNwQmNIUWRudjBqTWM1MHdObHY1dGlZOGVLajk5MU5yRVJodUpLSkRqeFM1LTAzRkR1YlZHQTctUWh4RE90VkN6Slh3R18wNUdJZzVVS1ZhcUZaQlJHUFN3MU1aTzZUWXZUM1RWLVRoYmxPVzdOVmdBTVJUNzNwUmw4dGtYcG5DT2lsaDhJRmpHLWRtb2ZLaE0?oc=5,supply,Envision Energy To Supply 660 MWh BESS For South Africa’s Largest Private Hybrid Renewable Project SolarQuarter
2026-07-06 04:42,"Actis Acquires 171 MW Klara Renewables Wind Portfolio, Launches Second Renewable Energy Platform in Central and Eastern Europe - WindInsider",https://news.google.com/rss/articles/CBMi-AFBVV95cUxNWkdvbDUzQVVqTm51Q1h3SE1jd2ktbVE0VXZ1N3VLYUhtYlpId29oSUFrWHlZb3otMUdmMnRIWEl6dzlyV1pZVzYtVEcwQXhYWHBqWVFNRkM0el9nUTk0eVJnS0FKTjlwd1BFbThESkR4X0VMeDJBSWx2LXRyR3B6QUJ0VkJyeTZXQUZob21nMVgwY1A5ejI3RjVVdnZJXzRudUNfZEstUnN0SUR5UzlJV1g1b0xpNWtiNDNtdWtqXzR2TUZUR0dranplbU5xVmZMUFE3SkpGUjU5UUI5QkwwZEQza0lUTkc2Rll2S0dqZ1lHamhHSlZ1LdIB-AFBVV95cUxNWkdvbDUzQVVqTm51Q1h3SE1jd2ktbVE0VXZ1N3VLYUhtYlpId29oSUFrWHlZb3otMUdmMnRIWEl6dzlyV1pZVzYtVEcwQXhYWHBqWVFNRkM0el9nUTk0eVJnS0FKTjlwd1BFbThESkR4X0VMeDJBSWx2LXRyR3B6QUJ0VkJyeTZXQUZob21nMVgwY1A5ejI3RjVVdnZJXzRudUNfZEstUnN0SUR5UzlJV1g1b0xpNWtiNDNtdWtqXzR2TUZUR0dranplbU5xVmZMUFE3SkpGUjU5UUI5QkwwZEQza0lUTkc2Rll2S0dqZ1lHamhHSlZ1LQ?oc=5,MW,"Actis Acquires 171 MW Klara Renewables Wind Portfolio, Launches Second Renewable Energy Platform in Central and Eastern Europe WindInsider"
2026-07-06 04:37,Enel Green Power RSA Commissions 330 MW Impofu Wind Farm Cluster in South Africa - WindInsider,https://news.google.com/rss/articles/CBMitwFBVV95cUxQeVR3cm5CbXRZbGZjNHhEUzVwZDh3QzlyTkNvb2JkdWdkdDF0SEtUdnpnZjhCWU5DQ3RlNGRHaHVwbXNNcWlFVzZ0R3h0M2FZaDR2b2NXd3hVOVF2RDBDbk1MQ3N4U1BXb3ZzR0FBeFloby13Ymh0dVFBLTBpQkcyM2c5NUJEVkhaeHBaaEtnNHAxVVhaYk9JOVlzUmdtcElpQTFmNWpzOXB0MzdmdUY4X0RiM2FvSHfSAbwBQVVfeXFMTi1yYks2TWxqM3RmTklDZ3J1WF94VWdPM05qSXJUcmlhYTQ2WmhaTGp1WVp3cENIMDRUOC0tTGVRQ3BJY0hyZmxmaFltby12VF9lWUNuYTVQZHo1ZkZONVpBV2FDMENLTkdfbmRvRjRTclJSSjFrTmliNlNYcFZaWGt1Yzd3eUtCMDJtTTZVcTd5ZmFQdWRXSi1SUTNHY3d6MHY1WXplWXlTTGYwNTVTZHVEM01Ca2dIYnVxOHE?oc=5,MW,Enel Green Power RSA Commissions 330 MW Impofu Wind Farm Cluster in South Africa WindInsider
2026-07-06 14:36,Qualitas Energy completes commissioning of 33.6?MW Nachtsheim-Luxem wind farm in Germany - renewable-energy-industry.com,https://news.google.com/rss/articles/CBMi7wFBVV95cUxNQWpzSDFSbzFFemo3a04tUUItcmxXbEUwNkEyWnRnVkpscmVuenVVVTJrMGdZZU00MTI3Mi1DNnh6b1Y5alBfS0JGZm5ybGJWQ3BINm95ZUxVOHhfcXQtam9US0Jfb2g5OHlaZFREWjlya1kxcXFuWmtkWHltdUs3cmNkNjIzMm9PdGlLSkFGRWdmR0ZKeXhfS2hQZkIyVGduMzhDRl9rZHlTb2xlY2FFT0RHUTBjLWNsLXFRdm9qX21ibDRFSC1qTTBtdkRFLWljLWdNMUxsdm0tT2JQQmFPekpUYWNONlRWR2hORktYdw?oc=5,MW,Qualitas Energy completes commissioning of 33.6?MW Nachtsheim-Luxem wind farm in Germany renewable-energy-industry.com
2026-07-06 13:41,Qualitas Energy completes 34-MW wind farm in Rhineland-Palatinate - Renewables Now,https://news.google.com/rss/articles/CBMiqAFBVV95cUxPVVFiTkNhUGxKOHQ1dEtxeU5xYkJ3d1dQNGwtYm80bmdBWTM0SGk3VHlkVUY1QkMwVkVoeGhCcHJ4NVlJczFrMWZRT2xXRTJWdUNIT2hyYkZRYnRPTW4tTlBHd1YtYXZjZXVGTDRMYm5PZFh0Ym02b202ZUw2dkZKeHotdG9xMFFTdmFZd2hKYVV5Y25CaEtZUFowNmc2ZFFXVVpIWVJtc2Q?oc=5,MW,Qualitas Energy completes 34-MW wind farm in Rhineland-Palatinate Renewables Now
2026-07-06 09:17,"Tata Power commissions 100.8MW wind facility in Maharashtra, India - Yahoo Finance",https://news.google.com/rss/articles/CBMikAFBVV95cUxPVnRnRVY0UzFMNi1TT0ppZm1NTmtKeXFlMlhuX0lQdE8wTXh6ZGYtMXJtQkQ1bk95ZmQtenhyTlhBTHN4UlN6dGo1U0tiTFhaU2w2dkk5d09od3JieGpGOGJneDhrUS1vTjRxVm02NXg4Zi1lS2FXcTVMaERtcklTTmVEU1h6ZzBxTVV6MWlyTzE?oc=5,facility,"Tata Power commissions 100.8MW wind facility in Maharashtra, India Yahoo Finance"
2026-07-06 10:55,Onshore Wind Market worth $321.14 billion by 2035 | MarketsandMarkets™ - PR Newswire UK,https://news.google.com/rss/articles/CBMiwwFBVV95cUxOM1RlTGd0X1ctc2dYTjFqQ08tNlVvRk0yb1RaZmdjc1hSS2c0MDByOHI3ck1SSk9jT2kwbV9kelFlV2h5TmJ1eW1jczFYSy1PQXpyeU9lTUV0M2NNMUNEQTFTS1F1c0NBNEpncHFDanIyY0s1b1R5eExtLTZiUnZXazVMaU10d0ZYMENSMHJJcUtCWFd1S2VZT0tFanVEcEtndVFXX1ZTRFgzd0xHLUExQ1Frc2VxeXd1MGtlWEp2TzJxN0k?oc=5,onshore,Onshore Wind Market worth $321.14 billion by 2035 | MarketsandMarkets™ PR Newswire UK
2026-07-06 07:31,Suzlon secures 105 MW wind energy order from Sunsure Energy - Prop News Time,https://news.google.com/rss/articles/CBMisAFBVV95cUxQSWpDT1RGRUdUUXhmbm1HNHpPWDkzWHVVMTZXRkFFSVYwZ2lrOWMtQ0k5TUZjeGtURkR4UnZCQmVqeEZOU1B0M2NvUVVnNmJ5OU1sWjg0NGdGV0FtcnFndHA0ZnV4YTZScFJhb0Q1Y0dxUGszTFl3T29fM2g1dVdpZzExRGVxVUc4Nk1qVkI4WmYzdnlaLUVmbGRvUEdWamlobkQyTzgtX0d3TnViU0YxTQ?oc=5,"order, MW",Suzlon secures 105 MW wind energy order from Sunsure Energy Prop News Time
2026-07-06 04:37,Enel Green Power RSA Commissions 330 MW Impofu Wind Farm Cluster in South Africa - WindInsider,https://news.google.com/rss/articles/CBMivAFBVV95cUxOLXJiSzZNbGozdGZOSUNncnVYX3hVZ08zTmpJclRyaWFhNDZaaFpManVZWndwQ0gwNFQ4LS1MZVFDcEljSHJmbGZoWW1vLXZUX2VZQ25hNVBkejVmRk41WkFXYUMwQ0tOR19uZG9GNFNyUlJKMWtOaWI2U1hwVlpYa3VjN3d5S0IwMm1NNlVxN3lmYVB1ZFdKLVJRM0djd3owdjVZemVZeVNMZjA1NVNkdUQzTUJrZ0hidXE4cdIBvAFBVV95cUxOLXJiSzZNbGozdGZOSUNncnVYX3hVZ08zTmpJclRyaWFhNDZaaFpManVZWndwQ0gwNFQ4LS1MZVFDcEljSHJmbGZoWW1vLXZUX2VZQ25hNVBkejVmRk41WkFXYUMwQ0tOR19uZG9GNFNyUlJKMWtOaWI2U1hwVlpYa3VjN3d5S0IwMm1NNlVxN3lmYVB1ZFdKLVJRM0djd3owdjVZemVZeVNMZjA1NVNkdUQzTUJrZ0hidXE4cQ?oc=5,MW,Enel Green Power RSA Commissions 330 MW Impofu Wind Farm Cluster in South Africa WindInsider
2026-07-06 11:17,New Zealand opens door to offshore wind investment - Splash247,https://news.google.com/rss/articles/CBMifkFVX3lxTE42cEx4dGFJQ2lwM2dkeG9rbHlELVhOZDNydEltM2prS0RWRHJlMGhPbGotSF9DeG9MclBuODNuS2I3SVpET1FicnlTNWxHVWtPWU5tc0s4QUZuRU5HNFhoVFFwdl9pSVhOeHRuTjMtcEZjc1hxSEMySndxVDNvdw?oc=5,offshore,New Zealand opens door to offshore wind investment Splash247
2026-07-06 09:22,What would a huge offshore wind farm mean for Norfolk? - AOL.com,https://news.google.com/rss/articles/CBMifEFVX3lxTE1QWHNVMjB4Q1dwZEVzNm9saFlwS1VyZlhsVGp5cmxiTDlrd05hZmhVV1ZyenlnTld5ZjEwdTFleW9sNkhHZ2Q1Ry00WlJzbVNlZ3dkVFNOYjZjRzZiTUJWM0E0dTFOVU9zUlJDQW9VaHhvLXJzUEszTWhZZ2s?oc=5,offshore,What would a huge offshore wind farm mean for Norfolk? AOL.com
2026-07-06 09:37,Orsted focuses on offshore wind growth as global demand for clean energy accelerates - AD HOC NEWS,https://news.google.com/rss/articles/CBMiywFBVV95cUxNdHdaUWVQUGFXTkhqWVdfZ2RZOXNNSE9VRktiQm5naUVEQWRVN0MxQktLNUdOeHIyanV6ZXhUcjVMemtkZWNEajZ2RVB5OGJSYnpUNU5yVlptdkRzQUp3TndhcjZpejJmQkNuUUxYQUxrRzFoc09IVGVoTUl0TjdRQ0x3cGFNa1lqV05OblRfOUdtaUxRamRsWk9sUHoyYTNqckI4YUcxX2dNeFlqeHh3Z2hfUWh5SmdXd29SYTk1UDVBYW14MWZzVFZ0aw?oc=5,offshore,Orsted focuses on offshore wind growth as global demand for clean energy accelerates AD HOC NEWS
2026-07-06 13:15,Orsted Hornsea 2 offshore wind farm - a massive workhorse powering UK homes - AD HOC NEWS,https://news.google.com/rss/articles/CBMixAFBVV95cUxPenE0Z2pzcmcwaFpwNjRBc1BBR1gzcEdLYnowWWlBSmZ4c1JEWU9yNVRlQTdnWW1qQ0V0R21QRHU1a1RrWUZnS2RHSTUzT2xGOWU5OERxUlNFU3hrM2hUS0J6ZzFkdTZUeV8ybHJBMk9mcGJwdTVGa0lvN2dfLW0xdXZNODhwMi1HTVVhSUJDTDJnWlZtbDM5OWI1c3h6VjZXMnpKMGMyTWlnRzZkbmJ0ZFFiVmVfQ1I1ZXJMQXJUZzR5Sm10?oc=5,offshore,Orsted Hornsea 2 offshore wind farm - a massive workhorse powering UK homes AD HOC NEWS
2026-07-06 06:17,Ørsted investigates turbine blade failure at Danish onshore wind site - EnergyWatch,https://news.google.com/rss/articles/CBMia0FVX3lxTE81N1M4ME1hUVVSUWtyeEtzbGo2enI2cG1OenNSVTZULVRHb1B4TDlkV2tHSWJNY2VLYm1CeUNBMVFDZF81eWM3SlN0UzhCOEYyajN6SFN6M2FnOU5aMzl0cXU3dDItdXZHMDk4?oc=5,"onshore, turbine, blade",Ørsted investigates turbine blade failure at Danish onshore wind site EnergyWatch
2026-07-06 13:43,RWE defends 'rigorous' consent of offshore wind farm challenged by Equinor - Recharge News,https://news.google.com/rss/articles/CBMiuwFBVV95cUxOVVZCVGRsRUpCRWh0MHI3czlaclZPMGVvSGY3QzZCM3c2bV85YXV3TE5lYXJrVGQxLV9HRkUwc2VyY25kM3k0VWRWLWgtTVpPSFU4cllhdEtTb1JpWUNGaFpOcWtxamZ2bTA1NEpIczdGU2Mxb09YT3BGQm9Fc0tkN3ZoRXhHVDlGekNuS0tHNWs5TEZBVFZ6NUMwWV8yZkJtZEhxdm5ZT0d5cGladDJxa2RScTg0VEg3MENr?oc=5,offshore,RWE defends 'rigorous' consent of offshore wind farm challenged by Equinor Recharge News
2026-07-06 14:04,Iberdrola España to supply renewable energy to Seville’s traffic signal network - iberdrolaespana.com,https://news.google.com/rss/articles/CBMipAFBVV95cUxQajBfUjdYWS1TeXV2Mm1ESXY4RnZ5TlNZWVFlb2JyVjdEMFpWczhDbDJoX1ItbzEzcnJwWm9lM3lhNWEtX1RiSnQ0SWdUZ2dXUjRHNlVoVkd4LUxqUE0xaEg4MFQxcFNkd1U4RmFOOEQ2TFVFRGFrX3ozSkZDVFMwWmd5NDFFNGdqcFFDSldqNGxPMmU5NVlwM0s1ZFphY0ptcUw4aw?oc=5,supply,Iberdrola España to supply renewable energy to Seville’s traffic signal network iberdrolaespana.com
2026-07-06 09:58,Equinor to close Japan offshore wind business by end of 2026 - Windtech International,https://news.google.com/rss/articles/CBMisgFBVV95cUxOdGFtbk5uSzlPY0pLVmF4OHVZbDd2Z1RsOWhWcmY0b01Ba3RHTFVqUHFFQXhEQXVQTWIxbzhYbTRGd0Q5NGRhV3owcVMtSXByZlZ6aEc1em9oNGl6V0Rsa0ZucFFCeXFTZDhSMHpLSl9hRnBmS3VkbWxPYjBHNktIWUZWQXlSYllGWFYtQ3ltQ1o4NWxXZDU4NXV3dWZhdlFNa2Zfd2R6Rld3aUg0emM1eDJR?oc=5,offshore,Equinor to close Japan offshore wind business by end of 2026 Windtech International
2026-07-06 15:22,Baltyk 2 and 3 offshore wind farms reach foundation installation halfway point - 4C Offshore,https://news.google.com/rss/articles/CBMiwgFBVV95cUxQX2ZyMUVuYVlxXzZzN1d5SWZlOXdXMjQ5czlJdkg4aWlmcmxYSEsxRmJncERqdmtiekNULWtiV25lanRoMUZPVV9yX05KV242ZlRiMlhpM2FUUkVxQ0FFTGNQbkxnUGpFWTBVc3RTeWtSTVBnbDUxZEZNbHY5dVRKSEk3MHU4M0JwZjUxSjlkVWZJVjQ1c3hOQnlQTzRCSWh6NExadm9Bb1NTUWpBdmR1RnVrUFprVmE2ZlJBbjJJaHk4QQ?oc=5,offshore,Baltyk 2 and 3 offshore wind farms reach foundation installation halfway point 4C Offshore
2026-07-05 16:23,BP weighs quitting offshore wind farm project in northern Japan - Nikkei Asia,https://news.google.com/rss/articles/CBMipgFBVV95cUxPMFI0NnZ1YUNJeW9nUFU5ZEdPbzllZW1CN1Nna1pPa0cwMUJvX3RvdTlaSWZ1S0lQZGlIMTQ4d0FOc0Rpd01BOXZIbWt4WjdHQ29mdjNmWEM1RWJVa2I2SXpaNDJpcHBBQVB0S3RDdlVScEZzVzJPc2ttTG04YkI5LTJBQlg0dkVzdWktb0lXV3FCek56ZVFja1dzSkFWUzZUQjdXeGpn?oc=5,offshore,BP weighs quitting offshore wind farm project in northern Japan Nikkei Asia
2026-07-06 15:58,Dogger Bank developers seek judicial review over offshore wind project - 4C Offshore,https://news.google.com/rss/articles/CBMisAFBVV95cUxPYjFNTmJsU1NhUHB1bzZScEZtczFfSnduZklIMkVSc3ZfbTR2QXdES2hBaWlaX09adHNZMkpRRXpLYUNtRXN4OGYxX1FDVmdrOVgwYWg5MG0wdjhGRXZVcmhGX1gxcDE3LTM2SW43cmVyM2U2WUl2MTlrdUxrSmMwQUhxQWVJTWJXOG5wT2JibU1oUnU4TVNFMzlqMU5sSjJkZ1RIaWFMYndfQ21za2V6Sw?oc=5,offshore,Dogger Bank developers seek judicial review over offshore wind project 4C Offshore
2026-07-06 09:55,DOF Group ASA – Contract extension for Skandi Vega - Europétrole,https://news.google.com/rss/articles/CBMikAFBVV95cUxNWDVzVG1RclpxYmNPLXpDTHZSeTlLZTFaNHg5dDQxa09EeUUtc1N5blJDVzEwbGd0T3R1Rzl2MzZhTVd0UzRyX21TcWtQZWRwYTNjdnI5WHo1MHphTDNpNGMzOTZOR3ZrWW1Fa2FyTXAtVTVHelNORHBPaFJmNVJhVVh1TzMyNWJPWDBnRVZPdEg?oc=5,contract,DOF Group ASA – Contract extension for Skandi Vega Europétrole
2026-07-07 13:52,Vestas reports more than 2.7 GW of announced orders in second quarter - Windtech International,https://news.google.com/rss/articles/CBMiywFBVV95cUxQLU4wWW1rbUZJVUhRZndLdWJ6b2ZTd29UVVhhZEZSenJiV1Z6Q0F6c2hZaTV3OXI1MEhxQzNpLTNieEtZX29jR1M3QTh5T0FvalZseDV4c3pBTE9nM09yTEwtaVd1dERkSVJ4MVVtTXVvMHdnM0JOOU95eFdmWlR1OTFnc0d5Z1J0M1BVWTZqQ0RNcDRtR3VPZDI1ZUlwbndvNTMzYTFfOE9WQlM2ODRZTlQydVp2YVc2ZGN2SzdpWUhxdlNDSzRRUl9uZw?oc=5,"orders, GW",Vestas reports more than 2.7 GW of announced orders in second quarter Windtech International
2026-07-07 06:59,Citi forecasts US onshore deliveries of 20GW for Vestas in the coming years - EnergyWatch,https://news.google.com/rss/articles/CBMia0FVX3lxTE5EOWRtLUt2N1REdThWdWhqWmtpdzZOcXJYaUhZTnRRSVZCSFNqaVlPWk5TMmIwOTNmbWlpUF8tMVduazVnUWVkSDZTM1AyQzJ1amVveURPZ2VFZ2pvTlBmV05zaWt6Qzh1dnNn?oc=5,onshore,Citi forecasts US onshore deliveries of 20GW for Vestas in the coming years EnergyWatch
2026-07-07 13:59,Hollandse Kust West Offshore Wind Farm Produces Its First Green Energy - energynews.pro,https://news.google.com/rss/articles/CBMinAFBVV95cUxOb1c1cHBiNlZ0QnRwVXhuMFRSVTNQc1Rocld4OG9wZ25HTEtkWW44dHZWQTlGcGEwa0NmTE43WEpINWFaQTRxNnNtaXFGUGhHUjJpTk4xUmtTeUhBM3lTVS1Lcno5emktVHZmWmNnUzRyaVBrTVN0amJra2drOWpFb0t4bW9QVE9CTDBST00tYzRZZU52UGZ6UXlRWHY?oc=5,offshore,Hollandse Kust West Offshore Wind Farm Produces Its First Green Energy energynews.pro
2026-07-07 07:55,Vestas Wind stock leans on its order book. The company stays anchored in wind power. - AD HOC NEWS,https://news.google.com/rss/articles/CBMiygFBVV95cUxOcjRlbzhoYkwxVGl4UVRBWmhCcXNpS1Qwc3I5VnlNNXh4TEx0RTh3X3ZXZHRzSVVrMEhzZHA1ZTA3cExudTJ4U3ZZMGtNUUg0VUZ6UnotQXNSSmZtUGtQekVFSFRWYmNqVS11VlA3VFo5cG1ROFQyVWh6N2JNV0x6c2haMndJMEdFNHltUjBNdHNMT3RBNUZCZUtxNXlSZm56d3pGVTBGand4ZEgyT1lEXzM1dEJJdzJiRUY1Q201TW1kVWQ5Xy11d0xB?oc=5,order,Vestas Wind stock leans on its order book. The company stays anchored in wind power. AD HOC NEWS
2026-07-07 04:24,European Energy secures permits for 145 MW of wind projects in Germany - Windtech International,https://news.google.com/rss/articles/CBMizAFBVV95cUxQZFoxOTNnc0JlTUsxbEV1Vkd6S0FNNkRuOE9QbE5ubXJBMzBodjVVSmxJdGRmaXAySXNwZ0dHaXpEMnRtbjVlLUliNWN0djE3Qk5iMTF1V3IyM0NTM2hGZ2VUT1ZYVHI1VXAwSnNTNEwwLTYxOG84a0gxODFQdUZiYTFPTVZsd2pIb3dBbXVOQ3V3RHVlUG1veXJaNTIxQ1ZqR2J2MGFGZkU2ekRMVklmd0JDaXVBT2s1d2tSM09uLVRkQjQ1X25hM3FtUkg?oc=5,MW,European Energy secures permits for 145 MW of wind projects in Germany Windtech International
2026-07-07 11:55,Nordex secures 700MW in orders in home market during second quarter - EnergyWatch,https://news.google.com/rss/articles/CBMia0FVX3lxTE9GaS1IbV9ma0E4UUt2SVV4MFJocklsSFpSQ21DUEVNZVl5aEtERlgtcTVIQS1DSUJCSGlLSU5adzJGQ2NXZ181WjdORk9GWklLWktZRDhLS2ZPRlZEN0ozVGcyLUFNS2hiY3FJ?oc=5,orders,Nordex secures 700MW in orders in home market during second quarter EnergyWatch
2026-07-06 15:35,"Renewable energy news: Nova Scotia, VEICHI, onshore wind market size - GreentechLead",https://news.google.com/rss/articles/CBMirgFBVV95cUxNdm1yMFRycmpkSlotRUt1X0VtMFdhTUVkc3dqWVFQSmZKWEFBeURIbUgtLWZ5Mnc1V283RmdzZTdHZmN3Skp3dEgxTTE2LVotdkk5U1JqYUdzVlBaM2FRTFIzT2VmMzF6RXYwZlF5VmY0WVN1N3VTbnBjSHpTUW1QVU50dW9oenYtUXl6U3dqT2dYTy1BaC1DWk5kc0tqTzNvYjQzZTJzZmdMRmFfTHc?oc=5,onshore,"Renewable energy news: Nova Scotia, VEICHI, onshore wind market size GreentechLead"
2026-07-07 07:36,"Global Onshore Wind Reaches 1,299 GW, Dominated by Five Chinese Manufacturers - energynews.pro",https://news.google.com/rss/articles/CBMiowFBVV95cUxQazB0MlpMWkFDdl8xNVZkdWxKV2kzRVBVZE5CN0VhS2RkNEtNWlhiT3FZeWt2UWY5Ny1xSC1pQzlvMTNqZXdKOTB1VmZ5aFpJd21WdEc4TEJhQ3dyalkydE52LVFhYkpaVEREaVZ0ZkNVX2dCazZINF9mNzRkN2xvekJOTjllQkxfNkdPNXhXNkZFbVBOdTU2X2cwdjdkVk1LdTh3?oc=5,"GW, onshore","Global Onshore Wind Reaches 1,299 GW, Dominated by Five Chinese Manufacturers energynews.pro"
2026-07-07 03:58,"Global Renewable Energy Investments Surge as China-UAE Alliance, 11.6 GW South Africa Platform and 774 MW Solar Pipeline Drive Clean Power Growth - GreentechLead",https://news.google.com/rss/articles/CBMingJBVV95cUxOel9udE91M0l3Q1pjZ1B5RUtrVkJzTkk3aUVUcGN3OWdkZGJKX3FWZmJLY1ltSDhlSWljMWVDMnNEdDdROUVKRHRFcHd5SVJOYlBMQW90dy1EVWFDRkhNM3VBUEp2RmdsTEhpR0lOc1ZwcWhTZDhtQlpSQU9XVmdqeFlXb0FFY0hpWlFxdHBoaWF1NEpHUUpaaUxraUFMQV9Zdml6bVlJUE9sdUt5cjN6SUxPcUlBVlZJZ0daVWlQazlxSE9rb1FZTVhYdnNXOW5QRHdPMVNvNnBJRVlINGFLLWJ0bHdheFJDSjJwUGlPUFdidWhpV0t2eU1jNWVJZV9VaEYtWEhnV0IwZXc2SWdzU0UxdS1WcWYzWHZjeHZB?oc=5,"MW, GW","Global Renewable Energy Investments Surge as China-UAE Alliance, 11.6 GW South Africa Platform and 774 MW Solar Pipeline Drive Clean Power Growth GreentechLead"
2026-07-07 08:06,Nordex Group receives orders totalling 700 MW from UKA in Germany - Energy Global,https://news.google.com/rss/articles/CBMirgFBVV95cUxNbzJNaFJ0SzIxQkk2emxuM3hXQVVrUnRFbDVLcDhoODQtUXhGMkYyXzdQNDBkSWQ2cE9SS1ZIUHAzX1pWMWhaX2ZROUJEOWtHMWtrMjIzNDlzWTJPRzVXMVAwU1hJT2lxVGU2TjlRQjkyMWJudDh5Mkp0dDRhRHZPT1B3QllsTTlSMFVwZWcyRlh4bFA3cHVibmpFX0NtNTBBUzlQRzRTZnZZbTEtR1E?oc=5,"orders, MW",Nordex Group receives orders totalling 700 MW from UKA in Germany Energy Global
2026-07-07 06:58,Nordex grabs orders for 700 MW of turbines from UKA - Renewables Now,https://news.google.com/rss/articles/CBMilgFBVV95cUxNSWpqRFRqb1BkQjZIOVkxbmt4X2xPR0tZZi1xZ0pRZ084cm1RNnQ3NlZ0X3NYWUNDTk9Mc00wdl9Ja0FFZWZTZXZrYUU1ZEM2M1hMRUVKN2RNWVowQW9kWVh6RHM1ZGIyU3E3d1hXQVBLTTRXVVBaeWdMclNmdmF5WXp6NTVzQXJoalQ1ajVHVW1Hcnl5dXc?oc=5,"orders, MW",Nordex grabs orders for 700 MW of turbines from UKA Renewables Now
2026-07-07 08:26,Nordex receives 700 MW turbine orders from UKA for projects in Germany - Windtech International,https://news.google.com/rss/articles/CBMizAFBVV95cUxPNGYtTlVnRWdvbllzVUZFTGstQmI3MzFCN0kyUnhLalJEaDcwU3h1ZHdfbmNjWjE4ZDRPMzR2VlFSUHRHSTNNQ3pqaEFyOGVEWFRKRlNKalM1d05xN1YtTUtqeXZ2NmEtWFZxY1dzMXVyZ1VnS2NWaE0tNzFRRk41cFNtcG9yN05ETU54YUp3WWRjV1RzSEVVcmIwN0lTSXlfbi1SSXRNeGR5b0VPYzlJd2hHeXZFZFRLd2MybjAwN1JUUDZCeVRaeUlfVXU?oc=5,"orders, MW, turbine",Nordex receives 700 MW turbine orders from UKA for projects in Germany Windtech International
2026-07-07 06:09,Nordex wins 700MW German wind turbine orders - Recharge News,https://news.google.com/rss/articles/CBMinwFBVV95cUxPUFFGUjFqZ3BPRVg5d3lpZ1FsR0IwZXlENmNBVDFfM0lScml6NnNQcnJpaWlIakV5bDVBdHROTkVURmVERkpWUDd4Y3VjVXZ5TFpoUW9kNDNIVEFQWGFocmYxc0pCT0VwNS1oRnFNM3RvOUsyai1vM19SY0JxdElmNFoySHJ4SENBSlFWZGo3d0gtZDdXNDk0eC1pcEpCYkE?oc=5,"orders, turbine",Nordex wins 700MW German wind turbine orders Recharge News
2026-07-07 05:30,Nordex Group receives orders totalling 700 MW from UKA in Germany - TradingView,https://news.google.com/rss/articles/CBMiuwFBVV95cUxQMG9xR2tUaGVubkpZbDB3MEhqZ2szcm1maUZMWGhTZldrMHZ5OFJVZHRadFozQkFIVDFoVW8zQlpOM1FwQ0ZFOW5uM18tZmxJckpoSkZ4TUdwT0E3RV9USHg2R1ZWbHJUSVdOeENDUWJ2MzNRUTQ3elkxRnFFUVY2ZjV2M18wWTdIajBhYVdsVzF2NzAwUFNBTFFVQWFLTFlSUldGTHdzY2ppcHdlMEsxQ3hXSHhhbjhPR2lZ?oc=5,"orders, MW",Nordex Group receives orders totalling 700 MW from UKA in Germany TradingView
2026-07-07 09:37,Qualitas Energy completes commissioning of 33.6 MW wind farm in Germany - Energy Global,https://news.google.com/rss/articles/CBMiugFBVV95cUxOYUoxTmt4X3gwNEhqUERvd2tfN0MtbWhzM0xDbjBUWXdFZF9pSURWMDFmRkpXY08xOS15RjFJOExlMEhEZ205SXdab2dCMXJ6NjY0YmwyWHk4eXlydV94eGlLRUczbm40ak40NHJicUEyWUFRY054U2hxTTlnV0QzcTd1bG5aZVZVNDg1ZEtwVC1LbC1lU0FjSUEwOWdLMlpUbGg3S3g2akc0UFVCSTVIVUhPa01ZV0RiWmc?oc=5,MW,Qualitas Energy completes commissioning of 33.6 MW wind farm in Germany Energy Global
2026-07-07 07:42,Orsted outlines long-term offshore wind strategy as global demand builds - AD HOC NEWS,https://news.google.com/rss/articles/CBMiywFBVV95cUxNNENXSlFNNWtZWnFtTGZTLTRNd3B1dnhMU0YxbXhjallZRnRDaHd4eXYySU5SWHRVRkNRcWlwMU1QSzBTLTNrMGM2eWpwMExOS0ZWWDNmcHBWSWlRUjF3aUxPVHlvcVJXVkhPMllpc1F4R3R1SmJLaHI1RUcwVTRHcG1RRVZaR0pDbjNMeHRITUZUSnQwb0g4S3llNzM1RTlWeThJaW1xZkdIUFZBUTV3SzFoVVh4bE9pZzNJeEFZcGdCc01DTUYxZ2VSaw?oc=5,offshore,Orsted outlines long-term offshore wind strategy as global demand builds AD HOC NEWS
2026-07-06 23:01,UK freezes maximum price it will pay in next offshore wind auction - rivieramm.com,https://news.google.com/rss/articles/CBMizAFBVV95cUxPV0UxSHU5QUllNUtHS3BoVkZkZ0pVT3BqaUl0ckdrNWFHR3laYVZDMy1NSXZOSGtHdHRiQnRJUHdTdWprd1VQdXRvVHpCVkF3RTZsNk5PQV9MMlZaNVZuTmtnNjU2NjJhVm1OV0J3M01NLXdRcWZ3WFhFSjFodjRvbmJZdHEwYi1reUxOWmd1R0NxdGo1c29yaHotLW1jdmRHZWg0WlREMWxhb1dlZ0htUmUwTVdtOENIM3AzY3hBWFVhSXdUZElHUDVhcGs?oc=5,offshore,UK freezes maximum price it will pay in next offshore wind auction rivieramm.com
2026-07-07 10:37,Offshore wind wake effect sparks legal clash in the UK - Splash247,https://news.google.com/rss/articles/CBMigwFBVV95cUxOUkxIVUZTdHdJRjJ1YmJDT1ZPTm01TmVHa0RNMWp0TGVJYjREc3RtaDFCZHdjLVMtaDc2YXNVTkpTOFhPMVVYbVVqZDYzODhmdTQ2WFNfX3FFdjBqeHVDbTBJOURSTm5ZT0lrN1NKLVYxUnVrNm0zQUdhZHdlSDVQUzg4Zw?oc=5,offshore,Offshore wind wake effect sparks legal clash in the UK Splash247
2026-07-07 11:11,Legal Challenge Over Wake Effect Threatens Dogger Bank South Offshore Wind Farm - News and Statistics - IndexBox,https://news.google.com/rss/articles/CBMixgFBVV95cUxNdk5QMTN6R1ZVZGV0bkgwY3RXRHR6RnlESGtYN2xCMHZ0UVYtQUpqS290YTV0b2pMQk9aT08tYTRPMDJMaDQtQl92V3ZMd0h4bFVxLTRoWmZrNUF1aDd5R0dZNXdmR01EaHR3V2lvTnFIamhpeEVKVUJSUEU1dHdCWU1FbTJBbEZuRi1lcnF6cjNsVkcyMzNlV1BSbTctcGVlb1ZrRlFNYTV0YW1CdDBUa2syZVktSzc0S0lMeHdJQUpxcU8tMVE?oc=5,offshore,Legal Challenge Over Wake Effect Threatens Dogger Bank South Offshore Wind Farm - News and Statistics IndexBox
2026-07-07 09:43,Canada Nickel and RWE: Low-Carbon Steel Partnership Explained - Discovery Alert,https://news.google.com/rss/articles/CBMiigFBVV95cUxQcGlwaC1ocDdCdGFxdDk4Y25VQTBvanhnSXotSHVXbHV2ZjJraEU3b1dNVF94aEoySU5tYWZiZ2N4ZVdJWTc2RV9USzBvXzdmX1BCenlHM3VfYWVtNnYwZEx5UExad0p1MnJZUkl6Y0RiaGEtSzJqM25WajBaRlNleEZZMkNVR184RHc?oc=5,partnership,Canada Nickel and RWE: Low-Carbon Steel Partnership Explained Discovery Alert
2026-07-07 11:12,Industry veteran Cole to lead deepwater offshore wind tech company Neretek - Wind Power Monthly,https://news.google.com/rss/articles/CBMivAFBVV95cUxNRVRiVFZsS0lwc1BlNjZaeV9ZR2ljUi1iLWR5RFc2dWdNR3VEQ05DWG1NN3dOZWZvZWx4cS0tV3lkU1BvekZ2U0V3NW5CZmFfZHlPbEN0QU5Mbk1KODBvNGswdFE0clZQRmFtX0NsNjB3c1lydVZYaTlDaEE5WUdybERhTzBITjVrYWlubnhYR0FYekhobG4yRFphOEloYTFGcm85X0hxVkh1emxNdlhFelA0c1lUUlpZaEdYRQ?oc=5,offshore,Industry veteran Cole to lead deepwater offshore wind tech company Neretek Wind Power Monthly
2026-07-07 14:04,Community raises concerns over battery energy storage facility in northeast South Dakota - SDPB,https://news.google.com/rss/articles/CBMizAFBVV95cUxPVl9lNjdLbEdaOV9nckpmOEkySGFjTHYzRk9ZZWdBbXFjWnVsOG1ISEZ0eVo5VENGY01jbm1EXzZmY2JRQ2k4bjB4MHI2LVVITXFVOXRVb3dvcHFTS0JmUWdCUVF6RzFvSk5XVW03T2xhcEt0RkFfY0hUUnhSZlhBa1NuQWZCU3VuT0t2VlM5QnYzWjNCblhXelF6YnFWV0tWNXFSLXlnVXRuNTEtRXluM190ckZJYThqRDVrSi15ZU1xR25XQW1aOWFBZEk?oc=5,facility,Community raises concerns over battery energy storage facility in northeast South Dakota SDPB
2026-07-07 08:52,Equinor Awards Over $600M in Contracts for Four Subsea Projects - Offshore Engineer Magazine,https://news.google.com/rss/articles/CBMipwFBVV95cUxQR1RXNUJnN055WU1GclBrenNFOGVueXRrbm5WYU05RkRhV05xMGZZT2dDY1FjSGpkQUFmT3B5US1iU3E3RTkyUDZadUFGcDdUVjM2d3VHYmxSYUpVUWpCRDFaTmdsVDJGMFI3M2dYcDVEektNbVc2b0dPRkg1bDVRY21FQ3pUSVNkZTRMZ2VyRzlmVVl2YlNwZERuUUNGWU01ekVSZFl4QQ?oc=5,offshore,Equinor Awards Over $600M in Contracts for Four Subsea Projects Offshore Engineer Magazine
2026-07-08 13:08,Vestas completes turbine installation at 420-MW S Africa wind cluster - Renewables Now,https://news.google.com/rss/articles/CBMirgFBVV95cUxOWFBHYVJOREVwYUNJYVNoVmVUeS13UHE1SnZjZl9WNW8xWU1nRjBCUEQwdkVIdzZNWGROYXA4a0ltSlVlcGt4aGRQZDZ0SUVmSkU2Rm1hdkp5cl9HMnNpaWFWalJwTXIwSFdtSkJWaWVYV2dSMkNKTXMtdnZHeEZneHkxd1NkS1kwZ1A2blI4ZXRpMjlMYUUtLW5yZmIzYjFGZ21ZWE1aMFloZ29FUlE?oc=5,"MW, turbine",Vestas completes turbine installation at 420-MW S Africa wind cluster Renewables Now
2026-07-08 13:10,The Hornsea 3 offshore wind farm - Ørsted bets on higher UK renewable output - AD HOC NEWS,https://news.google.com/rss/articles/CBMixgFBVV95cUxQR1g2ekpMYjlFWGRpbF9RdE1mZmNLS003dVNVQW9FNDgtRW94WlhJN2lnRkdVbHdQTGdTc2dySndvSjVncDdzVHMtcUVpT2J5LWJLVjJwRDc4Q3pUTlpQbWRadWpzLUYzZHlqVzBkSFZibWEyOGxBQ0pBTjhvR3gyUUctQ1UtMHloaHZUdEg4Y3BpeDVfenpRajVTUjFvbkFzZW1UQlBHVXAxNG5kWjRzcnpoQVFCQjRfUUYwRWxpU2lvRnR3VUE?oc=5,offshore,The Hornsea 3 offshore wind farm - Ørsted bets on higher UK renewable output AD HOC NEWS
2026-07-08 11:57,Envision to supply 140.6-MWh battery tech for ju:niz in Germany - Renewables Now,https://news.google.com/rss/articles/CBMipAFBVV95cUxNUnZmNTJlYVpvUlNDXzJSSzZiZGg3dHd0UlA5dm1PcjkycFl2V1VHZzZUVDQ1ckhIUHJ2aHQ0NnBsVnQwR3JObUpuSC1Gckxyb0xVX0JJaGJxcWlLNzhTZ0FiQU9XVHNBN3UyTXBZbWVFb1lKeDJfSWVQWFg3ZExmbWZlek5ieXdwQ21zN2wzVVhsWmVzX3B1LUNxUVhFbXlzZ3Fscw?oc=5,supply,Envision to supply 140.6-MWh battery tech for ju:niz in Germany Renewables Now
2026-07-07 16:05,Envision Energy and Pulse Clean Energy Sign 310 MWh BESS Partnership - energynews.pro,https://news.google.com/rss/articles/CBMimgFBVV95cUxNQVBza01GLUFlQmo3SjhNcjI4YVF3bTBRWmdZRS1xLXJQcDJ3TkZ4cUFoYWlMYlR5NFZJMnBWbkpqbjEtdHhCaUQ4WnE0ZUY5Wk81TjR0eThtcm5POWtTOEp2WjRDNkE2ZU9UR21EMFBJNXhVLTBia2JSUV95NWhLMDdMUzVtaXhIOTd0OHlRNzNBR1VXbzFhRE1B?oc=5,partnership,Envision Energy and Pulse Clean Energy Sign 310 MWh BESS Partnership energynews.pro
2026-07-07 16:12,Envision Energy and Pulse Clean Energy Partner on 129 MW BESS Project in Wolverhampton - IndexBox,https://news.google.com/rss/articles/CBMitwFBVV95cUxNSlhneERZVUkxYkQySWdZTEVpMjRqZV9ZOWNiakR4b1RubS1ocFRaaGZfaW9ILU1sMlBBZmhlakJOS1pUeHpTXzVSYV9VVTNpZm9fbTlwa2JlelAxN1I3WEpMNUs0aU9JNHdYUDR6ZGZrXzcxMmJCUTJ2Ui1YVjRjT2ZXYXNjNWZWU1A0Zk0wVW0xRXFjTjg1ZEsteUtrLU5IOXVvTm1DR01GMDJ0RFVsNkt5aUdid2c?oc=5,MW,Envision Energy and Pulse Clean Energy Partner on 129 MW BESS Project in Wolverhampton IndexBox
2026-07-07 23:56,Nordex Group receives orders for 30 wind turbines totaling over 197 MW from ENOVA and BMR in Germany - Energies Media,https://news.google.com/rss/articles/CBMid0FVX3lxTE9tNUVVbEpxZ1BXN3ZHT2xHRjRNYU4wcURMSWhvWlMtWlJSR3NGWjhSdHpLcFhXbU80NjNJSGxJQTBJZVlPeXdhbktBejJPSzNSWXJINGFVU2d1N1Jya3Zla1Jqb3NJbG9aQW5fVHExR194SjJLeVZ3?oc=5,"orders, MW",Nordex Group receives orders for 30 wind turbines totaling over 197 MW from ENOVA and BMR in Germany Energies Media
2026-07-08 07:15,NTPC Green Energy Commissions First 50.4 MW Phase Of Vanki Wind Project In Gujarat - WindInsider,https://news.google.com/rss/articles/CBMiugFBVV95cUxQQ2wzRjlCLTZ4bW9ZQzg3OHRidUkxSW5sMkdqVzlENEw4UmFHaFVFVlFKWXV2aDlqM3F0czE3ODNpNWIxLU1qZUx2bW52THBsZF9qSV8tSVdfdkk5cFZzdzZhOXRBdjNNNWR3aWIycWhGd1IyY1VKaXlXMjlsTU0yYjVTN0NyaGFwX01XendCX19JSm52U1N6c1FBODlXdWtXOHQ3SU53YUNac00zMmJHbHRlMXVXNjkyX2fSAb8BQVVfeXFMTzBaaV9wTTJWS29WVXNGMnFDdVFaLWRMOHZhRWJEX29lSlZCSHdfTWIzbFViVXpjcGhDelM5MVR3YmtiRmdPcTJucTdZelFzMWJmTDFsaHVIakxZN3dISGEtSk9kTWI4algzS2p5YjhfcV9WSWl1UUt4LVllWnlpN2FRZkNTcGhwSHM4SmdrZkx1ZGpqbklFVExnWEwyNE55aG85S19ScXRVQWlXNG9fN1IyWXBnUlBObkRCRHRHUzA?oc=5,MW,NTPC Green Energy Commissions First 50.4 MW Phase Of Vanki Wind Project In Gujarat WindInsider
2026-07-07 21:42,Qualitas Energy Completes Commissioning Of 33.6 Mw Wind Farm In Germany - megaproject.com,https://news.google.com/rss/articles/CBMisAFBVV95cUxNa3hnQlJocVYyQjBTTE1XUG5YWVA5b0dnZmE2cWdwcHVYZTR2RjNtY1E4TE5PUlItaGZITnl2RUdEVzVnMDkwdnM1QzZydkt4Q0JmempUWnJ3QlpEMzVCaVFuVG1ET1RoTmxlQklmMTdIQ2poamJMQ2o4Tl92MkFiaUxQdzhoRFkzVkxnOWNPek1sSk9SR1VnZFJYdnVva1RqNndIdEIyZVNkQkNKQ0V0Xw?oc=5,MW,Qualitas Energy Completes Commissioning Of 33.6 Mw Wind Farm In Germany megaproject.com
2026-07-08 12:32,Ørsted says Offshore Wind remains cost competitive despite system costs - 4C Offshore,https://news.google.com/rss/articles/CBMiuAFBVV95cUxNQVZ3bnRteEFCR1dFbk1zVzJyMTNBbHZaamtYY1E3enNxcDN0LVZfam0ydU1keEVFZmtlUVh2a2dhcEZMZkhreGNHdHl4eGtjMUNGSXM3MkxrQnpLLVhxbFVCZWttME52Ml9rZE1oN1lxV0lOWW43MHRjSDhBMDdlZHRjRG1icGRHZmhOQk5BR0pzYTFXWk9NNW1fNEVUN0F2Z1k4c3B3SXFmVkt5VmduVUppOWNsUlN5?oc=5,offshore,Ørsted says Offshore Wind remains cost competitive despite system costs 4C Offshore
2026-07-08 04:36,Mapped | Every offshore wind project competing in next UK auction - Recharge News,https://news.google.com/rss/articles/CBMiywFBVV95cUxPV0NkZVVxZFhid2tZZE9DYzgyWWNaZjhzazlpT0xCd19oOWZBdjh0NGx2VU84OEFUVW9vaUcxYzAwZmh5SlpBbHVWUk1LYktTcGFuMWgyWmlfaVFqUTdxWjZRaFVKbWlWTmJIZEhSUVlNaHp1N1M4ejZLb01DeFZKVkxKTXhuV3V3YjlDM0EybGo4OFN0OFZsZmRwZlJqTFVDYjhJdG1VRW5PdXEzX3JTRW1JWTZvcmU0SkxpU1N2SklKSVNiTGY3UzJRZw?oc=5,offshore,Mapped | Every offshore wind project competing in next UK auction Recharge News
2026-07-08 05:58,RWE Eemshaven Onshore Wind Farm - Utility-scale renewable output powers Europe - AD HOC NEWS,https://news.google.com/rss/articles/CBMixwFBVV95cUxOR25MdHl0Wkk2Y0o3U0hUSFNubC1qVzZLOGlIMUVPcEZjSVVyMF9hZ2lmNGdHLS14cUdmbUgxZExwTFF1azJReW1FLTlsb2l5Q1BpRUE0RmNtdm5RMks0YXVwSE5FNXhweW5sLVM0dDVUQVVvMWtjUnF0aktpaGx2azRVenoybmo2aE1XZ1NiUDIwMlg5QVNGOS1WUTZGdEVIeUxZWDZVeG1BM2VYbWlKcXNmQjRrb05WWG01OF9tcllpSnNjNHBJ?oc=5,onshore,RWE Eemshaven Onshore Wind Farm - Utility-scale renewable output powers Europe AD HOC NEWS
2026-07-08 04:00,Offshore wind project backs two popular community festivals - The Argus,https://news.google.com/rss/articles/CBMinAFBVV95cUxOUVlnNEx2a0hnckVsOFRVOFRBRmE0cHZIUEI1VHQyOW05MEVPenJSMy0xcmlzUEtmS2NmVXp4Q1NBRWZDNlo2dkIxWDRnR3NJWXIwZWs2dU5qMW5sVUFJdHkxTEM2dmlEQnlZdzdPMXFQZUYxS3ZXVm41LUk5Tk1PT0lvTFlWTmk5a3cyWHVxTDEycmQyTzFkWDVYVVE?oc=5,offshore,Offshore wind project backs two popular community festivals The Argus
2026-07-07 15:36,The Vineyard Wind 1 offshore project - Iberdrola bets on large-scale US clean power - AD HOC NEWS,https://news.google.com/rss/articles/CBMixwFBVV95cUxQU2lBQkxGa0ZrUkhJeWpsWHZWZWRITURnZkhaWFpjM2F2Rzh3bWMtTVNlakRIOVMyaFgxTU1qUW5IRU5DWkQybFNmM0NFWGN4cG0wT0dUSjU1R3FzVGZFTjRYV3BqUFdtVFR4LUZkaGNQOHBiaFN1Z3prZkhTSHdqb1V5OUo3LU5UUWpfYUJ5TmdOTzZvVldTbnVuVTMtVGFoNXcydW4tR0JLNDdtQ1RpdnJEYm1qVG5WaEdsUk5BZnhqOFVMVEVn?oc=5,offshore,The Vineyard Wind 1 offshore project - Iberdrola bets on large-scale US clean power AD HOC NEWS
2026-07-08 07:00,Statkraft to invest in 280 MW wind project in Brazil - Yahoo Finance,https://news.google.com/rss/articles/CBMijgFBVV95cUxQeWc3QWI3ZGJlb24yb0pMVEgtc1JSRE1zcGtjOFlyVzhOSG4xN3lQUC1TaExFalhkU1VHa1BOSS16b1ZnTTNRRW5xb19xUC1JRWNPTDRlNUpRS3FnQVI0UUNRaURUc3NDNDlTdTZfdDY0UkJGeWlJRUVZMXZBVEhsUG1tQnNrMnlncVRkSmRn?oc=5,MW,Statkraft to invest in 280 MW wind project in Brazil Yahoo Finance
2026-07-07 15:41,North East celebrates success for £9m offshore renewables programme - DPA Magazine,https://news.google.com/rss/articles/CBMitgFBVV95cUxPNHZZb0YxZTZXWnVDUl9RMnA0MXNWa25qQS1FeERydFpZUUJTLVZUUWd6c1BVNktuZ1hDZG5MVC1oSklkdWdqUGlNSTczcnF6cWF2MTAtQ1Q2YV9ZUlZUTVp0ZWc0akpSRFQ5NUVNYk1WX0dfS2RORHd0Q3Y1TzMxQzZrTzBPWTFNenYwcjBqR0ZrclJIMjNKQ1NRSWU3NDBEYWh5UHJfQ0VPYkZCU0cyU0VMWkNyUQ?oc=5,offshore,North East celebrates success for £9m offshore renewables programme DPA Magazine
2026-07-08 11:50,EEW to expand production of offshore wind components in South Korea - Ocean Energy Resources,https://news.google.com/rss/articles/CBMiswFBVV95cUxNVzBubWZlYzBnRHpQYktPZWtaZnA3S3AwYW1ra08tLUxIaHpkM0M3a0p2YUVLcDZfZ0tDaEFURlJwQnd2cmNrazEzM1JZQmNrYk1QLW1lRzFzbXhoekI2S3labFZURl9BQ044dGQ0eTlUa0JjLVlHLWNkaEpCLVpyLWZfOUxBV29iT2pLNWNsZThRYjZJTi14aktEQUh5X1ZaOE5FUW5EY1huZzQ1UGtoalE4OA?oc=5,offshore,EEW to expand production of offshore wind components in South Korea Ocean Energy Resources
2026-07-09 05:21,Tilt breaks ground on 288-MW Palmer Wind in S Australia - Renewables Now,https://news.google.com/rss/articles/CBMimwFBVV95cUxNNFVMQVhqNmo2ZDg3WWJjN05DMXVUNVNObzFfNktuajU0TVRsVTVZSmVHZTJVdm1TQ3d1MUtzQnI4Nkd1cVNtVnN6RVJvTnRHZGs0bU1EZXBKTndoLWdBZi1QWXRvXzdhb0dZLTBfRkJJMEVNaUZYa0VNUzlya1F1WnJBMjdQMjRYbWNaYV9Eem5wNE5Uc2tLQzNtZw?oc=5,MW,Tilt breaks ground on 288-MW Palmer Wind in S Australia Renewables Now
2026-07-09 12:30,Nordex saw a significant increase in order intake in Q2 - EnergyWatch,https://news.google.com/rss/articles/CBMia0FVX3lxTE04QklmbnkyWnhKRjNFbTZjTjctTjNuT2JRMnplV0RObmM0eG5HZzViNUdEX0kxbHVGYzdjQjNtY3hZZy0xSXdQZ1ZPRmowazczM21LRVhnVTBSU3lmaGxWdnVScEZ2Zmdrb0Fv?oc=5,order,Nordex saw a significant increase in order intake in Q2 EnergyWatch
2026-07-09 13:57,Collett completes dual blade lifter operation - reNEWS,https://news.google.com/rss/articles/CBMiigFBVV95cUxPS0ZlUW1UeC1ZaTZJSjlHU3JFRGdOdlVXdnJnY3NzbXVSY3IwaUFHaV9iZWtSWE5ZY1gxTms1cGV4RGlDc1ZNb09tai1tSDRrajdCZlVONzZLREt6UTFUbWltZEEtN2hfQzFUUWw4dV9KNGkyLTVmckIzdHo2RDlOdDduX3VmNkVFV2c?oc=5,blade,Collett completes dual blade lifter operation reNEWS
2026-07-09 12:37,Greece’s Wind Energy Capacity Tops 6 GW for First Time - tovima.com,https://news.google.com/rss/articles/CBMikwFBVV95cUxNSzI4a3dDS21xdXVFT2JvdWFIeDRrN0ZoMG1mMnVtMkVRR1ZNR0gzaG5uMzFDcnprTEtPSm03dGVGbDEzWmgtOTJUcVk4UjY4dzNKNlFfT3dPYkJTY1lIS0FoUXllVk9acFl6NllrcER6YWhwbmpzUkxmTkZlQS1CLUItMVpTOHRrRXJRZ2VjVy1ZSHPSAZMBQVVfeXFMTUsyOGt3Q0ttcXV1RU9ib3VhSHg0azdGaDBtZjJ1bTJFUUdWTUdIM2hubjMxQ3J6a0xLT0ptN3RlRmwxM1poLTkyVHFZOFI2OHczSjZRX093T2JCU2NZSEtBaFF5ZVZPWnBZejZZa3BEemFocG5qc1JMZk5GZUEtQi1CLTFaUzh0a0VyUWdlY1ctWUhz?oc=5,GW,Greece’s Wind Energy Capacity Tops 6 GW for First Time tovima.com
2026-07-08 15:55,Taiwan offshore wind projects face inflation headwinds - Nikkei Asia,https://news.google.com/rss/articles/CBMimgFBVV95cUxQLXYtd1pIemd6SU1QT2ZFM25GeGNOOXdiXzBzT2R1T0Y3SmxKUzZablh5RUtBd290bVhpUHd0eVBfb3VNRkY0OUZQZ3FGelRPb0dXai1yTFlKTzRqaU4tcFlHc1lVZTBKRUdPRHp0bk5pNy04MmpsQXRkbFRQUWNLOVU1RHZ2ajNueWo2emZ6QWJueGNtSFhtcHFn?oc=5,offshore,Taiwan offshore wind projects face inflation headwinds Nikkei Asia
2026-07-09 00:57,Kyiv Company Plans 105 MW Wind Farm in Kirovohrad Region. - ubn.news,https://news.google.com/rss/articles/CBMif0FVX3lxTE1ZXzNyX3dPTW9qZnE3U3hNTkhOUWtNaGs5NEJaWXVRRDA4R1p6ZjJrV2JycXBENHNTaDBQTm5zRW5TTUVrZ2toRU1QZF84RWk2YlAyMkRTN3dweUFzUDhUM3FTb1dvaTJ5anhaS0Z0WmZRVWg5R0t0WDh6ZVRsV1HSAYcBQVVfeXFMUHBsa25rU3NFcTRzUnBaaldKUHM3aXhuZUxJWWFTc3pfb19fekNyU0Y3SUsxaDU2ejByZnRwM2ZMREg4RnVaaG5lWDU0OWtwOW80TWItQUZvN2k3Mk92MUlvZG1Ib1FBYXZhV253YkdtcUU4QVN4ektaMS1sUkliam9BVmQ1Ump3?oc=5,MW,Kyiv Company Plans 105 MW Wind Farm in Kirovohrad Region. ubn.news
2026-07-09 09:15,Greece's wind energy capacity exceeds 6 GW - Renewables Now,https://news.google.com/rss/articles/CBMiiAFBVV95cUxNcmJxVENKTU9HR0JINVZVcEY0eFN6ZDJ1NXhBM3JNV2txYXAwYkc5aFhyZWQyd3ZFNFNqTDJtaWkwM3JYeFBLN0puRWJiejJKTVZjbjNxWld0aDI4d2FfMEFndk52YjFHQ19na092bkNOSEpUMmVoQzdBRGVWS3V1OFkya3ZWd0ZM?oc=5,GW,Greece's wind energy capacity exceeds 6 GW Renewables Now
2026-07-08 22:12,GE Vernova Hitachi and Velan sign agreement to supply reactor valves for BWRX-300 SMR projects in Europe - Energies Media,https://news.google.com/rss/articles/CBMid0FVX3lxTE11MkZYVVptcVYwSWROemJUQUJLZG9kYXJvdXZPV2lmdnc3Y29wVU15UE1vTU40WEpxY2RFcmtxMmR2MlNvZjc2d0hlSUZTTlRYeWJWWHlvSzcwTnNuSUxwa25iMUxtdk80Yk50aEdTNUlhaHh4ZC1z?oc=5,supply,GE Vernova Hitachi and Velan sign agreement to supply reactor valves for BWRX-300 SMR projects in Europe Energies Media
2026-07-09 11:30,Mingyang lands another senior hire from European wind turbine rival - Recharge News,https://news.google.com/rss/articles/CBMipAFBVV95cUxOSk8xS1Z4SVMxU2NmNW03QkhxVUUtcFktanRlN01VTUFDRGNRcGtTOUtzUzVyM1NCTEpBcWN5VkpKZEtHM1VHQms3bzFRdzJod0FBVjZaY3JvMC1DS2NHV2w3VHpVb2dPZW9JZlZUM0I1bmwxS0c3ZzU5TVdVd1RRaTJVd2s5T05temhEODBoZXNvbml6dXZqWlktbmZQck80Mkt1eA?oc=5,turbine,Mingyang lands another senior hire from European wind turbine rival Recharge News
2026-07-09 10:42,Nordex turbine orders tick up in Q2 following US boost - Wind Power Monthly,https://news.google.com/rss/articles/CBMingFBVV95cUxOanVZZ1RHZF85eGx3RkNkeWVObXNaUzZMMjBTVWtFV2ZhX2Fyc2MyekRYZjN3Tnh0V3VMUlI2Q0lmNTVZRDNTOTZESGJULS1EWG9kRmxUVXlES1FJVkRsOEgwZmdXOHhPRkxOUGZ6bncyMldjSkEzXzZGZTJRdERKbHZFU3Z0ZDRVWDkzVDNRNTRRay1jX0xqSVpBSkoxUQ?oc=5,"orders, turbine",Nordex turbine orders tick up in Q2 following US boost Wind Power Monthly
2026-07-09 08:36,"Nordex gains 4% on robust wind turbine orders, U.S. demand strength - Investing.com",https://news.google.com/rss/articles/CBMivAFBVV95cUxNc1k1Ql8yN181VlM2ek9Xd3NReUVycnlGVk50SVFTV1J2VUJ0MmxjdVJjNUJybE1XU1dNeGM3cllLODZqaG5IbkNUZ0Vjay1wQUUzLUlnb3RSY01mQ3htTWhmUEllOF9laGtXTXZDQkNxLW45RkVod09fdFNaOWRtSHRHcU1PWERwUEoxeTJ1ZDJIUVNuUHhEUmdOTEJlRzRjeGxzUllYa1pFUVRnN1B0cWpwZG5LazYzeDRpRg?oc=5,"orders, turbine","Nordex gains 4% on robust wind turbine orders, U.S. demand strength Investing.com"
2026-07-09 05:22,Nordex Q2 Orders Surge on Strong U.S. Demand for Wind Turbines - Global Banking & Finance Review,https://news.google.com/rss/articles/CBMie0FVX3lxTE9RcUU5RTFDeW40V3Y1TXVqNk9OOXJhbnRWNG9yMFp5WUN2c0luaFYzVUUwc0lHZlc5bzVYeE5uckFzT3lDV3I0R05RcktFZ21Wb3B2SEc3YV9zU3lpNTBocmEyVDBLcEswenprX1dja2g1OWhmMlBBRU1wUQ?oc=5,orders,Nordex Q2 Orders Surge on Strong U.S. Demand for Wind Turbines Global Banking & Finance Review
2026-07-09 06:54,Nordex orders jump a third as US bet pays off big in Q2 - Recharge News,https://news.google.com/rss/articles/CBMiqgFBVV95cUxQQjE1a0lEMHN2Q0VnWVNsWmIxNncwSDlHQkgxLTVvQ2s1VHc4RG41RFBTMXlWMEhsT0dOUjZ6eXR5b1NUbm9TU09iSldYV0FDaUtOQWlOdnp4cEx3RG8zZk1tazhtN3ptUWFPeG9KaTBKV0t4THptLXVPMklKNG1PeHdrbjlnSkpsLXJGM2l1Y0VFdGpuVlZCNU9QSDRxeWdidndnYWdsYk9uZw?oc=5,orders,Nordex orders jump a third as US bet pays off big in Q2 Recharge News
2026-07-09 07:16,Nordex's Q2 order intake surpasses 3 GW with stable pricing - Renewables Now,https://news.google.com/rss/articles/CBMinwFBVV95cUxPTUZyQTVrbUpoZ1IwQXJFR1Y4OWNVcjh1OGs5OFVWUTI2LU1yREJxeHg1ZGxjX1V6MUlJMXBLVkxIYnF5SlUtRHk3SGs4aGI1MzhhRzVaWHpFQnc0Z3FJNFVNaVFDRWNsY01yWGNqeHZCZXQ4eFRzQ1BHckVydkxtZHgzdUZ5Rm9BT28zSFJOMzhkSlRacnFnUVNaVDd2NTg?oc=5,"order, GW",Nordex's Q2 order intake surpasses 3 GW with stable pricing Renewables Now
2026-07-09 09:41,Nordex Secures 700 Mw Wind Turbine Orders From Uka In Germany - megaproject.com,https://news.google.com/rss/articles/CBMiowFBVV95cUxQQkdTczJXZ2RzN1ptcTJHOWQ3N3E5S3dHeGNfM05oVTFQYTN0VzJoVElXWlZ4VkdDc2FlbHBoZW96Rl9RR2ZyMFEycGc0cDdCeE5OWWcyT0Z6VDF2cEt4a3ZCZkZQNmJHaXNtVEszdXFNd3VoNHlWOHA2bmMzOUEtbUVCODJZT09YOWFub1h6d2xha1g5dTR4Q0R2aDJSS1FHSGNz?oc=5,"orders, MW, turbine",Nordex Secures 700 Mw Wind Turbine Orders From Uka In Germany megaproject.com
2026-07-09 05:00,Nordex Group announces 3.1 GW of order intake in the second quarter 2026 - TradingView,https://news.google.com/rss/articles/CBMixAFBVV95cUxNSHN0RzRNWHVuSWliNnZxdTI1NGlQbFJtZWFObndpM25XdWRFX192QXNWemc5ZFAyb1NnZlpZV0g5U1lab0YyUmc2TXI3R1NYaTlBNjFkUkNsZFJkOVpXY1VtTTNUeFh3OVJDcWVfLWxDdkVmdmQ0eVp5QmZsMW1PUEk3cmVzc3M1WkRmazN5Rkh4b1BlWFhVNWc2UVd1bmRSLXRsbnpIWXZ1U01CUFVVb0RpZXJ6TGVJeEhTemg2TGlWdy16?oc=5,"order, GW",Nordex Group announces 3.1 GW of order intake in the second quarter 2026 TradingView
2026-07-09 10:17,Nordex balances order growth and margin pressure as global wind demand shifts - Ad-hoc-news.de,https://news.google.com/rss/articles/CBMiyAFBVV95cUxOYXpCR24tTU5OYThCSXNPLXg3d3JCMm9KcUVRUkhqV05ySXlfWVZod2FmUl9YdF80TDRtNG14SThhNmtXaWhieUYzQlRBX3VIRGNqX1ZsYzhPeDc0WS1yekVpTXQzWmtxS2RzeG9reXhxYkZZMUF4SExabGZ1RjB1ZTExLVY5UkFrZ0J5Zm1yb0JOVjJTZHBRNDFZamJyNkU1bUM0Z24waWNvaTlJMlZGMG9Wb3RnVGt3TWEwTHZpTGk4X1BGUVprQw?oc=5,order,Nordex balances order growth and margin pressure as global wind demand shifts Ad-hoc-news.de
2026-07-09 03:55,KP Energy Commissions 50.4 MW Wind Project for NTPC REL with Suzlon's WTGs - Saur Energy,https://news.google.com/rss/articles/CBMixAFBVV95cUxOSnZoUUpaRERGaTdzb2stU00wWUEzZWRWWmdvU1QwcmtNbEZIR0xIdHNoTXNZa0pHZ2RCYUQ4QkJUUjduRkd0Q1FKVHhIRW9xRzlzZ1Z5ZHM3V0lhYjh2TXl6QnVhOHZkdDlncTFTTGNSMTNXdDI3d1MzTzBWOGhtSUFxU05HVU1TTmkzSEM5cGgzLTQtTWQxWFUzUE5oaXg0dVlPanB5X0NaYllmempjcGc3bkNDM2VtOVZLRUtieVgxamJj?oc=5,MW,KP Energy Commissions 50.4 MW Wind Project for NTPC REL with Suzlon's WTGs Saur Energy
2026-07-09 06:47,KP Energy Commissions 50.4 MW of Vanki Wind Project in Gujarat for NTPC Renewable Energy - Energetica India Magazine,https://news.google.com/rss/articles/CBMixAFBVV95cUxPdWZjbWRSREMtTmFON2d6OTRGaGhoQ2NBcExvRUZFMGQ5dmI5LWhwSllLSGRReTRTcWtTcVN5V2ZMZWd1SXRfWXVRV0pWTmtjejhOYURVR243NWVxUExLZEYwVVk5ZlRTakllSkFiNzBkeWVZdUMxdnZaUGJWd3hnX3B4WlJiN0JTc3NxY2NkenZ3NzI3eWtXaWh0ZmEzVTFkQ2pUS3VXNDZfbTRMZ2d3YmszNmJTUi1kV0pxRkpNYmtFekNT?oc=5,MW,KP Energy Commissions 50.4 MW of Vanki Wind Project in Gujarat for NTPC Renewable Energy Energetica India Magazine
2026-07-09 04:24,K.P. Energy shares surge 3% after commissioning 50.4 MW Wind Power Project for NTPC Renewable Energy - BusinessUpturn,https://news.google.com/rss/articles/CBMi5gFBVV95cUxOeGdoS0ZRc3c0bklSdzB3eHBiODE0N3R6ektQbzZWTWQtaGFHZlpERWljT0VrTGo1VlI1Z1VqdFhqbU1GeGJtcFpvRXZhMnRaX2wyRmhPOXVBOElDbk1KVXEyTENmOC0tYW9DWUU1d3djLU03RG8tRmRXelpBS1NrQzI5bEhWUDNkT2pPVTdzTThGelB0WElCMXNqRGl0eEhyT3o5R3drc0Q3V3Q4YjFWbWFZM2hqLUpsV1JpMHppOWU0N3EyS3lIT2k1bFI5MmF3bkRyTVd0MnpQS2s1eUhzNXZxUXBlUQ?oc=5,MW,K.P. Energy shares surge 3% after commissioning 50.4 MW Wind Power Project for NTPC Renewable Energy BusinessUpturn
2026-07-09 14:20,Ørsted have just announced a long-term PPA with Gode Wind 1 partnership - 4C Offshore,https://news.google.com/rss/articles/CBMiuAFBVV95cUxQcTVoYXNVV1BqZXphWjlDSjlzUXJBUVo5U0dObDE0a0lrWEo0V1JJVFBTOWl3bGlmRGJfaFg0RXhVTXFFSlQ5WldnTVJVSUs3ekQ0anRLbnVHem84YnNwZnhZZzVkTmN3dmJscE5uWnRfWE5XbVVCNTV4TE4zX3JIVlZoalNVMHBGOTNIVkR5anR0SkQ5WXZWU00zelJVQUVINXpkYzRIWW5rTmI2TWpzc0Q5M2FOUUlX?oc=5,"offshore, partnership",Ørsted have just announced a long-term PPA with Gode Wind 1 partnership 4C Offshore
2026-07-09 08:05,Taiwan reviews offshore wind policy - Taiwan News,https://news.google.com/rss/articles/CBMiWEFVX3lxTE81aThaU3pTMnQzV2UxeVhWZTVnSkNWamE2SDk1emYwUnJ1ZWt3ZDNXX1FEQXh5V3JiT21fcFdJb1VXRWlvQTN4MXBlU1dBTUNSRGVxVlVOQ2s?oc=5,offshore,Taiwan reviews offshore wind policy Taiwan News
2026-07-09 13:45,ACT Blade secures Senvion MM92 certification milestone - reNEWS,https://news.google.com/rss/articles/CBMijAFBVV95cUxQeWI3eG1ESGRTNUdrMjJhelJ5Y0pHR2pfNHl1Zk5zem5PNXJWTndhZUhjRlpOODF5cDU4Vzhlc2Y0ZzhYcVNCZFVNY2VnNEkyR1dXRnNwSGNDc3R4eUc3UTA2TjhlUXd3TlZhNTRONkFMV3hYdTRYZ0JRSE1EWk92REsyWGc4LTRVT1o4SA?oc=5,blade,ACT Blade secures Senvion MM92 certification milestone reNEWS
2026-07-09 10:25,Cause of Siemens Gamesa blade shipment disaster revealed - Recharge News,https://news.google.com/rss/articles/CBMivwFBVV95cUxPcXR1RmFsTXNBMVNJTmEzQU9xdFNEUExVREk0T0hvTkJkT3RjVWo1TmxnM2VXTUdaeWt0MnV3NXNrUjdZTGJJeFhieFRjQUp5SjRKVHY0Q2FqeFczcjBEXzFRbUcxYVVjRWFYQ0pYOXZNN21CS0pYOEdSYS1xZkhQMERXaWNqX2M3YzlJWXpET3p5ZmR3dHU3V3I0R0lCYXJqWnp5bWRidXdHbEI2OXFQNW9hZ2dOLTBTTURzWHRXYw?oc=5,blade,Cause of Siemens Gamesa blade shipment disaster revealed Recharge News
2026-07-09 10:07,Philippines pauses first offshore wind auction - Wind Power Monthly,https://news.google.com/rss/articles/CBMimwFBVV95cUxNQ1Fqa1VnTHMyODFlUUVsRjVLamlFeFZKU0NUelpVUlFKVGFQSU9uUG1QU2FqeTctZ0RUcXdZUmNpSjZySVpLc2Q2RjRCMU9SbnhjUE5TMUpZOUxGSGhmVVU4YkJnb2w3MFBNV21OWU9jRmhfTExCQkQ1LVZFWTJjYjhtNmpYaUlXdVBEaVNselJVUkszZnJYOE5ETQ?oc=5,offshore,Philippines pauses first offshore wind auction Wind Power Monthly
2026-07-09 12:52,Oklahoma Solar Hits 525 MW as Google-Backed PPA Model Reshapes Grid Finance - Tech Times,https://news.google.com/rss/articles/CBMixgFBVV95cUxNamR5amRkU255WTlBQmR4QzhkMjV2Ymw5OEh4Nlprbm1sWVVtOEdlQUVhSFdwcEotSGZLOVZBUXdzOV9PYXA0cmk1dUQ3WVgxUHFOdHVqRnY5OGlKMWQ0TDRlS0d3YkFueVVwNUZMdmc2bDdmcTBISjdpWGp3R2VtVUxPOHVGck5rT1htTWY1S2REd2Y1bUF4S1g1NXY5SF90b2dhOUxRNzNaNEJXXzdwNXBEa1hmTjEyYzN6LUdSQlZOdThqN0E?oc=5,MW,Oklahoma Solar Hits 525 MW as Google-Backed PPA Model Reshapes Grid Finance Tech Times
2026-07-09 11:32,BP plans withdrawal from Japanese offshore wind project - Splash247,https://news.google.com/rss/articles/CBMihAFBVV95cUxPekV2OGRsU1BRVkpwS1RYUFRHY2w4NUlqOVhteTh1ejN2NXFQRjc0c1dTTmxHVDFHZU9MSWd2TUtYVWNvWlRoR1RfNjZaRzY5YWEzWEZLaFE4Q2NtUEtMZmJ1UmoxMGdwNGVTUEM3Zm8ta3g3MFZHNUVxR2M3N0JNbUpxVWk?oc=5,offshore,BP plans withdrawal from Japanese offshore wind project Splash247
2026-07-09 10:42,Vår Energi Gets Clearance to Drill Wildcat Well in Norwegian Sea - Offshore Engineer Magazine,https://news.google.com/rss/articles/CBMipAFBVV95cUxNWGdkM091ZzJ2SzhpYURfdU43eDcwS01CN1I3N3ZBZzdmYkhrY2VqZWxHS0ttWXhsUmpPVDh6MktPRXRpNWptajBtc1B6NlZVU2l1bTlPX01wazk0Qkc5YldLa0JnelBhUHMtUVpLMVE0c0J4aVVrbW44SGpobGxqRUpzam82QTVTNnJmVVljTHlOSlF4NzRsQ1dFTDNWeXVNRjVTTA?oc=5,offshore,Vår Energi Gets Clearance to Drill Wildcat Well in Norwegian Sea Offshore Engineer Magazine
2026-07-09 11:36,Saipem Taps Fugro for CCS Development off UK - Offshore Engineer Magazine,https://news.google.com/rss/articles/CBMiigFBVV95cUxNVFd6cWFGS2xyQS1SM2Nhenp2YTZWLWw3X2ZkOVN5S1FLcE43S053X2loZkdUcko3RmVXR1Y1d0t6Y2hyODY5dkR5eWxoZXRCRGh1LWhHb3VsYnpqc0F4YmhOZTc3RlN6dnAwU0pwU05ibTdoUkpkcUxLbkFoQzg5OVpNTHRkbVBONXc?oc=5,offshore,Saipem Taps Fugro for CCS Development off UK Offshore Engineer Magazine
2026-07-10 12:19,Vestas secures financing for Japanese wind turbine factory - EnergyWatch,https://news.google.com/rss/articles/CBMia0FVX3lxTE1ZWUkyVEpSdE9FYlZuOU5zdzFyX2FGQzRHWTVzY0dmSFUwYkdRVnE0UlhQeDRMdzE2XzVjdzdGRFM2TmhNYUQ0S05XT1hySnVtbmIxYXh5TmJtbzdpUmtkVEhHanYwdUhjdkZn?oc=5,"turbine, factory",Vestas secures financing for Japanese wind turbine factory EnergyWatch
2026-07-10 07:22,Vestas snaps up 272-MW Tasmanian wind project from Ark - Renewables Now,https://news.google.com/rss/articles/CBMimgFBVV95cUxOUjQxbGtPeC1KZWxiNkl6aWRVc250cm9WZUZqZ1lIcGZhTXpqTTNFWVBIeGl4dkozMWVjQ19IOXp5QUVFSDlsX1pxcjRYYm5wVEhTb1RUM0cyb0hCSkoyVGdTVEdEOXlleTdGeGFmd1FZTFhlamhhMEVJcW5sZmdNWVFOMDhHMmEzbVAyMzN0bW5QajZFRUJPZmRR?oc=5,MW,Vestas snaps up 272-MW Tasmanian wind project from Ark Renewables Now
2026-07-10 11:01,Japan backs Vestas local nacelle strategy - reNEWS,https://news.google.com/rss/articles/CBMihgFBVV95cUxOVk5mOGpWdEhQUmxqVWhKbFZ3VXd5anBhb250N09xN3hZRjI4dWxoN0ZaU19zdGFsWjdQMnpLRVE1WjFWdWp2dk5hS0pEakJ6Qkd0QnZsODdFTmJtNXc2cmFVdGJnZnhLVS1qaW9Pa1dFOHJmcGxJR1BabW9NWGx4Qk5PZFZDQQ?oc=5,nacelle,Japan backs Vestas local nacelle strategy reNEWS
2026-07-10 03:39,"Vestas Completes Turbine Installation At South Africa's 420MW Northern Cluster Wind Project, Marking - Trendsnafrica",https://news.google.com/rss/articles/CBMigAJBVV95cUxQbGpwMlJCUkJJNG9zcHN3V1Z6NFhJZUItWklQcmF2YkZ2MkNtbnVpSDBhdUtfeUgtVjNmZVpEanNyeC10N2ZwRXduaG51dW5iWnBYYnpzbmZnd0ltQVd0RkZoeTgtZEZwdFhqV1A1LWhxVFZrRE92SGgtd3B3UGNVeFBuTzdwRm5tM3JHLVZ0RW9vbFZZclg4TXl3T2NOTzVSZG9KMnFTVmVxbUtDbmRaOHdNakVmejhUcU9yd0JTLUpHTnlKNU1pdkpTMTk2QXFPMUdFX0ptaGNUcndwaGpNY05NcUd3dEF4U0FEa0lEc2tKbVF1M2xzV0U5UmkwbmZh0gGIAkFVX3lxTFBNNEdwRVhNQnFSd0FISVZiSnpvVlFSclRScTVxR1BHOGJxTmQ5UHhROXc0Y0NYamRQeW9wd1lsRG5ZZDBhMEZobHlzVFY2aFRmYzB5VEtkV0w1QUVSYWVOdTY1a01mOUlseFJBRGtfNS1rNzE1d2wwUjFHenlvQnd4Um1uTG9INU03a2dna3NPWmdfbnNubkh6RThPcHo3ckltdHpERHFiYU5EU2I3NUtkUmFkM09vU1BEcmJWUWdocjZwM2hFcnF0eDU5dm9Vck40amtqbl9iTFVqeGJRbmktRUlqSW9DQzlkVEs4WjFRSHl2amI3NUFxaUs5Mkt3UVpKQnprUGxONQ?oc=5,turbine,"Vestas Completes Turbine Installation At South Africa's 420MW Northern Cluster Wind Project, Marking Trendsnafrica"
2026-07-10 03:16,Vestas buys 272 megawatt Tasmanian wind project - grafa.com,https://news.google.com/rss/articles/CBMiiwFBVV95cUxNOU9aQkE3WEMtSm93NFZxUlh5Mlh4ZDY5MTl4SFpvclBBbndqRG9DR2duT0JDazM0Zk5zSEVsWGN4RmdRQVdsU3pxSDNxWHp4VnVLbTJCWTRwWU1mQVNhdWlBSFlfeEN6SkRWb3g2dVhuTk8wV2dkYkJURURBbUYxaS14ZlR6b2Yyb1g4?oc=5,megawatt,Vestas buys 272 megawatt Tasmanian wind project grafa.com
2026-07-10 01:46,Global wind giant snaps up state’s “biggest” wind project as turbine suppliers turn devel... - Renew Economy,https://news.google.com/rss/articles/CBMivAFBVV95cUxOQVdTdzJqS0FfVW50RUN1Q1ZmZzZRcGVtLXR1dmxIRU94Zm9pUkN2ODdTSm5fcHpYSnAzbmRjdVRXbDdjanZxSUVFS2VwaGdBUG0xOFdBcTVxQjNZVWw4ZGhucXc4MURkWVc3Q3hudmhPNE1QejZYU2lHZC1zSFl6Vkg2Z29lQTZZZFFLbXEzeXNsSk1ONTVVTk10SldYUTFsMHdxdW9CbVRSdHVrME9lSFlsSmhZUTQzS3hSV9IBwgFBVV95cUxPNUJobkF6X2R6blJZOWl6b0RkOEpqY1ctQy12bE5zVnpKWWFmNFlFeDVNQVhrV2RpOXZ4bXZOenozeTZQVWZJU3UxUjF1LXBxWGw3WktKUUlrNmFCREdsbWdLd0hWQUxVa0xhUWFDUkVGTFhFMEZsM0ZqUGV4Y3pKUk5JbGt1aFBSRXV1MjQyWW10a2t5SFd3aDJwQlJpTVowZHdoVG1Cc29vLWl3WFBPSWdRd3gtcnh6a3ZmQy10bzFRZw?oc=5,turbine,Global wind giant snaps up state’s “biggest” wind project as turbine suppliers turn devel... Renew Economy
2026-07-10 09:05,ComEd substations unlock 550 MW wind - Transformer Magazine,https://news.google.com/rss/articles/CBMigAFBVV95cUxNWG54QUFoaVI4M200MFl1VkdwbnVBeFJPOEluQjZIV09Va1pQNzl5NU9LZVQ2UDNqSmowN1NnNTJTOUlPeU9nMDhkLUtCUnlVY1FGRWVHZmtSVFV5SjM3QVNsa1Nrb2RiNkZJT2EyMHFWZ3JXX0p4TWFBd3FlSTlZTg?oc=5,MW,ComEd substations unlock 550 MW wind Transformer Magazine
2026-07-10 08:54,China’s Ming Yang plans Europe factory after UK wind turbine snub - AOL.com,https://news.google.com/rss/articles/CBMifEFVX3lxTE1jMWFLQkRUTUtBM2JLS0NFajhQOV9aTGpqOU9VOHhnbTJFVEJSTFlXa0hoMlVMLXpNb1BoZFJHWTd3WDhJR1BnaW96SE1KcG9JeDczYnY5VlBfWWFRRTl0Tlo1QlZTRl94dllXaDlIU2ljbE05Z3k0Qk5GVHo?oc=5,"turbine, factory",China’s Ming Yang plans Europe factory after UK wind turbine snub AOL.com
2026-07-09 22:41,Is Nordex (XTRA:NDX1) A Bargain After Its New Wind Orders? - simplywall.st,https://news.google.com/rss/articles/CBMizAFBVV95cUxPdEFUeEN1cHRrTTVlZGNvU3lFemtXVmJuY193QkZYV3pWSFBILUF5ZXY0dUJXZ01uZ1ZvYkJoMWl4blhXZWJxcFNHM0o3ZXhuV1VSOUg0RTctVVpheVM4VmUxSmNvSDM5X05iZ3lRaEppNndpeHZ1ZGxGOGtRaGFsTkt6OFJ0RE1hVm9USTVBTThjOURVNExlNEpKc1NBVjAxVzRpOEQ4OUduYTNYUXZOekp5Z3UxVGZ5R2QzVlp3NmdGVTg3WkpWSERYVHbSAcwBQVVfeXFMT3RBVHhDdXB0a001ZWRjb1N5RXprV1ZibmNfd0JGWFd6VkhQSC1BeWV2NHVCV2dNbmdWb2JCaDFpeG5YV2VicXBTRzNKN2V4bldVUjlINEU3LVVaYXlTOFZlMUpjb0gzOV9OYmd5UWhKaTZ3aXh2dWRsRjhrUWhhbE5LejhSdERNYVZvVEk1QU04YzlEVTRMZTRKSnNTQVYwMVc0aThEODlHbmEzWFF2TnpKeWd1MVRmeUdkM1ZadzZnRlU4N1pKVkhEWFR2?oc=5,orders,Is Nordex (XTRA:NDX1) A Bargain After Its New Wind Orders? simplywall.st
2026-07-09 15:32,Nordex records 3.1 GW of order intake in the second quarter of 2026 - energynews.pro,https://news.google.com/rss/articles/CBMilwFBVV95cUxOaUZCYTk0SlVGTEU3Nkd5dHF2N2xET2tpd3UxT3dNOUQ0RldsMEZwT1pFR2RMMGZxczBydERLUnZxNmhtYlgxMmZvd2RYejJvX1E5ZHA0MEpKbzZTRVdPMjhxRWVOa3JnMm9NdUFVbDlsU292NUo4REgtUFY0M3lQTE1Va0ZidWk1Q3h3dDRXTW9IS0NKQms0?oc=5,"order, GW",Nordex records 3.1 GW of order intake in the second quarter of 2026 energynews.pro
2026-07-10 06:23,Wind turbine loses blade during test run in Latvia / Article - Latvian Public Media,https://news.google.com/rss/articles/CBMiswFBVV95cUxNREVsYjVKa0VJMEo4VFRPMkFsSEM1VjJ5R2tkR3ZKYUpKdThyMGkzOHBFNUhZM0EyLXhVa1ptRFBWa3hLY2lLajd6ZGN2aXNaRWFjS3dZTGpYSzB6UXc2SmFuTWpSWmNkVTZhYTVNTTFnbzRaNVptaU9fbXRyU1AtUWtaWV93eHFOMnRyRU92LU84UEdxcUEtOGs0WUJhcWU2dG56LWY3RzR3Z1diTEhUZ3p0RQ?oc=5,"turbine, blade",Wind turbine loses blade during test run in Latvia / Article Latvian Public Media
2026-07-09 15:32,Topline and Aesen Launch Offshore Marine Services Joint Venture in the Philippines - energynews.pro,https://news.google.com/rss/articles/CBMirAFBVV95cUxPdDltbHRkY283Z2sxMmdrZ2xOaUI2N3RzLUFieldEemN1Y0JRM2ZSem9KN2tKS2dzc0QyYURQTmU0SEl0bS02OTAzTTR0VjVQRE96YTFOM0Y0Q0wxazU4LWM2cngteExvX21MV3l2RFBUSW1QVnVZdVhHa2ZyVlJaT0ZUWGhodGRHb1l6ZllZSXVnWjFmUFVpeEN4aGNVU0xzaU0zQk0wSTMzbHVV?oc=5,"offshore, joint venture",Topline and Aesen Launch Offshore Marine Services Joint Venture in the Philippines energynews.pro
2026-07-10 11:00,KP Energy commissions 50.4 MW wind project for NTPC Renewable - Construction World India,https://news.google.com/rss/articles/CBMi4wFBVV95cUxNU2huSVBCbld1QWRVVEhLaXlNN2NEUWZocHR3NTR4dFcxempEeWVaVXo2YTZxWFJpcFZhaWRCcHg4UkFXVS01NVQ3Z19tYnllX0ZOWUhLTmd3UDFaNFF5ekFnZnBDRFg0WVdtX1U1dFdWckVuVV9teVdWRW1jdTFYbXI0RXdOakN5WElYOUxwZldtbEdpcFFZeG1FSVBxLXctaG83SW5FYVh4RGN5bnlYcVZsc1BiNkw2R05rel9YY1NsTUV6cEtQSVhlek9sYmFxa2NycE9oQ0NvS2ZheVI0dVY3TQ?oc=5,MW,KP Energy commissions 50.4 MW wind project for NTPC Renewable Construction World India
2026-07-10 06:31,Ørsted inks seven-year PPA for Gode Wind 1 offshore park - Renewables Now,https://news.google.com/rss/articles/CBMimwFBVV95cUxPaXp2bUpiVGM1V0pXejBGOThPcTctM196UERxc2otcnJZSmJIWHU4SHJLeTVGdDQwZjZYTjduOWZOS1ZoSzY5LUZVd2phOTVad3NpemZBTV9FcEpJeGlkbDBxcGl5QkxyeEc5aXJLdE4tanJpWmdmSEJTT0U3MVc4SmEtc2M0UGNKOWxNZm5lMnpLSjN4NzZtV0dlbw?oc=5,offshore,Ørsted inks seven-year PPA for Gode Wind 1 offshore park Renewables Now
2026-07-10 09:30,Northland's Baltic Power Reaches First Power Delivering First Offshore Wind Electricity to Poland's Grid - Yahoo Finance,https://news.google.com/rss/articles/CBMimgFBVV95cUxQVzRIbW9qelpMbEdpZ0lCWDRZazRBeTNNQW9OeUJhcGt6NDFTUkZHLUtpeHFRTUxhNzZDamtTcU1aRHM2Z1E0UzRZMVVtTW13eHU1NVRiNUZzMWVqck1iWjdkYW1Rc2RsQnJBWkVhYTBCSmJsSVAxVUxVcmpDeHJjcWpQZDM3ZmktaDZnZkNMOGhiWFpxTlJxNTlR?oc=5,offshore,Northland's Baltic Power Reaches First Power Delivering First Offshore Wind Electricity to Poland's Grid Yahoo Finance
2026-07-10 10:05,Poland's first Baltic sea wind farm tests onshore power route - Reuters,https://news.google.com/rss/articles/CBMisgFBVV95cUxPWWJqZVhYRi1NMTg4MVNfUnJXU1ZkSWlVb3V2Y3pFVXFGTEowNVZncTdpZzlmcUtBc0Jfb1pIY0JHQ05UcUtfUmV1MnpHYzhLQ1JjOFZ6REUtbDRLOUM5eXFlb0pQVWNIejBYOEhBU25fR0daTjhkMUpRRGI1SnFNQnBvOE9VSnktTGdwckdjRlFteE10anFfYUxacEw4b3NqaW9aVDZxQ0Q1NU91STFBWkx3?oc=5,onshore,Poland's first Baltic sea wind farm tests onshore power route Reuters
2026-07-10 04:53,Offshore wind developers pray for bipartisan support ahead of key state election - Renew Economy,https://news.google.com/rss/articles/CBMiswFBVV95cUxPRmpIWVV0TDlLXzY1OE1Cd1o4TjBhRWtSSmRvRWltcmZWRFlncGdtUVZReVhNSUpCclNNbmxxWm8tZWFCYVc5UllxaEVXeklMcWR6X2tqNTFXd21zZjZpTzV5WlI5d19zUVlaVkV1SVFWNXZScm1HSU5GdVd3Y1lnbVRqNHZwSFphTXN5YzY1djc1dkstWlU2aG1wU1FpNmEzdUpzSU1HWWJ5U01IdGpEdXd0Y9IBswFBVV95cUxPRmpIWVV0TDlLXzY1OE1Cd1o4TjBhRWtSSmRvRWltcmZWRFlncGdtUVZReVhNSUpCclNNbmxxWm8tZWFCYVc5UllxaEVXeklMcWR6X2tqNTFXd21zZjZpTzV5WlI5d19zUVlaVkV1SVFWNXZScm1HSU5GdVd3Y1lnbVRqNHZwSFphTXN5YzY1djc1dkstWlU2aG1wU1FpNmEzdUpzSU1HWWJ5U01IdGpEdXd0Yw?oc=5,offshore,Offshore wind developers pray for bipartisan support ahead of key state election Renew Economy
2026-07-10 09:08,Cable storage and offshore service hub for the Baltic region - Maritimt Magasin,https://news.google.com/rss/articles/CBMiiAFBVV95cUxOTHlOUjRUUTFLZklTS3RqT09MS2xRZG0wNnJWelFWaXl4WVk4Q1NPWHBYYThuanhRS3pOWEhULU5jT0tYbUxEMHItb01jMFplREpIalJUWDNad0VOR1ZoQmFGZnhUNTVMdFFRMzZYX3dBN1F5NFlVa0xvX2ZHejZzNk5fVXZhS3Vo?oc=5,offshore,Cable storage and offshore service hub for the Baltic region Maritimt Magasin
2026-07-09 18:38,Meta expands partnership with RWE through a long-term corporate PPA for Rabbit's Foot Solar in North Texas - AOL.com,https://news.google.com/rss/articles/CBMigwFBVV95cUxQQzN5QlJUckRYRFpZVjNCaWZXZGpmT0h3VkF3MmRtRFpGRVdZb0JaMWVZdzRPQ2xyeW1hX0kydURSNUxLWjl1dVdYZkJKMUc0OGRiUjJzSjZXY1pmYjFuUi1oMjRQaUFqbzlWYWRDc01KcW1zOWVqTldUZnA5ZzBnRjB3NA?oc=5,partnership,Meta expands partnership with RWE through a long-term corporate PPA for Rabbit's Foot Solar in North Texas AOL.com
2026-07-10 02:18,North East England launches £4.5 million programme to accelerate offshore wind innovation - Review Energy,https://news.google.com/rss/articles/CBMi-gJBVV95cUxPa0pkRTdQQ2FJMHBoU3M4Z25fak94bGZmR0IxRk5xWFVPYnBTWGtSU0tVUmpfX0xBc1QxbGM3TXFnSlMwLXRpdWhIcFFKZWpwNDcxV2Fob3dtX19JWnFrUl9lUl8yNWI1V3g5QXNPMDBSUy0tODJuSmd1WDBQSmtFdDJUS0VBNFpnSUZGNGgteU5qVzYxWWdjSzhNNTY2cXpUWjhyOVhWTmlqaG5zQ0hQdTROZkVRdUxCMTdPeGx2UGxrbFJRSm1wNHhCSU8yMmx1cUwza1Yxc29zaFN5RjVmNURTNTdRWG0yTHhuNVIyelcyblc4QmxHNDQyQ2Y2VjRjcHRXN3JZelltM01aaVZTZTZNU3RJVmhKSmtUZkVwV1FReF9UR3phZkNSdjBNT2ZoWGxITklqeDlMZDZRaGtYR21aVTQzRmEzTndjMGNOa1ZWdGtxLTc3UlV3dGE5Vl9YeXR1VHBUTFFiTjdBQ2gta3d1REJfbTVNanc?oc=5,offshore,North East England launches £4.5 million programme to accelerate offshore wind innovation Review Energy
2026-07-10 08:58,Pacifico seals MOUs to build Jindo OWP supply chain - Ocean Energy Resources,https://news.google.com/rss/articles/CBMingFBVV95cUxOQ2huekgxdEU2TThDazFITE1BaDJhX0s5UldEMFl0YmFxVm9EckpybEN6cEE3OVZKUTljcjAzb1JhUkdjbGxQR3R6bm1wMXhaTlEta1ZTY29xS0o5VmlpZUx3ZGQ2c1dqeU56TVA2MGVFM0xrSENHN2xnRWNqc2hwVkhDRF9nSzlvNS1tVnJiUWMyNm1TX1FlUl93ZE4tQQ?oc=5,supply,Pacifico seals MOUs to build Jindo OWP supply chain Ocean Energy Resources
2026-07-09 17:58,£4.5M Offshore Renewables Accelerator Programme Launches - MEM Magazine,https://news.google.com/rss/articles/CBMisAFBVV95cUxQdDladFRjQ3Zxb00wYmZrSG1yRzlSMktlTXNPVlNWdmRzck1BbVZuT3ktZTFKLVBRVjNuUDVaWERJcGF0VVN1OXgwY3ZLcTZITjV4ZWloYy1jWF92VkIwbllwMVRLWEYyOFRsMTBEbGVGS3d6bmNmNms5XzBFTE1CY1B0NDB5clR1Y2ZLMjNIRmdQRWFGUURUQlhmV05wWWR5Y241VVlDSGdZRVBHMEVVZA?oc=5,offshore,£4.5M Offshore Renewables Accelerator Programme Launches MEM Magazine
2026-07-11 11:04,New nacelle assembly facility for Vestas in Japan - Ocean Energy Resources,https://news.google.com/rss/articles/CBMimwFBVV95cUxPNncyMW1tVWRzWlN0RVlwWGRjeGNxSno3dV8xcC1Gd2NKME0tVmJWR0h3eDd5MUpMRnJnRnpyMl9FYUxxRjY1eVlPeTBaalljZlN4bGVnMHVQN3BYTmNEcjFMYTJkd2lXd1M3UVBEZ012ZUowV1U4VVgxSi1oXzhYVFNrY3A5N19KWkQ2YTBudy1OdjBHQ2RvMFpjYw?oc=5,"nacelle, facility",New nacelle assembly facility for Vestas in Japan Ocean Energy Resources
2026-07-11 12:49,Baltic Power offshore wind farm delivers first power - Ocean Energy Resources,https://news.google.com/rss/articles/CBMinwFBVV95cUxQaC1BazBuTmE4RFY0QVNvTnBtSDF3SThGWnlnVUhFMFh3WXM5X0hjai1sQWJEVHBNbU91SVd4aDBzRTdqR0F3MW90N1QyWWw5WXJKZlNRQV9LUUZNSXJUdlBEZjVhdDJlVFRaWnFUci1kY04zeGdYZTVfQUx3Unhmd2FtbEVTblROcXZVblhwdjVheF91aU44U2R2V3E0UzA?oc=5,offshore,Baltic Power offshore wind farm delivers first power Ocean Energy Resources
2026-07-11 11:16,Vestas EnVentus V162-6.2 MW by Vestas Wind Systems - modular turbine for complex sites - ad-hoc-news.de,https://news.google.com/rss/articles/CBMiyAFBVV95cUxNbzZNT0V0S2plbFNHNE9rMDB2N1JEXzlOZEtXN21DWE9rS2xEZzREd2taYXdaR2hnOGtPQ3FJUlJicmtPYjVRYmhIRjZHOWlJc0Zqak51R2VseC1lYmpQLWU3TVdwekJfOGZzWWxZTzNnSk82LVhvMlk5aEZJZGpxcFVkb25tSnBWRmZzRkZnZnltWXlaMUZtOFROWnozV2JjQzlqUm1jdFdCTXlXbzlsT3Ryd29WYlFMVU5UaFdidEx2aU94aUFqVw?oc=5,"MW, turbine",Vestas EnVentus V162-6.2 MW by Vestas Wind Systems - modular turbine for complex sites ad-hoc-news.de
2026-07-10 20:20,Onshore Wind Market Size to Grow $321.14 billion at a CAGR of 10.3% by 2035 - Laurel Leader-Call,https://news.google.com/rss/articles/CBMihAJBVV95cUxOQnlBbGRRUmRPb1NYMl9wUXUxbWQ0UFRwNkR5OTBNakI4enI3ckVmWXRLYm5XckVzVzRjUVczcGt0Y0hTeEQ0NE1EaTg0cVhFVkV5WWlrY3dEbktiOWpyQ05iaDBhUkI2M21HZUs1Wk1PMXBpYWtpY1NWRGhqS0NSbkhuelVSMzhzNDNMWG94OW4yajRicElWdzB0ZVhqZFRJeFAxdlNycGVBX3JjYWZJN083Wmo2MHU1ZENtU2MxbGFWeWZoMF9MMV9uemNySDE1Z1I0Y3FLRzAwbVpPbWFKREJtNlU2c2h3Ml9vN1pmcXZmR2RZZERTNXhYNGRvYVdNR3JybQ?oc=5,onshore,Onshore Wind Market Size to Grow $321.14 billion at a CAGR of 10.3% by 2035 Laurel Leader-Call
2026-07-11 06:25,KP Energy Starts 50.4 MW Wind Power Project in Gujarat - SMEStreet,https://news.google.com/rss/articles/CBMilgFBVV95cUxOWFFOZXYyRnl1b21ITTF5QjdLdUQwMWdyeEFqRlNPQlJPZ3hSUlNEYVlrMlhMMjlHRFJ5Wmt4dEN0UDBGVEpnUUVCVnA4NDhaU2dfcGhqd2pUb0w4Mk5zcmVueWFzNDJlMmhYaElvSG1RYUtGU2JWMlVRMUluMFhEOWtfRDROOVdyRWlncDRTTWlHOVo1alHSAZYBQVVfeXFMTlhRTmV2MkZ5dW9tSE0xeUI3S3VEMDFncnhBakZTT0JST2d4UlJTRGFZazJYTDI5R0RSeVpreHRDdFAwRlRKZ1FFQlZwODQ4WlNnX3BoandqVG9MODJOc3JlbnlhczQyZTJoWGhJb0htUWFLRlNiVjJVUTFJbjBYRDlrX0Q0TjlXckVpZ3A0U01pRzlaNWpR?oc=5,MW,KP Energy Starts 50.4 MW Wind Power Project in Gujarat SMEStreet
2026-07-10 19:00,"Equitix, Nuveen and TRIG sign long-term PPA for 582MW German offshore wind farm - Institutional Real Estate, Inc.",https://news.google.com/rss/articles/CBMiowFBVV95cUxPTnpKRnc2c19KcklXVmhDOXZPODNfVGNtS1ZoaEpmOW5QcGo1NWkyZno2SnpZZWQtY1lyUW9hTENtUlJFZXZxekpuZFBTMWJINkU2ekpGWkpIazJadl9PT2UzTm9RVEd2dWtKck9iVk5nNWVJN2JIYl9ZSVo3d2k2UUpRT0hrYnNjYnk0SzJmRTBWZDRySDRJTUxIZXF1R05FanNN?oc=5,offshore,"Equitix, Nuveen and TRIG sign long-term PPA for 582MW German offshore wind farm Institutional Real Estate, Inc."
2026-07-10 16:29,"Saipem, Subsea 7 Undergo EU Antitrust Investigation - Offshore Engineer Magazine",https://news.google.com/rss/articles/CBMikgFBVV95cUxQbHFSTEhDZUR3X2hlU05EVGd5dGZqUHp6blZnMHA0RGhnbWZ2UlV3NHdfYVdxQ0Z1SnVobVZpVHNsQzFLaGpTajNFV1dCaDZHNWpsc2NTQXRHN3R4eG1TRjFtallhV0JmOWlSUHY5RDJwdU02Wmg0S2o5ZExhVTI0akpiZEFoYW5zYm9ENmw4MHBtZw?oc=5,offshore,"Saipem, Subsea 7 Undergo EU Antitrust Investigation Offshore Engineer Magazine"
2026-07-10 20:22,Survey contract awarded for UK’s first carbon storage project - megaproject.com,https://news.google.com/rss/articles/CBMiogFBVV95cUxQVUV2Q3VKdU4xQ3hXWXZKZy1aOTI0ejZqS2NJZVlQODZKWHNyVzhoNWZsOXJpRGhENXJONGI0cWdJcE1uWmQ1ampWWi1hbnJTamJ4MllUUW01Rk4teGo0NnkxUWt6OHBGMWFaYm1CQlpSQmFIZXI5R0QzQXhCRFJOa2o4bEJLMkhrOTRJLWZUNEJib3dBZXpzSDRNbUlPNFlnWlE?oc=5,contract,Survey contract awarded for UK’s first carbon storage project megaproject.com
2026-07-11 16:27,Vestas secures 200MW turbine orders in Germany and Italy - MSN,https://news.google.com/rss/articles/CBMixgJBVV95cUxOV182TmQ2MExHLURHVHhNNHhQY29qNGFRZW4yZXNUU3NXcnFRRVRCQ3NrVk9aYW9tVnpsSDRjajFJWFlyX3hOQ2xPcTNxeHl6X2xGQUpDelNnT2FyRk1iQnplLS1KTEJia0tRcVJ4RTB6UmlBQmJYRWtaYm9GSWtWQmhmU1FSNTJpY0x6UW1PM3l4YmdQVmxxNGQxOHpXUFRzdUtLbU1jdl9fMTJwcW12aFNCWllhVHdqZHVrV3ZyVDFKWk96QjFpamw2c1lVOEktOUIwMmxhMHhaVXFSVVR3M0ZwV0xmeTc5dk1iU1lSMWRhX05nNlUxbzhockRKUXY2MERhVmV2WkNqeVpQemR5R1VXUlkyd0NRazluU1FTU3JGYURjeGtOSGtyeWJpSGVwMTI2V1pTQ1N1RE9KcE1JTk1iNUU1Zw?oc=5,"orders, turbine",Vestas secures 200MW turbine orders in Germany and Italy MSN
2026-07-12 09:34,Does Chevron's Joint Venture With GE Vernova Make the Stock a Buy Ahead of 2027? - The Motley Fool,https://news.google.com/rss/articles/CBMijgFBVV95cUxOLXlGSlg2a3hLTzc3a0VFN3pIaGs4YzBLVjZPbHlMVk9lUV8tUnJ2OVQyVk1VcmNEZVBEMEVkZEY4NHgzQjRPNWZBMHlZTGVZakJzdFFQZGpQanZWMktianJQenhZNHlvSm1qQlpNa0ZiM04yZGx5VHhZOElJaGFjNnVxTHVpQmF6TF8xbWFR?oc=5,joint venture,Does Chevron's Joint Venture With GE Vernova Make the Stock a Buy Ahead of 2027? The Motley Fool
2026-07-12 09:54,Ørsted inks seven-year PPA for Gode Wind 1 offshore park - Ocean Energy Resources,https://news.google.com/rss/articles/CBMipAFBVV95cUxNV21zQjdrTUxrRlJSOXFqMGYtMHloWUtXUHZsb2dqak9CZHl3YThnR2hhdFppdGhQUDcxYktycnJPSDNWaGtnYXp3aUgzMFVnU3lzMnFtYkV2WDE4dDlZSEZwYVJBbTVPZ2d2ZVN4OVl4aHJDb1FtTzNfQkFwZFVKN3FmWlNmTjQyZVUzdjlOOTJiWmFEdDZ5V2tLNVNSWEhwRHJnbg?oc=5,offshore,Ørsted inks seven-year PPA for Gode Wind 1 offshore park Ocean Energy Resources
2026-07-11 22:20,NextEra’s Acquisition of Dominion Energy Would Result in Corporate Mega-Utility - Truthout,https://news.google.com/rss/articles/CBMirgFBVV95cUxQOTI2cldxem05MTN6elg4N0R1RmJaQzhBR3c3U3h6bVd3T20wZUl5cGpZOVpCcjlVRW9Xa1BnTzMtRUhxUjhHMzQzR1p0QWxLWF9JU05tQV83aGx5ZGJwYXctbG9EOW1TU0dTeE5QMUxhUDZQbXl0bkJpbkVaNUVpY3ptZ1p6OU9XTXduRlF3eFE4Rlh6U2c4UFlrTmZxdzdrMGQ1aDRnUU9kUTNla1E?oc=5,acquisition,NextEra’s Acquisition of Dominion Energy Would Result in Corporate Mega-Utility Truthout
2026-07-13 11:09,Vestas plan to move nacelle assembly to Japan wins government backing - Wind Power Monthly,https://news.google.com/rss/articles/CBMisgFBVV95cUxNM0RTY0hlMjhIN01WeVg0SENMa3dRX0ZVdGNGYlQySXM0Mm1KajFzcW9nRXZ2RlJNZVhGVHY1TExjaFFNWEc0TGlSZVdkSjctODFhZmhrOFM0eFVxX1lzc1BiZXhCOFpGVUZPMmpNcDNWV055a21fRVdwa0trTnZlRi0xcjhnM2IwRmxlVXpuemFQUDJVTFdSNG9PeWxYQ3NjX25qR2ROTWhsZTZDdld4SHhn?oc=5,nacelle,Vestas plan to move nacelle assembly to Japan wins government backing Wind Power Monthly
2026-07-13 08:22,CS Energy sells stake in 228-MW wind project in Queensland - Renewables Now,https://news.google.com/rss/articles/CBMinwFBVV95cUxNbzkxR2FFLWg5ZVdhbFRybVJKclZBZ3k5YXBsdXlNQ3JxdXh4aHE4WVhHQ1lzdm8tZU13a2dfZVhRN19ySjlrQTd4enNjMjdGX2tuOEJoZ0lBVWRwVk9fdHZOd0Zuc0tPTmpsREk0dTc4WnhoUTlKRURwOU40MlRQbWRtU1VqeE94VFljRVNaaV92dTV2THJvR2JVQmUyb1k?oc=5,MW,CS Energy sells stake in 228-MW wind project in Queensland Renewables Now
2026-07-13 13:49,EU approves aid aimed at massive French offshore wind tender - Recharge News,https://news.google.com/rss/articles/CBMirAFBVV95cUxNMUtsNFAyUnFMYUx4N1RrTE1LdktkN0trZVlRUHFVSEc0NFFvekdYV0xRbEQ5NDhpYzAyejQ3QUJCWERXQmhqRldtd3NhNVljUV9OTmNiOU9FNG9lYnpucnNvR01pUHF3TVlzTUxqVUxES0RlLUFJX1pPQVd6bE9TZENQdU5odllmaExsY1VNU2NEU2VQS041N3NSVGZ6M3F2bnFzN3BmSHFHekNJ?oc=5,offshore,EU approves aid aimed at massive French offshore wind tender Recharge News
2026-07-13 07:04,Orlen and Northland send historic first offshore power to Polish grid - Recharge News,https://news.google.com/rss/articles/CBMiwgFBVV95cUxObllWbVM1RHZlMXZFLTl3SlhxUDBZSVlKWTluQ3hnT0JnNUlIempRTXlBRC14RWFJM092UGw0T2l1QUlTclhUWk5KWVlyTi01LUdjNzBpZ3BsSzA5MTV3MFUtTXA3cWZOVF9vSEdwQmZkRWlGUUFhRF9uTFJBOWMxOEhBLVh1M005d3ZvdloxMDZQQTBtU3BGV1p6S0ZrbUFMdU1uMVVHVWVhd1pWX3JCYXNGQmJLNFNIanhvWHNVTmpkdw?oc=5,offshore,Orlen and Northland send historic first offshore power to Polish grid Recharge News
2026-07-13 11:07,UKA Group Expands Wind Portfolio with 900 MW of New Project Acquisitions and Investments in Germany - WindInsider,https://news.google.com/rss/articles/CBMi1gFBVV95cUxPaHhvUTN2aGkwcVhvWUdreVQ0MVBJY1d4N3BRbGExMjljNzlUNHkzR0pETGFrb05RQ1Q3WElORFFvM0VaRTZLMDJFN2htWVJSdVlHS3NHS09SZVVfYlJCb2tBd0Jyb09ZaVZUZmJ3aUY4MUpuaFdBYXh1bkZySDJqT01WV2FpVTFZNThWVkxRWmlzRV8ybHlwTWgtV211dGVETG1XVEdoVnp5YU1FaGIybGJxdWczYlpySVdOSGRrYmZTYld2SnhYckJuQTNqQ0RlRDhLaTd30gHWAUFVX3lxTE9oeG9RM3ZoaTBxWG9ZR2t5VDQxUEljV3g3cFFsYTEyOWM3OVQ0eTNHSkRMYWtvTlFDVDdYSU5EUW8zRVpFNkswMkU3aG1ZUlJ1WUdLc0dLT1JlVV9iUkJva0F3QnJvT1lpVlRmYndpRjgxSm5oV0FheHVuRnJIMmpPTVZXYWlVMVk1OFZWTFFaaXNFXzJseXBNaC1XbXV0ZURMbVdUR2hWenlhTUVoYjJsYnF1ZzNiWnJJV05IZGtiZlNiV3ZKeFhyQm5BM2pDRGVEOEtpN3c?oc=5,MW,UKA Group Expands Wind Portfolio with 900 MW of New Project Acquisitions and Investments in Germany WindInsider
2026-07-13 11:53,Ørsted signs PPA with the Gode Wind 1 partnership - DredgeWire,https://news.google.com/rss/articles/CBMifkFVX3lxTE9jbG1USkNKOF83NktCOFVBZUQ5b0FvRUl6WkRDQmtsbjZwQXc4WEFqVUw0N0VJSGxXZFNyRDlrWDRibmptOEtHUTBiVEwtTU4wR2lDOG9yd0lMYWJJWVc4ZXktbUJmY1A3Ymp6akxsNnhqQjVoRFZfTkdMaGhBQQ?oc=5,partnership,Ørsted signs PPA with the Gode Wind 1 partnership DredgeWire
2026-07-13 09:45,Orsted stock holds steady as offshore wind strategy shapes long-term outlook - ad-hoc-news.de,https://news.google.com/rss/articles/CBMixgFBVV95cUxPUjhzOFBLLVhWWF85UE5jNzdBOEliZGJFbnpiYm5SSkxpX3B3azNXWW9iRGZ4ZU9CS210WlBVa29iSDYwUDFCQS1VbnVucUlFbjBFcjhzV3FXV0ZEbFp4SXFaZUFZWUhNSm5hV0pnb2cyZDE5S0NsRDdhUWFMaGxaX0RQZlJTbEU1dTdjMk83bUQwVnRfel9MaFByV3V3QVNrbDhUYlRCSzR5R0hBZXY2d2s4UW9taTBrWjVKWnMxS1NibTBEZlE?oc=5,offshore,Orsted stock holds steady as offshore wind strategy shapes long-term outlook ad-hoc-news.de
2026-07-13 09:10,Cadeler Announces Signing of an EIFO-Backed Green Term Loan Facility of EUR 247 Million for Wind Apex - Business Wire,https://news.google.com/rss/articles/CBMi7wFBVV95cUxPVlB3QlVfa3FtSTlhYl81WjVuMlRYdll0RnFqNDcyYnVaSkZwbkZhMjR2S2NLTVlWNDFPQjdVMDk1NzdZM3R4OFJmYzZhcU9qck1BaHBhQWtuanJITjB1OFhfaUlER1hoclpSSEJKZm1vNVdENlV5ZHRGUTdYUXZUOEJNa2ZzM1oyX2FHbnhxTk05VVZfdV9FZ1lPbnhyWV95MFFiT2R2Q1ltRS1zUkVtME9uWUI2SzhRMHVVYWdKalJ0T2ZqQ0FQdE0tSUlTeGFPaVhyNnhPdXllR1d4OURSSXpVSVVXYXVCbU1RaDNvUQ?oc=5,facility,Cadeler Announces Signing of an EIFO-Backed Green Term Loan Facility of EUR 247 Million for Wind Apex Business Wire
2026-07-13 04:07,Equinor and Polenergia complete half of turbine foundations for Baltyk 2 and 3 offshore wind farms in Poland - Energies Media,https://news.google.com/rss/articles/CBMifEFVX3lxTE1lZWlwOV9RVXZWQjFTWl9MTFpMVzh2elRfTzgwTTVqVUN6NDdSc2w2MGphYVFhQzlfckhvZ0F2aHlFMUdjX3Bzc1hPUHVyLU12TnZDNnV2WFg5RHRDTE55OExZbU1KbUJuOEVBUkd0QzRRLVdsSU01WFVHeTk?oc=5,"offshore, turbine",Equinor and Polenergia complete half of turbine foundations for Baltyk 2 and 3 offshore wind farms in Poland Energies Media
2026-07-13 07:55,"Floating wind is in a ""fragile state"": Two players' two cents on the market - EnergyWatch",https://news.google.com/rss/articles/CBMia0FVX3lxTE5NTG03QlNDZWg3Ym56WF9QRXhZWnJsTGV1YWFNRmlIbFJyVnRrek4ybVh3S2FockpLREJicU9lNUc5MU5GUEZnVk52TlROYS04aURobG03SmUwMmVpc25TeWFHNm51bzF5S1JB?oc=5,floating,"Floating wind is in a ""fragile state"": Two players' two cents on the market EnergyWatch"
2026-07-13 23:02,News Content Hub - Vestas’ plan to build wind turbine nacelles in Japan boosted by METI - rivieramm.com,https://news.google.com/rss/articles/CBMiyAFBVV95cUxONS1fZUJFSGNfVlpKVUFuVFl4X0pZenVTdmtoWWRVQ3NNWEZ2dXJxOGFiZkFCVGpZZkxTU1AyM0Jnd0Fwdl80WWVoN3N0anJOek5NX3VTRHdVeXU0ZmxMQVZOVy1ybWRYYlB5dm5mQmc4Q2FrUFQtZFozRmpPS2VTZTZqYTM3Sml3cms4UFJDeDlfajNndno4WHh1dzJoaUZ4WE5wOVljRWJTdGctQ1VvM2tnWlZFN1kwOXZEZWEyUEExQklUSHR1cg?oc=5,turbine,News Content Hub - Vestas’ plan to build wind turbine nacelles in Japan boosted by METI rivieramm.com
2026-07-14 11:37,The Ørsted Changhua 1 & 2a offshore wind farm - Ørsted bets on large-scale Taiwan wind power - Ad Hoc News,https://news.google.com/rss/articles/CBMiwAFBVV95cUxQV09Pdnc1SV96WlpFQmZSb3h5ektrVlpNRnp3M09pd3pXUnpOMnVVel9EOXZGYU13dnNONHB1SkhFRnVncmVBRkxpa1ZFNkZ4eHp5bXkyNl9QSDFHUE9ERXpkb21QeVJiUVk0cjdKajNLTnBaSmw5UGp2aFo5X056Rm4yV05FdE5Vc2kydFdJb2l0T0pSekxQZG15cG9maFljMlBZWk4tMUdBYkxicVVDQndibGszUHBEei1Td1ZDdGE?oc=5,offshore,The Ørsted Changhua 1 & 2a offshore wind farm - Ørsted bets on large-scale Taiwan wind power Ad Hoc News
2026-07-13 23:02,News Content Hub - WIND Group opens storage and offshore service hub in the Baltic - rivieramm.com,https://news.google.com/rss/articles/CBMisgFBVV95cUxOWTdJTE92VHdBYXZYYnRvNEhxb2JyVlFkWm82bXBUcE1zSnF3Y0VLMkdtTUg0YlJLU21RYXkwb0lYeUI1ZnlOc2I0Sm5jNGxWbnhDaUQwUDBjX3VPOVRkSUQyM05TQ3RBN3ZTNVZ3VkZVQnR0alFSMjB5OTV2RlRFcnRvaGNGSC1oSHA3ZFQ2RkRhcUd5VUlVX0Y0UV95YjFoRmZvT1RENVBsSmJCNEI5THNB?oc=5,offshore,News Content Hub - WIND Group opens storage and offshore service hub in the Baltic rivieramm.com
2026-07-14 08:21,TotalEnergies' floating turbine hits the water in boost to big oil’s green ambitions - Recharge News,https://news.google.com/rss/articles/CBMi0AFBVV95cUxQR2xoRWx1V2R2b01qblRlak5iUDhfUnhhU3dFVjM3RG1kVjctZkJldmdKTFpSRVF3LXFheWNMZVNocFp5ejN0VUktV3pxSlRSa1JPODNJaUxfWkpsd1Z6NjYweHpvZzgwdmsxT05WTURLVDRhNFhybmtrMXNkaWZUYks3TTFKOHB2QXUxWTZFbC1DRmFPSWZIQURjb0pISnk5WGNKVHlCbU9VZXFHX3BFeVp6MGdrNUI0QmJxaXFvS1gtQTBYaHVEemI1ckxSU0dP?oc=5,"floating, turbine",TotalEnergies' floating turbine hits the water in boost to big oil’s green ambitions Recharge News
2026-07-13 22:54,GE Vernova’s Turbine Boom Is Real. The Stock’s Failed Breakout Tests a 40-Times Cash-Flow Bet - TechStock²,https://news.google.com/rss/articles/CBMisAFBVV95cUxQLUhGRmd5U2lJME01VDRNTUZYa0hHQmpReTlQSEo5aWlKcHlZOXVkUnhScVdHQndNRUQ2dnZQbkZhQVhVSE9OVEVSU0VsUDlVb3hZTGdsb1RYUEFqZTdvMmVLWlVRRUlnb3NKd2tvN3ZTenVyYjlWclgyWld6Nkt1OEJxbEoyY3FzMG51UldIRWlYOFEzN0VWcU5rTWR6dm5Cc1BNajEtUm1XWTY0T18zUw?oc=5,turbine,GE Vernova’s Turbine Boom Is Real. The Stock’s Failed Breakout Tests a 40-Times Cash-Flow Bet TechStock²
2026-07-14 10:22,Brussels approves up to €63 billion in aid for French offshore wind - energynews.pro,https://news.google.com/rss/articles/CBMilwFBVV95cUxOdlFLTFFQVHVnRU53cm44QXpFTVh6MmlobjJmTWNiNlpxdVJfWWwzenJLek1pcndWVldxYVdQeXJEaUVIVHM1bmV3VlJZUV9LMEpBT1U1Qy1EY0ZnWkxPNy0yVllPS0lLd2hJVHZSZm1iQ0NJRktXUE9LNWhmb1d2VzE2TkkxcXJkVm1ibUhpVVJoeVRCaGhV?oc=5,offshore,Brussels approves up to €63 billion in aid for French offshore wind energynews.pro
2026-07-13 14:49,Philippines halts first offshore wind auction pending GEA-5 framework review - energynews.pro,https://news.google.com/rss/articles/CBMipAFBVV95cUxORHlPZEFJWG1uaF9INVZnLUJxbWxodzBMZkpjcE1rd0RVb1VIV0pxdHU4RE5FdUZyZ3RlMGl1QnpnR192YU9FeEdISmN0LVJWNnB3TVFHSU14enhCRFZsMlk3eVVhNmx6Y2JSNXFlNTR6QVNpalF0QWVNSzhDM3I5TUFJdUVqemJ6Y3k4bWtZeFpTM0s0d3BXWUg4UXBfOFNhYzVVVQ?oc=5,offshore,Philippines halts first offshore wind auction pending GEA-5 framework review energynews.pro
2026-07-14 09:13,Turkey kicks off 2.4GW onshore wind and solar tender with pledge for more - Recharge News,https://news.google.com/rss/articles/CBMiwAFBVV95cUxQdFZRUnZiSEJXaVVwRXZGZ1MtaC0zY1ZCUFl4emdPTW4wMUNjWnZ5RFI5YUhTZXc4TjlsbHliSzB6cEZwWjE2ZzlmVDJoSVp0eXBiXy1SekRPNVVBazY1TjNYaS1aRktMY2ZfaVV3cENSem5CYkJwNERZckFIS28yeTE5blpqU1Ezem81cWFVUUdqMlV3c0JZazQwUGVrVlROTkdUQllPeWdBbGhiZnFEMmFOVFl6N2w0bE9VaW9IZUE?oc=5,onshore,Turkey kicks off 2.4GW onshore wind and solar tender with pledge for more Recharge News
2026-07-14 04:52,KP Energy Commissions 50.4 MW Wind Project for NTPC REL - Construction World,https://news.google.com/rss/articles/CBMi2wFBVV95cUxOZEQ0RFRCZ1JwREs4Vi1IWHl3WXVIcXJTNWdrcFhReFgxZkl2Yng3R0V4dFlRMHNmRzQtR0cxeU9XSHpzY1VRWmJfTEc5QXpNUXFzME4tQmJ1em1mZGswRnhqd3l6LVVKVFdwS1ZVRFYza1l2LTBpRXJDOE11SkJJX3ZNUE9icDNPZDdjTkhBbWRsV3lwMGNWV0hCYzVvQzEtMWk4d3VwbzRXci1iV3Blb1VHcG82T3diWEs1ZnZKclluaVVTR3R4clg1NHFvRjYzU3Q1T2NNd0E0UFU?oc=5,MW,KP Energy Commissions 50.4 MW Wind Project for NTPC REL Construction World
2026-07-14 11:39,Partnership strengthened with offshore vessel fleet contracts - Ocean Energy Resources,https://news.google.com/rss/articles/CBMiqwFBVV95cUxNNTZRTkhTZjV0T2Q2dTMxTmk1WjRxLUdxdDZsNWI1OWNfeTJ2cGd2VTN3a1RQT0RSTFUxbmxEOUFodVQ2M1BhR29oMzkxbjRFeWxDU0hNZ3IydjVzVHNLV2ROZXBuUy1HWWl5SGZLQ0Z5RFcwUzR1QmpTZUJncm1DX0RQVlZRZDJNV1hhaUFSa2dORmhGRG9KYWlKRklLbjMwUVluWnhrWTBLX3c?oc=5,"offshore, partnership",Partnership strengthened with offshore vessel fleet contracts Ocean Energy Resources
2026-07-14 12:23,Windcat and Ørsted have signed an offshore vessel fleet contract - 4C Offshore,https://news.google.com/rss/articles/CBMirwFBVV95cUxNLUN4VTZLWTBtRm9qWVQ3ay0tYjBnQW11MDVBdnA5dDJfV3FWMjNrZVVCZGhIWUdQUTJTZVQweEgzaVJjcXI3OHZ3OUFNVk9LaTFwaklkcDVnTlJfSUFSMWQzVVRwOElZM056Qk94OEh6R2xZbTJWY2VEUHo0Tmx2UHZUUkhkMU5KTWMxZXRQUzhiSUxFUG9fbTRRTXdPQ045QTFCMTRvYlJTVGI1NUhr?oc=5,"offshore, contract",Windcat and Ørsted have signed an offshore vessel fleet contract 4C Offshore
2026-07-14 09:21,Windcat and Ørsted Secure 5-Year Crew Transfer Vessel Deals for UK Offshore Wind Farms - News and Statistics - IndexBox,https://news.google.com/rss/articles/CBMitwFBVV95cUxQXzJlc0xqVmZ3cDJtNm8xRS05MGQtSk80MHpzUzd1ZmV1M0hlaUZ0ZFAzVEF6Zi1fU01iYkg5bWF6TkdjNnA4LUg0SEstUW1qZFFiT3lFNWh0a0VCNEZnWW5VTDhNTnkySXN3a0o3bU9xdXFoLWNfZ0Mxc2FpbHFMd3BZWF9fTjYxbFMzaDg2ekZUejI3WkFlM3ZqMnZyYUJWa29ldUcyX1o3eHhvSFJLVndhclotaTg?oc=5,offshore,Windcat and Ørsted Secure 5-Year Crew Transfer Vessel Deals for UK Offshore Wind Farms - News and Statistics IndexBox
2026-07-14 08:31,OranjeWind Offshore Wind Farm: RWE & TotalEnergies Port Services Agreement with Clarksons - News and Statistics - IndexBox,https://news.google.com/rss/articles/CBMirgFBVV95cUxPREJKbldkRW42X1NWcUpwUjFwNEp3S0NZbVRIVHFYZlFJblNMNzV5ZnhoUExkRmV0bzdEYzRud3RqdDgyYXpwUVQzZkg0SlFUT2RlLWI2RVpuUjYtVWhfUWdVXzY0ZGdDdmtiYnZxWF84dVVtRkNvSGRXYzI0QUhYcmN2aHdxSjhNeFVMcVRjQWNwN1U4NUszQktQeTd6S1d4cE9WSDJBUkJkU2czYUE?oc=5,offshore,OranjeWind Offshore Wind Farm: RWE & TotalEnergies Port Services Agreement with Clarksons - News and Statistics IndexBox
2026-07-14 07:51,Clarksons Wins Port & Agency Services Contract for OranjeWind Offshore Wind Farm - offshoreWIND.biz,https://news.google.com/rss/articles/CBMiuwFBVV95cUxQZWlfcVNlcGZ6Y0lGTTdaWGtpaUNtQ2x3RWluV0xaMGpsdmpFQ0hRWm04Sm5DSHpteHQ1N3prSHpybjdWS3JkVHVHMml6V1RKTjBfT0htWDlfVFVydFRJOHZjdTNJcjlkMm1tRHI5blBhNXAxNG9pWlJJSXdGM0lTMDBmLUVhMzlLYUpVQXVyWEh3VUwxd2Q2VHJsTFNDd1dJM0Z0OWFIUFMxVGdPeEZoU0szUHdUczUtOVU0?oc=5,"offshore, contract",Clarksons Wins Port & Agency Services Contract for OranjeWind Offshore Wind Farm offshoreWIND.biz
2026-07-14 13:08,Clarson Port Services BV have been appointed as Port & Agency Provider - 4C Offshore,https://news.google.com/rss/articles/CBMisgFBVV95cUxNVzFiOTNWR1lrc3pvTEtXSjVzMlRic0dpOG5HR2tMVi1hbm9KTUlaUVpEUnZKc3NkYVc4VXdoeEVLanZkd2dPTVVLcDB6WXRWRzlmTm1XSmJVRjhIeW5nWFZwYWlWbHV6cFpaUFVFNHFDSlo0ejNUUC1QSUZQVV8yVGliNlRtbXFRVnljWW1NbUVMUjFybkJDSHZoV1JOVE0yeW9Xa0wxYVhaN1FoR3VOR2l3?oc=5,offshore,Clarson Port Services BV have been appointed as Port & Agency Provider 4C Offshore
2026-07-14 13:35,European renewables platform Altevera launches in France with 120-MW base - Renewables Now,https://news.google.com/rss/articles/CBMiswFBVV95cUxNV0dJNnVaZVlrS2ZpUVJ3M28yd0xoWDNRUWJnYnBmQWJ3Nnk0Z2xObnBsWUVMMTZLZ2dET2hUY28yckZGXzQzdE5fMVZuTDlsV2pkYzkwMXBCVkJQcUlPRzQ5Rm9OdWNyTTA2Ynk5eFdIS1ZCeXNUUXZJaXRRU2YtMHhjN1ZiYjFadmh3Q0NIMU9XSUJ5OVZUWnpkNHJRSF91aHc0M2YyWElsUG5JTHdiZ2M0WQ?oc=5,MW,European renewables platform Altevera launches in France with 120-MW base Renewables Now
2026-07-14 08:52,European Commission Greenlights France's EUR 63 Billion Aid Scheme to Build 11 Offshore Wind Farms - offshoreWIND.biz,https://news.google.com/rss/articles/CBMi1AFBVV95cUxNbHllU0Uzeko0VEJ2NUpiZzBYTGozUzhsU0dlSEx5VUs1NzdxbExLYnp3T1B2MTRaUE91UlFoOGJ1ZmFTVllmYXVoaEs4UUlhM1BOVE9GOTdVeFg5MjRHS3NsY2JYTldnMDk2RnVxZWRvdnZ0VDJDSmgxeV9jYUM0UlZjN2MxMWZXa2JmQmx5QUhtY3RTQlhRZl85bWZfcncwdW1pajh1UWtOVkhJQ1ozNEZ5QWxpVVRaZkl1bmtjU1lmbDctWnhYWmhKLXYzRDZOeElnZw?oc=5,offshore,European Commission Greenlights France's EUR 63 Billion Aid Scheme to Build 11 Offshore Wind Farms offshoreWIND.biz
2026-07-14 12:41,Norway was once a world leader in floating wind. Now the whole plan is falling apart - Recharge News,https://news.google.com/rss/articles/CBMizAFBVV95cUxPd1loVzluLW0zS1ZMVm11eE1KeGhkVTZURHZrWEtPemRzY0JTUlNJS21Ib3YzOE0wZUFRY3hqSjZZS1VYczNEa0xBc1owb0FpYkxnNHhOdG5WV1V2WHhCbjVsMVNMRFZQdV92czNENnF5bF8yZVBycFBkOXhnaTN1M2xqV1pwTWlaSUZwcHNmVndiMFB1NFZHUXczQWludHI4eUVybUo0YkczMmlpR3NvbzNwZ25UVHg0bjJGM25oWG91SzNoa25RcVJMRVY?oc=5,floating,Norway was once a world leader in floating wind. Now the whole plan is falling apart Recharge News
2026-07-14 11:41,Celtic Sea Developers Form Floating Wind Forum - Offshore Engineer Magazine,https://news.google.com/rss/articles/CBMijAFBVV95cUxOUXd1RGo4Z0l3X2xGNjN0X0w5bnUzUTRfak5qdXIxV2ZKQTRrSl93UjBnN1JILXQwaGxJMFJUMnpGQmtReEtzMTdOWnp1ejNBU1JkWHZpWWVtT045Z05jYzRLLWJEcVZ2TVN2c2FBeURwVGEtQWZBZ2xTcmZsLTJRX1JfUjlEMVM0UFlOTQ?oc=5,"offshore, floating",Celtic Sea Developers Form Floating Wind Forum Offshore Engineer Magazine
2026-07-13 19:50,"A 73-acre Brooklyn shipping relic is becoming one of America's largest offshore wind ports, and the 54 turbines it sends to sea are accidentally building something no engineer ordered - ecoportal.net",https://news.google.com/rss/articles/CBMiggFBVV95cUxPT2VsODE2VGJQZnVOa2p1dlFaN05ZcGduNWpoTFByblNnMktnZ3EzSjFjMkdMMVJveVZEZFliSXdWS2ZGZnlzWnd4cVlPaFY5RWNJODZ4a01VenNzbmY3NzF0WGhUZ0pqR1poNkQxQm5YcGNrM3lDalhFdjJaMGhoLVpB?oc=5,offshore,"A 73-acre Brooklyn shipping relic is becoming one of America's largest offshore wind ports, and the 54 turbines it sends to sea are accidentally building something no engineer ordered ecoportal.net"
2026-07-15 06:07,Vestas V162-6.2 MW by Vestas Wind Systems - modular rotor for land-constrained sites - Ad-hoc-news.de,https://news.google.com/rss/articles/CBMiugFBVV95cUxNWkh6YVlyclNYbVc5aGJvY0hWVGExdkhfdkZiVHM4Q3p2U3ZQT3lJVGpyLUl2bVdSLWNzZjJiTjBRWGVQWW1xM0dsYUtDbzlERGJkaFJrM3gxRXBVSzhBcDB4Unc0dXpGMzRtb09aXzdtSERoMW9tbGF5UjFnTlNqZEJGZ0RYZEc3WGVuX192SVlSS1EyZHBYN2FieVpTdXZlY1RrRnFaV1RSd3FhQ2VYMlFuQWtXbHhSLWc?oc=5,MW,Vestas V162-6.2 MW by Vestas Wind Systems - modular rotor for land-constrained sites Ad-hoc-news.de
2026-07-15 11:36,Principle Power Gets O&M Job at French Floating Wind Farm - Offshore Engineer Magazine,https://news.google.com/rss/articles/CBMimwFBVV95cUxPOExYRnotV3NWeWk3NjI2RzlBTVRxOFhVbUV2ZUtoUHBMV191akJNMklBVFd3MTdwcFoxc2VBWGY4cGFKTkdKdkladHNBeXpxNTFhVEtXZ3paZjFxcEpJZDVNX2xPZ0hTWE5hRWZEbFdwU2ZkQy1UWjFmQUE0ZE5qSnZGdFlLQUNEWkVaQWZXaFhMczAxRHRfNzRkbw?oc=5,"offshore, floating",Principle Power Gets O&M Job at French Floating Wind Farm Offshore Engineer Magazine
2026-07-15 11:27,Principle Power Awarded O&M Contract for EFGL Floating Foundations Operated by Ocean Winds in France - AZoCleantech,https://news.google.com/rss/articles/CBMiYEFVX3lxTE01czNRSlJzMjFzN1E2YzNqNDk1ZDdWdVBqZGhYLWphckV1T05ONmVxVzNtcGRxSWpNTUFzd0pUS3JJbjBmYjVwckwtZHhnZHQ5dS1xQVdqNGFRY0xZbjdFYg?oc=5,"floating, contract",Principle Power Awarded O&M Contract for EFGL Floating Foundations Operated by Ocean Winds in France AZoCleantech
2026-07-15 09:56,Principle Power wins French floating wind O&M contract - Splash247,https://news.google.com/rss/articles/CBMiggFBVV95cUxOTG9ZX3NSRTctRUh2LWlrVUdrUEhGRlF3WTZrVHNMMmxzWkxOVThUWnZOcTM4cG9ueXluR3hDejVUREl1YnJQbFhtOTlYVXZWZ3RORDJxRGxLM3VRX0sycnFYVTl5NW5Oc1RoMDNNbmZLVFZ4MjkyZ2VfYW1odm1qX01n?oc=5,"floating, contract",Principle Power wins French floating wind O&M contract Splash247
2026-07-15 10:21,Principle Power O&M Contract for EFGL Floating Wind Project | 30MW WindFloat - News and Statistics - IndexBox,https://news.google.com/rss/articles/CBMisAFBVV95cUxNUmpDYzJySWRRRmc4ZnBMWTNGTlRGdHRtYVktcWIyVk5OSVRGWW5JaFlpcUJLZk9RQlRFbm1GOGhiTDhLcU9sR0FUNW80emZqeTZ6TUZVM0N5TkQwOHhOZHhETGtGa1g1UWo4eURsOFJMVG9Zdy1sR005cVk2R3FKa0U5cWFab3BSbnpIYnc3TXdLdnl2MFJQcHRCM0lCV01RZFdtTVgwUTZBR2YxRkJoRg?oc=5,"floating, contract",Principle Power O&M Contract for EFGL Floating Wind Project | 30MW WindFloat - News and Statistics IndexBox
2026-07-15 07:13,Principle Power wins Golfe du Lion O&M contract - reNEWS,https://news.google.com/rss/articles/CBMijAFBVV95cUxONDJ2SFBVOUdYUXR2di15SzZOYW1DUjdYa0JPbGMza1NXUWVZQV9xZW83N2x1LTFlLW9vM3J2YTFiNnRCZC1waTU5N3RKUVFhRFQ1cWVOWFdCVGpPT19Id3JkczVkYTVxYTNmY0tSLWhrbFFrVTNSTkpCT2xGY2pZTmtPanZERzJ3ZnVocQ?oc=5,contract,Principle Power wins Golfe du Lion O&M contract reNEWS
2026-07-14 21:56,Japan to unveil support for struggling offshore wind projects after lessons learned - Recharge News,https://news.google.com/rss/articles/CBMi0AFBVV95cUxPWUhEcUp3WVJxbmNCTktNVmtUc1pvaXlHckVyaEdJSVJ0RURiMW03QjJvZnRwSmduV0FLZTIxazJ3WER4Q0dWZU8wWmdNelpDdUNsTkVkb1dvdE5teVNlU1lfTUtEOUJ6bjVCSWpyZnE1ZXJtSjJpX0pHenJzREdjNXRkSXg3WEpaRzUxZXQ0cFNTUmpPRzhOendfc1lwSGNXbklZVGluajhzeWtpcEZndXJTVGtfanZvU3FzU29FWWljSVRLeDV1OElBTGM1cGZo?oc=5,offshore,Japan to unveil support for struggling offshore wind projects after lessons learned Recharge News
2026-07-15 10:56,Sri Lanka Opens International Tender for 250 MW/1000 MWh BESS Project - Saur Energy,https://news.google.com/rss/articles/CBMivwFBVV95cUxNcGZOT25zNUg0eEJjaGNRMFRLZHBneFNJUFBjR0xhWmFpS1pkWFVUSzk2SEtzb203Vl9tdzV6TndoeWNKQXM4MXhsQWkzNExLaTlkaHlaMFJrQjdCdG80VnBRMS1hYkVqN3dCNXJ3S0JDam5BS1RWc3hIZjNQVWRPYm4zbUljV3RBcnFKLUNPMlVVd093NDZ0UFl0aEE0VW9xY2MwckgtaGxWVGRYall5OHMzN3Z0VGpYNXpwckdiUQ?oc=5,MW,Sri Lanka Opens International Tender for 250 MW/1000 MWh BESS Project Saur Energy
2026-07-15 07:07,Envision To Supply 660 MWh BESS For Naos 1 Hybrid Project - Construction World,https://news.google.com/rss/articles/CBMi3gFBVV95cUxQeFctUGN2bjY3YWVLbERSTnVlTDZMTzdDSlJBLU5wSy03ZkRWM3c3RDNtWWVKZGlid01ZUml1WFVCNjRTNS1VOVhqSVc5Ry1RTUhzNm92YzFrOXJzYkJsV0FHeWd4RmRZcnNEYUhOc2lCcGJoUmZ2RU9BajVKb3NmNnJIcFJrRXA1Q1BJa3NSZEMxV1lQQkRqZnl1Y3FjV2V5cFhBOWNBTHhMeWt6dE9ZX1NXNlZDQ3phajJraXZhejJ3b3JLcTJ5cTFZUlh4WTUzVU1IdHp2NDRpRW1jYnc?oc=5,supply,Envision To Supply 660 MWh BESS For Naos 1 Hybrid Project Construction World
2026-07-15 11:17,Principle Power Wins O&M Contract for EFGL Floating Foundations - offshoreWIND.biz,https://news.google.com/rss/articles/CBMipgFBVV95cUxOaXkya0lPUkh5bVl1NEIwazdiTjN6bkFsRzc3ekNkdnFsdENDdXVLV1U0MWJKT2R0cF9hYVZnTW9obGJsSmJLVWhxWVpDWk04UTg3dEtoZGFXTlJaNzl4LWpubEpKNXZnYmZnVnpRd1lHMEN1VTBUSGNIVDJBeTUzREEzYmN2aXN1emhPWHZXRm9xLUVhNm1TQ1BYMWUzVF9WMUZJYUt3?oc=5,"floating, contract",Principle Power Wins O&M Contract for EFGL Floating Foundations offshoreWIND.biz
2026-07-14 23:21,Nordex stock reflects wind sector challenges as order book supports long-term outlook - Ad-hoc-news.de,https://news.google.com/rss/articles/CBMixAFBVV95cUxPcTUzc2pFeVl4Y2FlX3lSVW15dGExbXYzcXhMeDB2OFZfVHpLMERWMGN0WmNjbmtCOWFXcDJkQ1ZFcEpSWndvVnRmSFdPR0FyR3o4d0lIZzYxYjg2V1JDTXpQODdPdUJnU1lEamR1OTY0X19JSHJ1REhvOHlhVTBjWUNBbGhZUGUyM0hDMnYxbVdPODZ6MlpaWWtpSjdPYlZOWE03YmRyQ0hNWDZYM0Jfc3JPSWNZenlVbGlyN1ZZNWRaWFJD?oc=5,order,Nordex stock reflects wind sector challenges as order book supports long-term outlook Ad-hoc-news.de
2026-07-15 09:39,Turkey announces 1.5GW onshore wind auction - Wind Power Monthly,https://news.google.com/rss/articles/CBMilgFBVV95cUxQX0Y4UzFRelJGYW1GNUxPcW5Ld1ZXWnY5ZWxEVmIzdTNyb2cxMG1XbDFmZlUyR1NtdjRhUHFOQ1NjTE5mc0FYRnh3LXJQWkJOYmZaTkNiM2NsWlVOSHl6U3FsZC1LbVBEVmhkSkJyZ3JPNnZwM3FCbEF3WEdXS3poT3p3WHEtZkpONU94cmY4VjV6MHp0b0E?oc=5,onshore,Turkey announces 1.5GW onshore wind auction Wind Power Monthly
2026-07-15 05:35,"India’s Wind Capacity Climbs To 57.44 GW, With Gujarat Capturing Over 43% Of New Installations In H1 2026 - WindInsider",https://news.google.com/rss/articles/CBMi1AFBVV95cUxPNExFREFBVDMwT2xKVlFXTkQ3SExwdHA3eGFzblBqTVlQQnM5dVZ1dWViekpKcTBaVDRKV09wbllQSGhuVFd2TGFPM3dOTVl3bXN2eXRqVUpOYTdXb0NWZ21zc2YwQTU0RENEOXNwdV8yZ2ltWEZpVjNfZVlxYU1YN2syUkJSMXRGYWdxNUR5TWltb3NnVkFPWFo4WlkycTJNZ3BSaURIMGN1bzZvTVNmUG1hZU0weGlBbldSWFpIWm0tR1NudFh4Sm9HbVFCLVJ6TmJ1X9IB2gFBVV95cUxNY0VDZ3FDNkt1c3drcFQwcmRXZ204T1hkZEdOazRiQ2tBald0THg1S3JJQnlEQWhEZ05wQWdJWDZPT1VacldmeXJoUmhGM3R2Mi1RSG1WUkJ5RTRfQmozcXJrT2ttMEtmVnZBdmNUSVZ2UEdFRkQ3Y0RtTEJtcmVhZ1JvVnc3b2Znc1hCdzgxT2t4X1BDRlNLOTRwQ0hVb0hZTEtoa094S3RsZUxyM2xTNjNjOFo3WXFfX29abEEyc1VJdm84bmdUWjBkb3JOb25NdjVOY3AyLUo2dw?oc=5,GW,"India’s Wind Capacity Climbs To 57.44 GW, With Gujarat Capturing Over 43% Of New Installations In H1 2026 WindInsider"
2026-07-15 12:09,Good Energy Signs Its Largest-Ever Renewable Power Agreement With Ørsted - 4C Offshore,https://news.google.com/rss/articles/CBMiugFBVV95cUxQZ3JrZ1M1YW9vaFZLelRwOTh2NVcyLUpsNEZvU2FrNEFLXzU1dkxHYnpIZXJrNF9md003OXlnVGpOWWNsS3A5QmlBYVVGbW1XSTFZU1JqbEtBSkgtNnlmZ0lrb2VqUTJfNkdjdmR3LThVck1JSHp5NEIwbVROMFZEWkhrZlkyQXFMbnk2ZHhqbzlmYTRSaTZrTTgweXpobXBNdF9YSnRMUkRSZWRveWFKUlV1Q0JOLTJCMGc?oc=5,offshore,Good Energy Signs Its Largest-Ever Renewable Power Agreement With Ørsted 4C Offshore
2026-07-15 10:00,"Windcat, Ørsted Extend CTV Partnership - Marine News Magazine",https://news.google.com/rss/articles/CBMigAFBVV95cUxOLXF4YlVnelNLY0VfZjhQZWRmRkJZSktHQ3ItYTJtMUE3VE9SOWpSNEszTmxsa3AtXzVmUzhBc2dNZWNRWXNVcWFNb1ZsTS1GN0dvRU5oYnJ0M01wVUdaZ241U0h2UFpwYjVwQ3kyNmFSOUpJS3gzWDVCOHBDd3FjTw?oc=5,partnership,"Windcat, Ørsted Extend CTV Partnership Marine News Magazine"
2026-07-14 23:01,Good Energy inks its 'largest ever' offshore wind PPA deal with Ørsted - BusinessGreen,https://news.google.com/rss/articles/CBMilwFBVV95cUxQMEdhb01uZjBvektQbDBoTkhSOHNkcU9ZMXhzT3o1MnZvSE9QaGFRNGQyZE5jQ0dMTENiRFhSZGs2QWQwRkNBdXo3ZDFFeGlkcXR6V0tHYmhKWEVHYWY3enJ4ck5iemhXWjdtQ004XzJWc0dtdzRHSXpobWpNMnpIX1VsZk80alRkVVhNODBTcW5nUTl1Z0RZ?oc=5,offshore,Good Energy inks its 'largest ever' offshore wind PPA deal with Ørsted BusinessGreen
2026-07-15 07:51,Windcat Secures Long-Term Crew Transfer Vessel Contracts with Orsted for UK Offshore Wind Operations - IndexBox,https://news.google.com/rss/articles/CBMiygFBVV95cUxOYkdGTVRTWlVTMzJyNmR0aHVUbkI4SHl1N3kwa0lxQzV1YUQ2bGZCX3lKU0xPcXRXWnppaWJsNzNYQm9zQk5SUko1eHQtNjJ2Y0pINnZkSkpKbF83Y3hDWWhzRk5PNXFlRHNtWjNiZmVtemV5cmRyRGdLaExkT3hTM3NxcEhOYjJrMGc3UVV1NnJ5alZsaEZhTTNMTUxNX2drSjgySlAwUkZ1Y1RpUkp2a3dQdjZIUURfX2JsNFdWRWt3M2VfU29LWTNn?oc=5,offshore,Windcat Secures Long-Term Crew Transfer Vessel Contracts with Orsted for UK Offshore Wind Operations IndexBox
2026-07-15 11:03,News Content Hub - Windcat and Ørsted strengthen partnership with new CTV contracts - rivieramm.com,https://news.google.com/rss/articles/CBMiuwFBVV95cUxOb0RqT3hWX0xaQjNRdWQ0czdnWE12bzNDV2J6N2tIdURROGJFcUI1SUNVUGhKU0FpN3hYWmVpa3RvdmhVWFl0NFZ3Rjg4YlozaTdCd0ZLbkNhVWFfRndWeDhOR1Rkdkp6RklqUk5lZjdnSDJrelh3TWtPR0lnMzRzS1hoVjdMaVhEaUkwSkM0RFVUa2Jqcm1WT0c2REhIZkdQcjNGMFNQdWpZbUNfRTFnNTJ1OWgwWHFYM2w4?oc=5,partnership,News Content Hub - Windcat and Ørsted strengthen partnership with new CTV contracts rivieramm.com
2026-07-15 12:50,RWE to repower 5.4-MW wind farm in Lower Saxony - Renewables Now,https://news.google.com/rss/articles/CBMikAFBVV95cUxNZG85SGxicTEyWVRvRXhYNmxLQ3l4bkIyY3A3c1ZMNTR3VG53MHRRMUIzZzlvRHZxTk42cmlERklrdHpWZWx5Tlh0V3FYam9GYXRYcWlBWUtHN3JOQWRVV1pFcUxtZmlLN3BIalZtUGJQWjR4bzltNVc1RlkyODcxdV9EYmZYendjQURrVU9qd2c?oc=5,MW,RWE to repower 5.4-MW wind farm in Lower Saxony Renewables Now
2026-07-15 12:55,RWE secures federal EPBC approval for its 1.1 GW Theodore Wind Farm - energynews.pro,https://news.google.com/rss/articles/CBMilwFBVV95cUxNR09nMlVHelZMYW9ORWV0emJuNmwtSndTclVrXy1GMG1OZlRiRTF0Szdwd1YxX0FTNm9pUThvQTBReUM3ZkliU3hQQjA2RkY3OEY3bl9pNlFsTXhzUTZEODdYcmk1anhyTUx4bWM1bzJZMktyTDBnT3NtbGhuVnVKem4yVHVxUXVkWTBIWHRGOHlXd2tocHpZ?oc=5,GW,RWE secures federal EPBC approval for its 1.1 GW Theodore Wind Farm energynews.pro
2026-07-15 10:18,RWE wins Rethen-Vordorf repowering contract - reNEWS,https://news.google.com/rss/articles/CBMihwFBVV95cUxQYzV3ZGtiU1ZZZGljd2lsYjB3SWpqTjdoYzdDMGs1OE81LXZBd2tmLXdvVmhRZ2ZGa1FjWi1XbUl3MkluTk1jclFyNWdfbVFmeW4taUhteE1oQUlJeTNQSzFUNXIzd3RRSGp0cEdSSE4tNGYtSzMtb2c5QnFNcWVSWjZzQU1JOXM?oc=5,"contract, repowering",RWE wins Rethen-Vordorf repowering contract reNEWS
2026-07-15 08:33,RWE secures federal approval for 1.1-GW Queensland wind project - Renewables Now,https://news.google.com/rss/articles/CBMipgFBVV95cUxNR2s0Wk9JdFhfN0NXN2JvTl9uRFVtNXJzMHhoazQ1dUdDRWo1cGxmdGlHUndlNlJyZGxldlAyMC1NS2dLcXZHbDFXb0VYUTEyUE8xcU1SVUNNMHNHT2lyaWZtNENfY2x0VlBWVnhvcTdSUEJVSFUtUGl4S3lPdWNyS2E2cTVmenZYamdvX0NxUzNzY1lUYUFIY2lBYmxHY0J2UHAyT0FR?oc=5,GW,RWE secures federal approval for 1.1-GW Queensland wind project Renewables Now
2026-07-14 15:15,Celtic Sea Developers Join Forces to Maximise Offshore Wind Benefits for Wales and the South West - Business News Wales,https://news.google.com/rss/articles/CBMixwFBVV95cUxNclZXWm9IbFdUMGtvc19nR3JUeEUtcTBYQWJWMjdLV0tLc1hpNkZwWjY2VDNLbjZDQUpNaEtrQzdvcWJ2QVFCT0Nyak9qSUtDOW5ERlpGOHJQU1dSTExDc1Fnc2xra21vbnRIeGRGZFgwcG94emJ5SEpmUkVYWkJFZ25fRktleFBtY2daeFpla09kWGRmUGliTFlOelNXclFpNXJWcTMzT3BfWS1QVVdlYjQ2U183VlFrZ0dLbHY0SUd6SWlKbDFF?oc=5,offshore,Celtic Sea Developers Join Forces to Maximise Offshore Wind Benefits for Wales and the South West Business News Wales
2026-07-16 09:27,Principle Power wins French floating wind contract - Enlit World,https://news.google.com/rss/articles/CBMiigFBVV95cUxNNUM1S2RyWXBFVHp2MXRiT1pQRkExc1lHTkVYU0RDZnVQWkhXX3U2NGJBY1k3NllBRkl1d0JGYlF6dmhma2xUYlZGN0FzMU9fTGFjVTZ2cmtJTU15aFF4M3pXelowdVNyRDJfblNTbDlMclpkTy1jdVhQNFJDbDNONnZNYnk0dkFtM1E?oc=5,"floating, contract",Principle Power wins French floating wind contract Enlit World
2026-07-16 10:35,Principle Power secures O&M contract for EFGL - Ocean Energy Resources,https://news.google.com/rss/articles/CBMilAFBVV95cUxPM0NSNlVQS3R0dEs3YndLSFB2d1NuQ3FlOVBkTkZqT1lrMndYUXdjVE1jc0dtbEdsSDZxZlp0Z3ZReDNveTJ2bWJqS2tOa2N4VnJaVHJWV0NxSGQ1WDB0UmhwNlpqVFhZNHZMSU5vSmM2UzJUZ2szcERBajVLdW1UX2k1MVBzZ3h1RWdTcWljSXNNcDVi?oc=5,contract,Principle Power secures O&M contract for EFGL Ocean Energy Resources
2026-07-16 00:02,Collett Doubles Up for UK Blade Lifter First - Breakbulk Events & Media,https://news.google.com/rss/articles/CBMigAFBVV95cUxOMkQ2dnQ1eTBPMHV3M2FHMWVoT2Fvd3dSQVhPazNYd2ZoYXh0TDV2MXo1Nl9JM2lrWHhJdjRfNU9OXy0ya0ZBQUNqZnRIZVRnZVJMeVBycGJTdk55a3VrR2doWkNjQUp1ZW5HbjVJTVVJdFdQbzY1RVJKN2xXOVNvOA?oc=5,blade,Collett Doubles Up for UK Blade Lifter First Breakbulk Events & Media
2026-07-16 08:07,Principle Power Awarded O&M Contract For Ocean Winds’ Efgl Wind Project - megaproject.com,https://news.google.com/rss/articles/CBMirwFBVV95cUxNY09iZ3BMNGVfUkc2M2dpMGxJTmZpaDdUTll0Uk5PVV9Va1QyN3BDZTV2ZjhVenBQWW1kY21Zeks3azRnb2tGc051dlV0SWtGRmZ1TWVRX3ROQURJcnhUZXFGdDBsUVRFZWkxSWxDU2RIMG1YS1pDUmVxaXFpZlZWSW4tWE1XNkZhZHRvWXZxS2NCRlBMRzQ5azEwbUFid3BOVDBkeks1dGN2dW1wYk9Z?oc=5,contract,Principle Power Awarded O&M Contract For Ocean Winds’ Efgl Wind Project megaproject.com
2026-07-16 11:26,"South Korea's 3.4 Trillion Won Offshore Wind Project Breaks Ground, Targets 2029 Operation - finance.biggo.com",https://news.google.com/rss/articles/CBMidkFVX3lxTE96bTB5Nk04bEV1bWtUSEFCOFRPVThkYXo1NFUtX3ItMkxXTUZhU2U5U21rbS1rMXg3cENndi1SXzRXaVZyOWhhT0FyTHRzZHU5U052ZVMxYWtOTUNxWmVWU3NCaTlhejR1eTV0cWFDV09ncjdyR0E?oc=5,offshore,"South Korea's 3.4 Trillion Won Offshore Wind Project Breaks Ground, Targets 2029 Operation finance.biggo.com"
2026-07-16 11:37,"Wind Turbine Tower Market Size, Forecasts Report 2026-2035 - Global Market Insights Inc.",https://news.google.com/rss/articles/CBMiekFVX3lxTE9Rb0hmX2ZfRnprajdZak5RMU9VbUFsQ0NoZHRFYW1JXzVlUDNocFlWSnpsckJFRXFWbHBMUGh0ZWhOdm1vWHhqXzVfVnhBdmtRa3k0bWJDYTZXeVd6NHNzU1oxLXQ4cGFBNU5YZWo0SGI0VGwtVWdIVTd3?oc=5,turbine,"Wind Turbine Tower Market Size, Forecasts Report 2026-2035 Global Market Insights Inc."
2026-07-16 10:14,Goldwind to source Turkey turbine towers from CS Wind - Wind Power Monthly,https://news.google.com/rss/articles/CBMimgFBVV95cUxQTURTOVVfMWZiWTVIOGl0R0pLY0lPb0NqTzlMSlZ3cC13SEhBc3dEai1wenc2WG1iOTdHZDRwdVVfbW51MkdYZnQ2VkI0MFZZTlpZN2hpbzc5SUt4alEyRzllQ0J3S3ExQkRCM013akRITjZrQXdtZFZnYlFCbHJnZmYzNC1vYXE4ZDNWLTY1Q1NRNDh0R1BKaU5R?oc=5,turbine,Goldwind to source Turkey turbine towers from CS Wind Wind Power Monthly
2026-07-16 05:03,Goldwind unit seeks green tick for 600-MW Aussie wind project - Renewables Now,https://news.google.com/rss/articles/CBMiowFBVV95cUxPdGZRXzdSNzRwTGhVTU9zdzZuQkpETlUxYzkwZFRHN29HZVJmOTNsazRneTVrY0Y2Yk4ydDJMLUs5eGdtMTRCVzlVbVpUcFM0NWdnamNPdUN6NVM4emtPcXptYnhvb2FBbWY5ZTJSNE9aYm1WQi15ajEwajRMdmZTNWt6eUxaM0JUUUlNOWczZXFOZmRqeFBxeXdkTThMNHhGUVlr?oc=5,MW,Goldwind unit seeks green tick for 600-MW Aussie wind project Renewables Now
2026-07-15 14:47,Goldwind partners with CS Wind for Turkey tower supply - Renewables Now,https://news.google.com/rss/articles/CBMimgFBVV95cUxNSXAzdDNvMjJaY3ZxeG8zTWxTVmJ1LTViWHo3V2c2MHF4dTdpR0ZlZUhCcmU2WDZlTlZtQVlWclNJaUFVbXk1bTRRNmxRY0NvZ0FiS1o1Wmp1ZGRWRE8xSVVTU2JCOFlOckZGcW5vWWF6cjZLcV9wTG9vcXdGSzEzV2wtZFNDQ21GYUF4TW1rTXZMa1JaMTVCMG5R?oc=5,supply,Goldwind partners with CS Wind for Turkey tower supply Renewables Now
2026-07-16 10:59,Envision ships first 7.8-MW turbines for Fortescue project in Australia - Renewables Now,https://news.google.com/rss/articles/CBMisAFBVV95cUxPWGZtaEZpTS1tZkxmNlc0dXJOcHl1RWttQ2NUY2NNTXVGMDhraGJnNmNGbFZURzRwS3VTeG4zSFRTNWtZbzA2Q1ZPOHVZN01MOXc3QTBReVJ5QWswQk9nLVkzUHotTjlsTWpRVnp1cmVxVVloMThIdjZVd3FfdzJ3M21mXzdvQVlvSERqY0FZRE9sc19PRXM1VEpQMXJPU09VUDFYaHgxU0hnOHVoRk5pMA?oc=5,MW,Envision ships first 7.8-MW turbines for Fortescue project in Australia Renewables Now
2026-07-16 13:18,Wind Turbine Market Offshore Wind Expansion - openPR.com,https://news.google.com/rss/articles/CBMihgFBVV95cUxNUHVLODJEMWwxSXJ2SlBLZGZ0LTdTZXVJQ19ranhuZWJHZmZvNnVIRm9ldUE4SGZMMXZTTXJMS2lfSjc1eHlpakYtQXloTnBZbGgzaUswSkJCMHVwVHQ0OFRZM0ZCZzFtbS1TQ1B6RGViZlVTYmx2T0RINE5BbW5EaGNLMmo3UQ?oc=5,"offshore, turbine",Wind Turbine Market Offshore Wind Expansion openPR.com
2026-07-16 06:14,Nordex stock holds steady as turbine focus stays central - Ad Hoc News,https://news.google.com/rss/articles/CBMitgFBVV95cUxNaFdpOWFCWmd6X2N1T0h6aGVTLTZEeHV3MkFIY2pYbE5RUnk2bVVJbFlXVzQ1aEtNdm4zY1V5S1dpc1RGeWVNRlhJNWZ0UV9ObVJCQUdaX1JVM0tMLXB0TzJUcVNLNzBMbFJmREo3RW9qc1c3N29OWFZyOUVRRWZ0R3NBblljNFp0dG9WRGJiUzJFVW12VU1wc3JCWjVaRTJPTU93VElKdGVxc2ppNzBiQjBZN1RmQQ?oc=5,turbine,Nordex stock holds steady as turbine focus stays central Ad Hoc News
2026-07-16 10:45,Orsted and others see Sweden reject offshore wind projects over security fears - Recharge News,https://news.google.com/rss/articles/CBMizgFBVV95cUxQWHQzLUhsdFRESFdaZkxGRjNRQnc2MTNIeFN2c0lGM1FrVHZsWjU0VHAweXpILW9WNkNxMkY2UVFCS2tCOG5WZmllZU9ZUm9QaE5qTFV0Wk1mVXhkQ0NYWkN6anNjTzFsM0dKdlY5cXFYME5UbDBlbGp1X0VfaXN4bjJIdXZpMFZJbmQ5Z0tyTGJwdlRLMjFGbjJwWl9zU1IxVThkNk9YMm9aQ3RsWmoydnBSUFkwWll5c1EwaTBweVphUGZNNDdiTlZXX2hCdw?oc=5,offshore,Orsted and others see Sweden reject offshore wind projects over security fears Recharge News
2026-07-15 15:14,Offshore windfarm opponents highlight 'massive discrepancy' in option fee payments - Isle of Man Today,https://news.google.com/rss/articles/CBMiuwFBVV95cUxQOUo4NkZmLVF1ckM1ZUVEcVc0M2p0Q2dIZXJjTUlVcHA0cE5FNHVDaUstdGoxc1cyS1o3UDgwTUxRUEQ2RUFtNGJtTGswZjdIb1dBYU5scHRONnZPOVBWUkdtVVNocnJzaVQxVXZIcWJNSFhMRXBkSEdWbWU3Zk5NM2hPN3VueldaVUN4cW1DM0NSMnhLLWtOUDZRbmM3UU10eC02T3dmR25TeTNWRUZkM3BuSmZSeWlKakNj?oc=5,offshore,Offshore windfarm opponents highlight 'massive discrepancy' in option fee payments Isle of Man Today
2026-07-15 19:59,Good Energy signs biggest supply deal - Business Biscuit,https://news.google.com/rss/articles/CBMisAFBVV95cUxNTkd6TjB4MFo4TTBnNWo2eWZzTjVTUHN5V25ObzRTQzl2WmVyeE9BTnlucTdSUzZqSXhzYXhhUFFUc1Z1YWp1ZkFNbWxZNXpsNkRPSGV5VTlDM3o2M2Z1Nm1mdENJQlVBc2FvSS05RGJRMVVjQXJGRXZNMlp1WTJoWXFtcWJ5b05rTDJtU2g1NUpzWllUX0daVVRqY3V3NnE5NHdZc1llQWJhVGthRFdESg?oc=5,supply,Good Energy signs biggest supply deal Business Biscuit
2026-07-16 05:00,"Iberdrola Reports H1 2026 Growth With 1 GW Solar Expansion, 117% Battery Storage Increase and 6.3% Rise in Electricity Distribution - SolarQuarter",https://news.google.com/rss/articles/CBMi-AFBVV95cUxNZUNTYmdfQ19LTlFyZFk5cUFMRjdpd01lRUtTMXhmTjlUMTdhdW8zVThzclBKejk4TnpuZFp5WE5Qb2tNR0tIbzhhS3ozZWJzeXhhNmVwZWR6bmtoaWNoejRiU0hYZ3MwQUZiUUpwaWY2eXNJNzF3UHBpNGVHZVNyLWJvalN1Wm1FNllwNVlsMWhWWWV3OXZjZTJwU3lVUXAzUm9LUFJ6QjhycXpqRENqZEI0RkFFcDk1Y2E4d2ItVWhHZmJTZ2RMQ0VxelNyWUFwanFGcGJtcXJrYTVZbDlRYVo5Q2liY0pWZWtRcExhM08yUThrby1VTA?oc=5,GW,"Iberdrola Reports H1 2026 Growth With 1 GW Solar Expansion, 117% Battery Storage Increase and 6.3% Rise in Electricity Distribution SolarQuarter"
2026-07-15 15:54,"More than a year after fire, East Windsor solar facility remains dark — and questions remain - Hartford Business Journal",https://news.google.com/rss/articles/CBMixgFBVV95cUxNTlF3UGpkRkJtdVVlbDdEcmdjOUVGV1NTel96VTVHa3lkTzB5eF80MldyMnJsNC13WUZHWTQya1g2dHl3bDRoTTdQZmhPQXVKT013STczT0ZWdDk4THdmMTRxczIyR2JyYTZtaEYwWFI3Uzk0OE5Ra25keGpLZWhpV0tPQWNCZ056UG1ZeXFQbHZTMWpYSldLN25LVWxBYi1rMDZRbVp0ekRoWXk0aGtram0xaFVRclB5b0FGV2ZHUEdkci1SZkE?oc=5,facility,"More than a year after fire, East Windsor solar facility remains dark — and questions remain Hartford Business Journal"
2026-07-16 11:00,"AF Gruppen, Heerema Get North Sea Decom Job - Offshore Engineer Magazine",https://news.google.com/rss/articles/CBMijAFBVV95cUxNVE1wWk5RUzFkS1A5VWlScHR5cTRBZ0hpa0JXTTRjeVJsZFFNbWg3MzZQOHZkakJvaDBGbFhlaTd2SDE4LXhRTlBmcnk5WC1hOVgxZzhsNzdSWDZyMVVFT1NLQTJCQnE4Mm5kWnFyUzNuazdZM0ItX0hQSFo1WDZRcGt5aUdob0E5dTUyVg?oc=5,offshore,"AF Gruppen, Heerema Get North Sea Decom Job Offshore Engineer Magazine"
2026-07-17 06:55,S Korea breaks ground on 390-MW locally-financed offshore wind farm - Renewables Now,https://news.google.com/rss/articles/CBMiqwFBVV95cUxNeTZTSW5UYVFEc25nRWxWb1BTZE5JQUlFWUdYRkw3UFMtQXRpeVdfY3dadUZhUUZuX21pSk11SVRGdUo4NVM5Qk1iV2ZtV09JcGRSc0FTNUw5U1pETFBVNl9aVDVydzVDdVVqMF84dFRSeFloSEJ4ZWtmeEZ2cW5LLUN5b0RqcmVRU3ZoaDdwLWEtWlFkVlRrNjVvNnllNVJRWHFLMjNKUFFkUms?oc=5,"MW, offshore",S Korea breaks ground on 390-MW locally-financed offshore wind farm Renewables Now
2026-07-17 04:50,Vestas stock trades steady as recent earnings and order backlog underpin valuation - ad-hoc-news.de,https://news.google.com/rss/articles/CBMiywFBVV95cUxNRHlJLUhtX3UyZDVISUVNQmw5WHZ2WkNhQmk5aEVEUFdhWk1oWXhWeHVyaWtHQ3cyRGpIb2Rfc2RpSTctTmVQM0NXVzIyS19DSjY5Q2ZLd1lIU0htXzQtWGtwM2xsYV9qT0xQTjE1WmtIWmNGMWFEUElZdzNZdkRJOGdLMU5BRmlkQlBQWUZ2NlBhVjR0VlJ4VFE0MkN5WDVZNk5wMkJoMHFweENHTXdzeGpCSm9adUlVdHNVN09LMWRCb2JBZkZJX3J6WQ?oc=5,order,Vestas stock trades steady as recent earnings and order backlog underpin valuation ad-hoc-news.de
2026-07-17 06:21,"NTPC REL Invites Bids For 110 MW Wind Project BOS Package At Khavda, Gujarat - WindInsider",https://news.google.com/rss/articles/CBMitgFBVV95cUxPbVVZZmQtVUVHb1VKSWpSamlNN2RoSm1OOEFCWmFNZ1U3c3doTWpwWF9NemJIazR2QlVfTms4MUY0QmlNY2tWQmMzejVBd2d2RFUtek9wWVNiQUxtWlpCc24wOG5KanZUclVoNXJtYjl6YWlfLWRYRy02X0h6SDhKUEQzRDFjV05DdDJYSG1qR3N0Y0NiQjdjQUdicVNid0s0RkNvMVJwS0xDUjJzcHZKMWdkMGh2QdIBtgFBVV95cUxPbVVZZmQtVUVHb1VKSWpSamlNN2RoSm1OOEFCWmFNZ1U3c3doTWpwWF9NemJIazR2QlVfTms4MUY0QmlNY2tWQmMzejVBd2d2RFUtek9wWVNiQUxtWlpCc24wOG5KanZUclVoNXJtYjl6YWlfLWRYRy02X0h6SDhKUEQzRDFjV05DdDJYSG1qR3N0Y0NiQjdjQUdicVNid0s0RkNvMVJwS0xDUjJzcHZKMWdkMGh2QQ?oc=5,MW,"NTPC REL Invites Bids For 110 MW Wind Project BOS Package At Khavda, Gujarat WindInsider"
2026-07-17 10:46,"Vestas Sustainability Report 2025: 201 GW Wind Capacity, 463 Million Tonnes CO₂e Avoided, 100 Percent Renewable Electricity Powers Operations - GreentechLead",https://news.google.com/rss/articles/CBMingJBVV95cUxPMGgtT0pjZE9zeFBBc3JldkdheXVsY0E0ckNHY25IaElEYU8tY0pRdHNDcm55NUdzN1BjcHpwaWFWNFRqcEdudVpteGlhYkdNa2RtOHZVbGxTajFKaXJseXNKVHlKTDFmenpsazlOUWl4elVoaWtkNDIxR0ptWE9SdjdITUQyYUNaR25JTTVCeVNnSEFvN1VyYkhqS2ZnVHl2XzhSZ3NwWEF3c0ZNQk1Gd2RBeGotb1lPTi0xUm9jdEhNLVY4T3VST3JfT0N4NDdGRnV3UVZxV0FnZ0lDSUVWWkJ4ZzU3VHNiWXdSaGJuY0dqbG5mMFRlWG5rZkx1VFhWVklUUGYzWWowUG5QWVZmWU93RThVeXRoNElTSWFn?oc=5,GW,"Vestas Sustainability Report 2025: 201 GW Wind Capacity, 463 Million Tonnes CO₂e Avoided, 100 Percent Renewable Electricity Powers Operations GreentechLead"
2026-07-17 10:38,Envision Energy Grid-Connects First AI Wind Turbine Prototype for Fortescue in Australia - Saur Energy,https://news.google.com/rss/articles/CBMi2gFBVV95cUxQU09lVEF2OU9aRGd4T2RfV2dhbW9HczZ4bTZKODhJdDhQZ2lKSV9jVkxfT2ZDdVFRYkVGOElrVDRpekJweFRPdUZoZnBYVG5oaTZLZG5LdUVwUldLNmNkN0NuMjB5Ml9UQUJsUnR6c3RoMDdCbXB1UXFXeWp1VTNUVzVBWTNTYVpmZFVEV1lOQUlVRDhsVDJ0QTVfRExlY3NYUjhBUFdqZU93dkk0ZHVCV0VJd2ZTdjdXX0dTWnA4UkRXbXZ6YmJRbkRfQnFqazZBZHU1TFVIS3kxUQ?oc=5,"turbine, prototype",Envision Energy Grid-Connects First AI Wind Turbine Prototype for Fortescue in Australia Saur Energy
2026-07-17 09:48,Offshore wind entrepreneur appointed to House of Lords - Recharge News,https://news.google.com/rss/articles/CBMipAFBVV95cUxNbGVYVkZTOTZsMGhIdzVSLW91VVdmalY5NGFNaHFqVDYyVmE2UzZ4NE03N2I3WmxUdHNGVnNiUFFyRzBFYU1Ja2lmVE05c1ctUDg4X2hrbHI4N24wSWE0aldBMWZNM2ktT1lxdzM1RTJ2dnJmeXdQdUI3T29DdjZLaEd2N2RKdGgta082bGZlTklyOVNJVUtGd1RRdEx6UzJxWWtyUg?oc=5,offshore,Offshore wind entrepreneur appointed to House of Lords Recharge News
2026-07-16 22:24,Nordex stock trades near yearly lows as recent losses pressure the wind turbine group - ad-hoc-news.de,https://news.google.com/rss/articles/CBMiygFBVV95cUxQOGVxR0xhSzdUNU9UN3BDaFZ0cDRXMGZSNkMybjIxcWFDMVNUV2Q3ZERIR0d0TE1xVTlmSTd4OHlQMG9sS3RTclR2YVQ5ZFFyQld0X2cwaDNEeDgtcTRibmVyd2RPN3QwanVINkFaaGI1NmV6bHRQWDNXN0E2UmN3VDJJRi1kbmtlTS1KY2Nla1YzVEozZ0ZDM0RGem5XMDdSdGcxeGd1WndCVTlGUkluVXNkcVNCaEdXUWVLbjFJNDloRURUZjEwUVVR?oc=5,turbine,Nordex stock trades near yearly lows as recent losses pressure the wind turbine group ad-hoc-news.de
2026-07-17 04:54,RWE Wins Contract for 21 MW Rethen-Vordorf Wind Farm Repowering Project in Germany - WindInsider,https://news.google.com/rss/articles/CBMivwFBVV95cUxNQUZqWTJVOXE4RnMtbHFIRkIxNzVxZ2dXUzNXVElsRVdiUS02MkQ1Mm8yZlRJaFloUVp4bjBsWlNtdTE4YkNBOHktNUZQeV9RQ3ZyOEgyUFBpUUdJODl0NmI4Um0xa0taeWFWTGJaMnlvbGFRQzhrd3ViUmgyTFNNTHk5czhkRFE1Wk1YdnpFUHpfRDFETHpLdVRzOHBZTHVFeDFEdzkwS3RBZUxHby00YjVZbGlUMGR3bTVoUnRHb9IBvwFBVV95cUxNQUZqWTJVOXE4RnMtbHFIRkIxNzVxZ2dXUzNXVElsRVdiUS02MkQ1Mm8yZlRJaFloUVp4bjBsWlNtdTE4YkNBOHktNUZQeV9RQ3ZyOEgyUFBpUUdJODl0NmI4Um0xa0taeWFWTGJaMnlvbGFRQzhrd3ViUmgyTFNNTHk5czhkRFE1Wk1YdnpFUHpfRDFETHpLdVRzOHBZTHVFeDFEdzkwS3RBZUxHby00YjVZbGlUMGR3bTVoUnRHbw?oc=5,"MW, contract, repowering",RWE Wins Contract for 21 MW Rethen-Vordorf Wind Farm Repowering Project in Germany WindInsider
2026-07-17 11:52,Power producer Resolven bags 200 MW wind project from SECI - The Economic Times,https://news.google.com/rss/articles/CBMi0gFBVV95cUxQb1VWczROeFRTUWJYS3lHQ1NCYjZ5djUyQ3d1dWR6b1B4cVpzTHFUaXZSZnpYOHZZSjlMb3c1UHlTaU1tU1dRUWF0X1M3QjFpV2k2bXlYUEVCM2NITzBsS2ZESzVxQTBnUkxaZ2prcTZ0TnJMOUZhc0dLS2RNOVhVWEZZOE44b24za2VpbVo5UzIwcWt0RVZVUGhsUXZKZ2h5Vm1GLTFpaGxXNEhUOElySUY5bDBHYlBzTzZmX1JuS2prWldiZlZjWUtCZDZ3emo3MVHSAdIBQVVfeXFMUG9VVnM0TnhUU1FiWEt5R0NTQmI2eXY1MkN3dXVkem9QeHFac0xxVGl2UmZ6WDh2WUo5TG93NVB5U2lNbVNXUVFhdF9TN0IxaVdpNm15WFBFQjNjSE8wbEtmREs1cUEwZ1JMWmdqa3E2dE5yTDlGYXNHS0tkTTlYVVhGWThOOG9uM2tlaW1aOVMyMHFrdEVWVVBobFF2SmdoeVZtRi0xaWhsVzRIVDhJcklGOWwwR2JQc082Zl9Sbktqa1pXYmZWY1lLQmQ2d3pqNzFR?oc=5,MW,Power producer Resolven bags 200 MW wind project from SECI The Economic Times
2026-07-17 12:45,Good Energy signs record offshore wind supply deal - Energy Live News,https://news.google.com/rss/articles/CBMimAFBVV95cUxQSkdLd0Y4ZWw5QnNId3hYV0xXQWpua0FkRFBsSC1zQU9teE9LTkluS1hkUWF5QlUtVVFyeFZ5TXNHYVVlNTVsVXF2aDhSc0lQWFdsZDJuQXZJUW0wcnFyYWNJM1pRUUJXVGYyRXAxbXlha2pHSTAtWlNILTJtZWZnOGpLRTNKcllfLUFNQmZQd01DWFdIMXNQaA?oc=5,"offshore, supply",Good Energy signs record offshore wind supply deal Energy Live News
2026-07-17 12:01,Cadeler Welcomes Wind Ace WTIV to its Fleet - Offshore Engineer Magazine,https://news.google.com/rss/articles/CBMijgFBVV95cUxNbUJPb0FUVmM4RThfaE5nVlNGSUFiRndiSE9SZUdYTDBUeFdWUnJoWm1sWTRYYmxoRmRVUXY5Q1IwUWRwRm5tU1dBRTM1TGFQVVNiOXQzWmhYV0JLU1E3NmRqNGtXWHFCYzNsMDNvZlQwdWRmbmlJYVktUVJZZ214YlEtQzVMV2p3SEF1d1VB?oc=5,offshore,Cadeler Welcomes Wind Ace WTIV to its Fleet Offshore Engineer Magazine
2026-07-16 23:36,Orsted stock steadies as offshore wind cash flow and impairments frame valuation debate - ad-hoc-news.de,https://news.google.com/rss/articles/CBMiyAFBVV95cUxQNmFCTWZGT0xxelJhZV8xeGFyeWRBM0F1SWJjYm44ekNhcHF3T0RCY0pDWVVWeUlYWDZuWDZJWHE1N3NtX0JlRXhra3pVdzJ2WklueDlCM2NJbTZPU0tmVWNvVzNwVWN1TU5Cd2F0bnBnY0xQOE5xaTRwUW5vZ3RSekVSWG1DNGtzWk9oRFlVYjdDTjZRNGNWVVZsVXlYb3FZRjRKZGEwaGZyREduTzlCQTFlTDRUMXpDU2I0cDFlcGt5Zlc5bnFRWA?oc=5,offshore,Orsted stock steadies as offshore wind cash flow and impairments frame valuation debate ad-hoc-news.de
2026-07-17 09:37,Taihan Takes Delivery of Second Cable Laying Vessel - Offshore Engineer Magazine,https://news.google.com/rss/articles/CBMimAFBVV95cUxQWHZ5bWxLZHhuWlFlOFU0UVVla1dHVE1ENV9aRnl5RmtPekE3bnlqQlVNdmZVVEsyckFSdFJBamhYLTQtY3JNYXJGbzNoUWM3Ti1PcXNzOTJ4MGQ0eVhCWEJZQjBoYWZtTE90V1JQaFBMLTI5U2RLdDZLcTZ2bE81VURmVVAyWU5FQ2dvamU1YlZkdWNNS0UtMw?oc=5,offshore,Taihan Takes Delivery of Second Cable Laying Vessel Offshore Engineer Magazine
2026-07-17 08:45,Denmark’s largest offshore wind farm takes shape: Half of wind turbines now installed at Thor - RWE,https://news.google.com/rss/articles/CBMiqwFBVV95cUxNdDE2NDNZelJkVDJKX0xYLXFPenpndWlsY2ozMkgxMGlOTll3b1MzSGpvRms4MGpuZXgzVFI4OFZIUi1yY0FsZUJyczhubkY2UTNlZkdoUUlBY1hGRTZPeWJxajMtT2xYZUkyVTdScXpNY3ZHUWJfVmFMMW5VMGluLUFBT0taT1pEUXhCRmlNOFcyMW50TnNmT2lya3VjYlY1bkJVbGVHbFVPZGM?oc=5,offshore,Denmark’s largest offshore wind farm takes shape: Half of wind turbines now installed at Thor RWE
2026-07-17 12:00,RWE secures approval for its 1 GW Theodore wind project in Australia - Enerdata,https://news.google.com/rss/articles/CBMivwFBVV95cUxOTlJRSU8yWWJOMU94UEJNc1MtMTVJOUFqZ2FsZEo1bWNTWVRaVTJ6OC1EZzNPS3NYcVZFMlByTW1DN0lrOVpxcE1wOS0tVHFJVzE3UTI0M0V2YXFVVWlIZ25YMkpyNm52eGZxdU04cEd5ZEpDdVhkNVQwd1B5YWo0ZUtQZkgxNXVCTkFWQ2R1ckZWRkFqcHRIeWxCWGctM1A5R1RSRFlSeHNEV19pZnF2VWVxODdJS3g0X2pUNWp3TQ?oc=5,GW,RWE secures approval for its 1 GW Theodore wind project in Australia Enerdata
2026-07-17 09:21,Thor Offshore Wind Farm Reaches 50% Turbine Installation Milestone | RWE - News and Statistics - IndexBox,https://news.google.com/rss/articles/CBMimAFBVV95cUxOVWZvS3BEcEE3dU1IVEtVdklHMXJaY09QVzd4VE5xZXU4X05iTlNFdXc2ZHE4N3hfdThDNU1lc1BLLXhCQVZLSzJkUGVsQkFjWTRZbUd0ZGNHb2kwQWVQdkRVUTFpMlkyS3NVS2dRN3BsR3FsQkxtVVdNaTk3dkh6ZmpsbkstNFU5MXZPanNXZS1WYVBGd0VpWQ?oc=5,"offshore, turbine",Thor Offshore Wind Farm Reaches 50% Turbine Installation Milestone | RWE - News and Statistics IndexBox
2026-07-17 09:55,Thor Offshore Wind Farm's Turbine Installation Work Halfway Complete - Offshore Engineer Magazine,https://news.google.com/rss/articles/CBMirwFBVV95cUxORnlJS3dUMmxHTGJzaldDTUVMbEQ1TEJvTWN0cnBFSktVUUE1bjhUSTU0T21YcFBScXJVcXN0MFdLZEVBd0ZwNk1kQy0xVnozajZnVFNDU1RRbU5HSklnZ0ZObGpGM0lKNzVwTnJkZ0hOSjc5bTVNUHpiNURJZWdwWlpDX2Izbm1lTEUwaTZiR0ZSbnNsZzR3NHN3Y0I4azJZeG5ncXlmY1FyU1ZIU0FJ?oc=5,"offshore, turbine",Thor Offshore Wind Farm's Turbine Installation Work Halfway Complete Offshore Engineer Magazine
2026-07-17 09:38,RWE Reaches Midway Milestone in Construction of 1.1 GW Thor Offshore Wind Project - Saur Energy,https://news.google.com/rss/articles/CBMizwFBVV95cUxPOTd2SXZXRGNySGRSbFRuZmx6R296TU5XdjJMbzBxNmlLOHVvbnFWSE9UVVZ0Q2RxWV9hVTFraVZDSzhJbFROWnFZeG81VmM0aUJad1dSYlBIbGkzaG1mT21QOTAybkdONXJOZ0o3SzVTTWY0dTNaai1XMHYyM0hrVUhaU1NHa1Q1Z1FwZ3lOcDZxMWNYbWp0VndDaTgxeDUweXNkVV9KRjNCQVpZWXZ4djA1djhJRnk4UXIwcWNSMUVOMUN2czlnSjY1Z0JvOEU?oc=5,"GW, offshore",RWE Reaches Midway Milestone in Construction of 1.1 GW Thor Offshore Wind Project Saur Energy
2026-07-17 03:52,RWE Secures Federal Approval for 1.1 GW Theodore Wind Farm in Queensland - WindInsider,https://news.google.com/rss/articles/CBMisgFBVV95cUxPcjV4ZlhWOS1uMUgzZHBzU3Z4YlZWbURHYzF0UXZmdTE1UlRsTlF6a1ZmZkdWT0N4cmxyMTc5VnpBS0NxY2RXR1ZBVGxFWG1sNUdTYzZ3ZlpnY1RFeUNBcVRlLUo1elY2SkVNdnUwWXFCa1dFaUFzWllzR1dqMFYtandRMmVzbWU2eWtWZ3QwNTZfdG1OYkotLWRxcUVIMEkxUi1TdTBlTU8xNzBFMzhRcFNB0gGyAUFVX3lxTE9yNXhmWFY5LW4xSDNkcHNTdnhiVlZtREdjMXRRdmZ1MTVSVGxOUXprVmZmR1ZPQ3hybHIxNzlWekFLQ3FjZFdHVkFUbEVYbWw1R1NjNndmWmdjVEV5Q0FxVGUtSjV6VjZKRU12dTBZcUJrV0VpQXNaWXNHV2owVi1qd1EyZXNtZTZ5a1ZndDA1Nl90bU5iSi0tZHFxRUgwSTFSLVN1MGVNTzE3MEUzOFFwU0E?oc=5,GW,RWE Secures Federal Approval for 1.1 GW Theodore Wind Farm in Queensland WindInsider
2026-07-17 10:30,"An eagle's eye is so good that past a certain speed the blade tip smears into a hole it flies straight at, which is why Norway painted one blade black on four turbines and cut deaths 72 percent — and the first outfit to try it offshore hung a 379-foot red one, becaus - Autonocion.com",https://news.google.com/rss/articles/CBMiY0FVX3lxTE14VWc3RHBqck0zNF9pQW5wM3BSZGNnbkpQNjJlZEVZM0lfY0M0eG1DRVR0anBDQXZIcU5ndVQ2T0VhZjJPWWwtM2UzSW9CaTdrTjF0OTRaampFc0dLWFNFNzQ1MA?oc=5,"offshore, blade","An eagle's eye is so good that past a certain speed the blade tip smears into a hole it flies straight at, which is why Norway painted one blade black on four turbines and cut deaths 72 percent — and the first outfit to try it offshore hung a 379-foot red one, becaus Autonocion.com"
2026-07-17 09:15,Grupo Carso to Buy TotalEnergies' Stake in Mexico - Offshore Engineer Magazine,https://news.google.com/rss/articles/CBMiqAFBVV95cUxNQmVPSTVGZGxvX1N1aFpnLUlrV1BWdkZKSUNGcDIwWGREYkIyU01vUHlXY0MwZC14QTR5akE4QnJ2YUY5Nmg2dXRZbGRPTlFEckV3SE1uTFNvb3FWSFVYTlpGUjR4cEkzdFhUUS03YUZ2OFR4aFpXUnBvQlFySDNQMGdoOXg2Y0p5UWZRT3NIZzRPSVNQMXFHaTNRNnNYM3hGMzVZa2J3N2I?oc=5,offshore,Grupo Carso to Buy TotalEnergies' Stake in Mexico Offshore Engineer Magazine
2026-07-18 10:32,Vestas Wind stock trades steady as earnings and order intake frame outlook - ad-hoc-news.de,https://news.google.com/rss/articles/CBMizgFBVV95cUxQb25XbmFST0dGVl9JaERzX09DaFlVUWIxWF8tVXFNUExCblZVcUd5ejg5M1dFYUtVeURJcVdaQ2JEOFp6ZkxNblJFUzJIMVN6VzdfTDFwM29Ta2NhdGgwYmMyWjdjTjdRRzNtUXNpOEpMVGxta2E1SHRDa0hzdV9yNGxxVXBSVjJ0d1lJSEh6TVp3NkNRNUdVMkpsTEh2b25yNndEcjFyejMzOFZieVktUnk3R1JScVd0OFJqUTRvZTJoaWs2TWhJRlpueHl0QQ?oc=5,order,Vestas Wind stock trades steady as earnings and order intake frame outlook ad-hoc-news.de
2026-07-18 10:21,Vestas V136-3.45 MW by Vestas Wind Systems - onshore workhorse for complex sites - ad-hoc-news.de,https://news.google.com/rss/articles/CBMiywFBVV95cUxOSWlJTVd1VVA4aVZkS2hEZ29qbmhtb2F6ZnJEMG9SemsxNmFtazNTUDdmM3d5b25Vc3hYbFM5SmVNS185T0I1ZFZSNTJ0TTMzcVBVcUNCWmNmREw0WnVWLXR3Z2IyMzBObTRrM0lJWTNzd1k1WGt5ODNUZmJTTndLdmh3QjJTNTJXdFBHbWFhUWxzNWtwUmZDZ1hRV3F6X1M0aEVxMGtPTXdpV1JKemhHVE1jVXc1ODM3OThhdVBMYjVlOWg3SWQ3U3ZxTQ?oc=5,"MW, onshore",Vestas V136-3.45 MW by Vestas Wind Systems - onshore workhorse for complex sites ad-hoc-news.de
2026-07-17 20:31,"Wind Power Reinforcing Fiber Market by 2035, Demand to Accelerate on Offshore Wind Expansion and Larger Blade Designs - IndexBox",https://news.google.com/rss/articles/CBMi3wFBVV95cUxNN1dUbUJCSFo0cmphekJrOU14MW0wRHgxQUcxS0ZfZFlydS1DS3RSTlJBYWpMaHl4YmZFTmhyYXVhalo5MkdKSy1JajkzZ0Q0RTlTUklXcFpNTzlxMWNJRFljaXotekxWZUUwWGpudVdHSEpKMmxWb1dId08zdjFjZUtnMXZFS0RLaUpBajZLVUk5UDhxVzkyTFNJeFJVMnBTdXo5ODdPdnQ4c0x3aW53RG5vdENJRkNULXNJbkVyYlBfc25mUHJ1LThJN1dFUVVhckQ2TUNVY1lua0RVUnRn?oc=5,"offshore, blade","Wind Power Reinforcing Fiber Market by 2035, Demand to Accelerate on Offshore Wind Expansion and Larger Blade Designs IndexBox"
2026-07-17 19:28,"Offshore Wind Energy Market 2031, Europe Holds the Largest Share, with Fixed Foundation as Leading Segment – Says Mordor Intelligence Reports - Barchart.com",https://news.google.com/rss/articles/CBMijgJBVV95cUxQQk9LVjh2ZEE0djQ2eFNwRzdGV2NuVGxVeHNmNjdXX0g4U29OWG5pbjFHeUJENl9veDJENW5JMXVjS1ZlNTVlZmFfeENfa0lyQXgyWU5pUUREZmVZZ2hBSTVMYVkycGpaeXRNRlMzbVV4UzBvcEpRYjN0OURpclBpM0VDTWhudnlDSTB1UW5iQmVlUTNjNjlxUHdOOFBYek83eW40T05CVGt6RmNLZmRaWEhCTS1IWjJMdnlZOHZJbFV5NmpVUVdlaHNUZTNxZXZFNy1CcER2ejVqcGNoUkF1M0VfS28xbUY5TnkzWFNnVjhObFpqY1RtdWgydF9PYmVxTHNsTW1Sa09GLUdRRXc?oc=5,offshore,"Offshore Wind Energy Market 2031, Europe Holds the Largest Share, with Fixed Foundation as Leading Segment – Says Mordor Intelligence Reports Barchart.com"
2026-07-17 20:48,Pentagon's wind development halt puts $47 billion pipeline on hold amid state opposition to offshore acquisitions - TechStock²,https://news.google.com/rss/articles/CBMizAFBVV95cUxOdmtsLXZHUXdDT1ZsV3hmR1JueVd1cVFmdi0wOGdFV2V2ZFA1bldSU1VvOU5XanpwLVlNRUlzcElMM0ItY3dwOGl5dWpxVnhZNWtOMnRmNG1odDZyeEJ5ZnMtREhPb2trSjFwMzRvOVUzYzBDeTJjaDBxc1Vvb3h6LUQ0a2ZYWEN5RUpERV8tLXBMbDBTU0dicnZQVEJ6bjVJd0RXeE5JaUV6VTgwYTNCRlNLcmtOaFgxT1d3dlNzcFpIRnR3VWhnU3NiVzM?oc=5,offshore,Pentagon's wind development halt puts $47 billion pipeline on hold amid state opposition to offshore acquisitions TechStock²
2026-07-18 10:17,Nordex stock trades around recent lows as order intake and margins shape investor focus - ad-hoc-news.de,https://news.google.com/rss/articles/CBMiywFBVV95cUxQbXE1ZVVCS1JnWTFFSUlEaDVvUC1HeGxoUV9aLWRFVkJlbDZkeFlWNjZDT1pKaGl6R2tLNDR2WkVhNlhscWdCN1FwY3NMMkZJZEU3end4QTRJaFVIX0NiakNwQzNtQVpGdFlib0h2ZTNaRm53a2FvZTNLLUstV2hBUERKWXpBZURFQmtjZk5fdFlMMkw0RWE3T1FGREJSTDZfemFBQmh4LXVqR3Y1MEpITlFYZEE3Y2ZPaDJKX2c0SWhaY1drZmFqdzRpSQ?oc=5,order,Nordex stock trades around recent lows as order intake and margins shape investor focus ad-hoc-news.de
2026-07-17 15:14,VSB France Launches First Wind Repowering Project in the Meuse Department - energynews.pro,https://news.google.com/rss/articles/CBMioAFBVV95cUxPZUpZZ1d1dUdsaGhWOE1XbHFnUlhxZDJ4azBNZXpwTDRUU3NMNkc3Y0FqOVMyclZmSnRZRXhyXzhGNjdZeHI4anJGTC1KRjNwMlI3dHR0ZEl5SEZoMkt4RjZlWmIwbHZ6TnRXRGI5MGZYY2F3TUYtOGVEcTRpbDYyYndUaFV0a3p2dFpuTUo0MTZMSzZRTXdGQzc2VGtLSDBk?oc=5,repowering,VSB France Launches First Wind Repowering Project in the Meuse Department energynews.pro
2026-07-17 17:49,Trump cites national security to stop offshore wind development. Here's what to know - PBS,https://news.google.com/rss/articles/CBMiwgFBVV95cUxPRG51RUV1NkJCTmZKem1GUzJZbFJXTnc4RzF2YzJXbW13N0lHODA3SVV1MHIyeWxoTy1rUlZFVHlOWDlBY1pEanpUcWdhN21xckRJRUxLLV9kTURNMzA0OE5JdEF0VzZaQzBmb3gxNl9OR2Zvc2JyR1BGOXk0blpLZVZPU0Vwb0g4MkVkVHJ0QVJXVlJpZUJzcW9Va3hPMmhEWjNHVUMwTGZ3NDhVbExxUzlMR29nM0U5ZnVyRDdnXzFPZ9IBwgFBVV95cUxPRG51RUV1NkJCTmZKem1GUzJZbFJXTnc4RzF2YzJXbW13N0lHODA3SVV1MHIyeWxoTy1rUlZFVHlOWDlBY1pEanpUcWdhN21xckRJRUxLLV9kTURNMzA0OE5JdEF0VzZaQzBmb3gxNl9OR2Zvc2JyR1BGOXk0blpLZVZPU0Vwb0g4MkVkVHJ0QVJXVlJpZUJzcW9Va3hPMmhEWjNHVUMwTGZ3NDhVbExxUzlMR29nM0U5ZnVyRDdnXzFPZw?oc=5,offshore,Trump cites national security to stop offshore wind development. Here's what to know PBS
2026-07-18 06:50,Orsted stock trades steady as offshore wind earnings and guidance frame investor debate - ad-hoc-news.de,https://news.google.com/rss/articles/CBMiygFBVV95cUxOSXBEUWxKYlVFVWxuRmktZEh4ZTFDMC1TQ1V3S0pqcVYxc25RU3Z6UDlFTFJYdkpOOGZ2dmNuUjZ6TDZKQmRLeXJpUjh0Ty1BY3J1MXpBSWFqbUd2SkFtZzlyb2JVRWFYMmx1aFM5aGpwUkR4a2JYeU5pdi0wQjNfQl9jelVKQmpUYjk0T0tkWGtWYUlFQ04ybjB6NS1URGZMM0owN2FGNVNKcjJLSmtzRTJadGl0SlFFSUwtcnEybVpsQThfVkNHNGtB?oc=5,offshore,Orsted stock trades steady as offshore wind earnings and guidance frame investor debate ad-hoc-news.de
2026-07-18 12:35,RWE (XTRA:RWE) Could Be 13% Undervalued Following Offshore And Onshore Wind Progress - simplywall.st,https://news.google.com/rss/articles/CBMixAFBVV95cUxPbl9qUGtFak5ReDFLaUlvYS1lbm4taVI2Rk13SFh3TVgtOVg3cVNKd3ZINGxFVWFfQloySlBxZjh6NTRMLXVJR3JqV0lvZU5SdUxZcXJpTjF0ZDVzYzk1R2hZM0plaV83LVh2MmpNLWE4YVNYdkNJRmJYaGk3MUcxcU9sS1JQTDJwTFI5YTNiNS1Tb1dBRjhjRVR3d3lmeF85TGhYM2trN0JUVzVxcV9DT09ReGtfZkRvekZrZEk0SWVsOE8t0gHKAUFVX3lxTE5VaHd1Rm1LMm96Yi0zT3JxU0tJdGNYUlBZbXVtZEhmWUJqVTIzTTluQ1FndFZ3ZWZ4N3U3VVdIcTFXRXRrZUZYOGxJZEd6aEtrZUl4SHNDRERkY2tISzhLajNwZTlfUmxweElwNUJvZUUtTVhXakhrTFFiSlpNYmZRaWoyb0F0ZHdxbVljMVBoS2FWQmdpQ2dBcGNwR096WTVqT3lWemJEY3hObFhid0FHaWRLNU5xWlRRaTBqeVZHRTIybUhDbWl4dHc?oc=5,"offshore, onshore",RWE (XTRA:RWE) Could Be 13% Undervalued Following Offshore And Onshore Wind Progress simplywall.st
2026-07-18 09:49,Acme Solar Secures Rec Funding For 450 Mw Assured Peak Power Project - megaproject.com,https://news.google.com/rss/articles/CBMirAFBVV95cUxPMDEwd3lla0dMRXZxc0Rzb05MVkJGNnNFTmpsbG9WWjlIWWpSVEFXV1BsRVNQY2gyek9saGJLQ2VtR0diUVBOeGZnLVJhWmFydjdMd1JmVjI3Y2MtNlBmU3g0d3QwLTdUSTNXVTBqTFMwYnpPWDBYWlFybVhuWGNQLWdELXFzQmVad016LWQ5SHVmN1RfLTRuWlE1SEJWVUhTZUsxNVg0RlY3VlBx?oc=5,MW,Acme Solar Secures Rec Funding For 450 Mw Assured Peak Power Project megaproject.com
2026-07-18 09:49,Seci Floats Tender For 45.6 Mw Wind Project In Andhra Pradesh - megaproject.com,https://news.google.com/rss/articles/CBMiowFBVV95cUxNcklHdU51MUQzbUpoVXM5NF9tRWlLb1A1SXlGUElOTGRETkRyU1JuTEtSZU5nNHZERVozMzVEWjVwaXdKNzVKZ1g2MHR0c1FiQUlFaC1GemY2UW9STHl1M1lqRE53X1pJQTFpVm1pUDhhNVpMeVB0OExmMXNHQWFCS1dfdDNlcFN0bkQ4U1k4WjlSVWF0LVpnWG1nMlc4UVRmdG1r?oc=5,MW,Seci Floats Tender For 45.6 Mw Wind Project In Andhra Pradesh megaproject.com
2026-07-17 18:58,"Offshore wind companies expand fleets, partnerships and project planning - Offshore Magazine",https://news.google.com/rss/articles/CBMiywFBVV95cUxNY2xyY3NteDNncFFGOU9hRDVQalJuTjR1ejhSMWl6c2J4Z0JlM3hiNjkxRTkzcFVZS3dIQWdJV3NKMFBTTmExa1NHUkZuUmNEdWtnV2NGS28wenI2R3RVR0t5N2lsU1VIN0pJRkZiZzlfOFp3ZjMxRkpIQjItLThFcjA4OWZPYVNudGFQSE9kb1BhMmUybVRKV1BBN1NOSE1PMkxOc2RyTndRSEZaVFFoTWxJbjBBWENob090bTJEdEItRTVITUtib3k2WQ?oc=5,offshore,"Offshore wind companies expand fleets, partnerships and project planning Offshore Magazine"
2026-07-17 16:10,Spain adds 1.76 GW of battery storage projects in Q2 - ESS News,https://news.google.com/rss/articles/CBMikwFBVV95cUxQaEdMYkpyQnhRSWJQWVRORC0tUF9BQXBFR0VqeUhPN3RGN2R4cWlVaXlzV0hYTTVuN3U5eGVoczU4bjFKcjRYZHQwS0xQMGZUTXpEb1pVOFJFclJLV1FPMzBjUnV0OEM1NnNkTy15MXNneGlNdWdXRVBIbGtwN3MzM1pyVVBDTXM3NUFRcXZfOHRTVDQ?oc=5,GW,Spain adds 1.76 GW of battery storage projects in Q2 ESS News
2026-07-17 22:45,Massive Wind Turbine Installation Vessel Maersk Viridis Arrives in Curaçao - Curaçao Chronicle,https://news.google.com/rss/articles/CBMivAFBVV95cUxPZVR4OEU2RUltWWU1TDRldUQtc2pZSkNGa0w3dUsxdXVBMFVSbkN4S0lYM3FXeWdxVGYwNGZtNl9XcjBpNVZvOXZaVWNGbTVnSFhCbTRpcEhwVGRLWkp2TEVaeHN2QXk3eXZBX1NpMEg0LVRXdWVJVlpGTWhFSExUWkVvUGY2bUM2Ykc0eFExNlY2NFFXZlE3UWlTRzN1VmdjYWJRUW40MVQyUzlIMVJZbXVyM29hNW5jamxOQQ?oc=5,turbine,Massive Wind Turbine Installation Vessel Maersk Viridis Arrives in Curaçao Curaçao Chronicle
2026-07-19 04:02,Vestas Wind stock holds gains as revenue and margins improve on strong turbine demand - ad-hoc-news.de,https://news.google.com/rss/articles/CBMiyAFBVV95cUxQVllZOFo5VFlybXY2N3V3V2h2eThveE44V293bkpVc00taDg1TlRyV3owUzV3c2N6bGd0OFhZZy1SMUNBQVNuVWNEbGZPOHp6ZGRhX2Exam1mazI2WVc5TUtMdUhKMTRlQVNOVnNtQTZhMXdtXzJDbEFSTWVDYlhEczB6U1BRQ1h1WGlqSGs3QldlSGNOeG5zdndUT2s2QVZTT25wRDIzMHp6YVN2N0ZMaGZYZm1IbDVHUFZXeWd0dERkVVpxbnFMcA?oc=5,turbine,Vestas Wind stock holds gains as revenue and margins improve on strong turbine demand ad-hoc-news.de
2026-07-18 17:23,China's share of global wind turbine market reaches nearly 80% - Nikkei Asia,https://news.google.com/rss/articles/CBMiowFBVV95cUxNeEUxcEl4dWpDZUItaW5FSDV2XzFYaEc1VEZ0MjFXNXZqVUtYLXZjalg3ZG51bk1oLTdiN2cyN19FM0MzSE9aODB0QkJRM3JYcGFIM0FBdFpyQV9lekJ1dEQtM3BVRzNOMlhHNXNtbjRWZkdwbm9PSTNlM3RiTlJrYXp2Q0x5bFY5SHBwNE5LUVNmNWVPRWZQVm80aWpQb1EzV284?oc=5,turbine,China's share of global wind turbine market reaches nearly 80% Nikkei Asia
2026-07-19 02:17,Orsted stock steadies as offshore wind writedowns reshape earnings profile - ad-hoc-news.de,https://news.google.com/rss/articles/CBMizgFBVV95cUxQaXlLeVVTSDhYeDZNZklVS2dQTTBYeXBMWFl2WV9rcnRYRkI4ZzcxRC0wRGcxVEYtb19WMGVKTnZNT3B5MHpHRWt3NzZ4U1ZTazNHVU13a1NDLUx4dk9obU9SNlRlaDVkR2NGT0FQVXFDMTJYWjF0dWlTdDZ5aVNEQ2hBWVZLYzZuZEdOWEZNWnlkTzBvNHhta1loNkYzdlpDU0tYYURSNXN5eXdpeVZQb3pHUTRRTV9DaVFSNmtISHI0UmFYblJBeTI4WEdIQQ?oc=5,offshore,Orsted stock steadies as offshore wind writedowns reshape earnings profile ad-hoc-news.de
2026-07-19 08:08,Kec International Bags Rs 11.8 Billion Worth Of Orders Across Various Businesses - megaproject.com,https://news.google.com/rss/articles/CBMivAFBVV95cUxObmZtRlA3MHo1ZVdnUXpDdmRjVEpnMlRrbEVJNUdTTXFWX1FXc3pPenJNeENKejRoRTRuS0c3Q0RZcTd6a0xVQnZBaEpyUzJVdVBXNXhISURMQm9mTHNaYkptWWhFTXdKSENOX0cxdVE3eElpVjdrSXVoWENncGtSZVNmQUx3aFJNbVBibnNtb0VNSER0UjNGMkJJVk9iSERzNHlzaC1nYzl4dFJOMTF3NV9VbEplb2h5WmNhWQ?oc=5,orders,Kec International Bags Rs 11.8 Billion Worth Of Orders Across Various Businesses megaproject.com
2026-07-19 06:23,Iberdrola stock trades steady as energy group balances strong 2024 results with major US offshore wi - ad-hoc-news.de,https://news.google.com/rss/articles/CBMizgFBVV95cUxORkpKeHBYbVNDbk8tdEFTQlJTcksyaFNrMW5QSHpaZDMyekRVMWNnWFd4d1BuSUdOdGIwNndxRXBlaW9oeFlJaWcxaG94MmJ6cXJuVjFJeHo4aV9rQmhKNld5d1dIZ1pkSWJYV3JtYWtFUGNha0I0VTRsSmloRVNJRWlvNkh5c05zRm1lVHdFeE11WmlhenNkWEx2V1NVTGI2LWNVVnY0MUd2eGRUamZGRnktUks5aTBrQ3JjRzJsZ1NDbFdxdm9MaEcxaVdHUQ?oc=5,offshore,Iberdrola stock trades steady as energy group balances strong 2024 results with major US offshore wi ad-hoc-news.de
2026-07-19 07:20,Equinor Gas supply services - Norway leans on flexible long-term contracts - ad-hoc-news.de,https://news.google.com/rss/articles/CBMiywFBVV95cUxObDFpajFCNXJGRnRsX1JZSTZXTHZyWVVKNVppWjJrcmZtOTVJOHV2WGo2RjRyS2ZKblJtNU1CbnlPNGJnUzk4YS1lZlRJREFVdDdBZEIxRHRmYzdvcjBTdkFxbWZYMFhBTzJhT2Utb09Xa3A0UG1IMWpiOHZ6RlF1Z19USHVZb1BST1JvZXZ1X3llWHRwMTlMa0VyWnZRTE5kZjZrdERaZ0tGdF9pSGtpQUFIZHJWNzB6VDNPU0p0WTdjdG9LSHhyQllGUQ?oc=5,supply,Equinor Gas supply services - Norway leans on flexible long-term contracts ad-hoc-news.de
2026-07-20 08:45,Final turbine installed at Golden Plains Wind Farm - Windtech International,https://news.google.com/rss/articles/CBMisgFBVV95cUxQOTdTV3MtNVpwek9EMWg2WFBYSEpaUlJ3S21IZ1hlM3RkaXBqQjNhTzhwVWptWnBfZ19kb1BIdlZhcV9EOHAtSVFDSENudm4tdjlhbGhDeU1sRWtQX0E5T2FoVUVhUUl5WTV3ajU0QmdFSUg0OEZFWV90RlctSUNINlBxUzBmUlRFQlBLZXBEaTR1MnZYcGVzNnZFZGwyWGNUMDJ3VDlhbXk0ZTdfRnZCM2xB?oc=5,turbine,Final turbine installed at Golden Plains Wind Farm Windtech International
2026-07-20 06:58,Final turbine up at 1.3-GW Golden Plains wind farm in Australia - Renewables Now,https://news.google.com/rss/articles/CBMipgFBVV95cUxNUFd2VHZFbXpyQUpULWQweTRiSXRhRFBmTDhodDBlYjNRQUhpUHlwMzlJNE1oVnQ4UGl3dzFId0FfRi1MOGdZZEVJWEJUbnBDVE43c3FJM2pTeUcyNVdWWU9CQUNJYVBQd2QzZ2JfWUc1V2tIYTI4dkp5X2tLZ204dUN6eFZYOWIwYlBleVdrdTlEMWNyalduQlEySjFnd0hLOVZHYnh3?oc=5,"GW, turbine",Final turbine up at 1.3-GW Golden Plains wind farm in Australia Renewables Now
2026-07-20 14:40,Eurowind Energy Romania begins building 138 MW of wind capacities - SeeNews,https://news.google.com/rss/articles/CBMinwFBVV95cUxNazktZkd5Q0tmSGVsczU5YldRbk9LVTQ2Znl3cGtJbVdRTmNnakxWd0lEekhqVG9QUzVoalFuUHQ4QnVtVHBLUUpsSVlnS2J1clNlTGFMZHVQdmYtVzE4R2diZnppVHQySDFlSXpWOTU2WFlkeHpHOV9CT25KTXl3eDk4dlRaWE0zcEJjZjZsSHpmcVk5alVjOXEwVWRYOHM?oc=5,MW,Eurowind Energy Romania begins building 138 MW of wind capacities SeeNews
2026-07-20 10:06,Eurowind breaks ground on 138 MW of wind projects in Romania - Renewables Now,https://news.google.com/rss/articles/CBMiogFBVV95cUxQTHNYZFJ1WkpkSHhqdEJQOEo4clVWTFE3ME1TcUd0SGo4dXFZaWI4UXJLeTNJajdaU081MFJxLTVrbUFGbjhyeW5ILWZ5NVJKd1ZkQmNua2RLT1pnZ3NZZnVNU21WTHl4Smd2Y1VfakFUNWN5SnZUNkNTZnYwVU9KclZvbTVHc1NfVDhNSHBHQ3BjOFp3NEtGS1ZpN2o4RWx1a0E?oc=5,MW,Eurowind breaks ground on 138 MW of wind projects in Romania Renewables Now
2026-07-20 00:21,Final turbine installed at Australia’s biggest wind farm - Renew Economy,https://news.google.com/rss/articles/CBMijAFBVV95cUxOamtxRkJOWmN6N0w2WUJDaURvNkw2alo2VUtKSFdVMlEzNVNxX3gySUwyLTNWamUwQkUyX2I4WlZ6SHBRQVlVdFAwbjJTZXJXV0UyZklBSU5pZ1RuVFBNYVUwMVRKUmdxUkt2VTk2eGk3VjNBNUdibzlnNVRVLWxHQnFCLUxqOGJGU2pmN9IBkgFBVV95cUxNVks3ME11dVpxLUFGNEtPTXo0c3RPbjRGNkNsdENLUk9hSWtyQXVnajlpZ0hOSEtzeU8xNmc3WW9UY1YweGRWMFdHN1dSd0kySVBYR3pzZWdTNXhoVTZDUG9vWlRYSWNhQWRld2pPcHhWazRicGxLSmowb19CdEpqSUhsWlVoWUlXR19TVzFZUjhWQQ?oc=5,turbine,Final turbine installed at Australia’s biggest wind farm Renew Economy
2026-07-20 07:50,Hawaiian Electric orders GE Vernova aeroderivative packages to help Hawaii’s power remain stable and uninterrupted - GE Vernova,https://news.google.com/rss/articles/CBMitwFBVV95cUxPY1llX3hob3pEOC1pVEduS2NydnB1ejZjeWd0LUZ6anMxSTRQUzVTQmpBaFpSenhLSmxEU1VqbURlaEVEMkdHbUJlS21RenJrTTQyaTk2VGFnZlZ2S3RiWTBicjYyZjluU2ZjUkdreklBSnN1SF83QWo0eGVPRFhQLWctbnRzR1pPWVRzdlY4WDc5cTVlLUpOTHc1dVpZVmZoOFNyMllnUFlpZ3hjeWhMU0VxSkYydXM?oc=5,orders,Hawaiian Electric orders GE Vernova aeroderivative packages to help Hawaii’s power remain stable and uninterrupted GE Vernova
2026-07-20 12:53,GE Vernova has signed a contract with Hawaiian Electric for the Waiau power plant - marketscreener.com,https://news.google.com/rss/articles/CBMizwFBVV95cUxOTTIzTVB3WHlObWxUcExISGNKRkVmalVKUThVa1VYcnNUeXkxaEhBekFVWG0wYTBZcENuRHF3bDYzaGhoek5sSzh1WWJEWVQwNVNTV01RXy16a1JGbHZrRFpRSTBsNUF0TTlzcjUwLWZ1ZE44VWhkM2JfTXFWZEZOUW1qR0hBZ1BoMEZQUlZsTFBVUVlUS1lfY0J6eEhtSGkzUlNBR0gyVmdCcTFUd0luZGpmVnNmVVJ5OGptU1N0eFdpbHpnelhYdW1rNndEcUk?oc=5,contract,GE Vernova has signed a contract with Hawaiian Electric for the Waiau power plant marketscreener.com
2026-07-20 07:00,Good Energy scores 400-GWh offshore wind PPA with Ørsted - Renewables Now,https://news.google.com/rss/articles/CBMimwFBVV95cUxOTmtzU0M2R1p0NFNWRFJBZkd6SXZhNGtDejZBYmI2bWVCZmk4T0JVZlljT29OV0tqOF9IdWd2ZWd0b0RCZFBGb1doYXUtYldNUllabWZ5MmdmUkVwNHJmdFdqbkdQdExPWlJ1VnFVMnduOEp6R3cwRUM2MXpGWFBib3BwNjF1aERRVFYydDRNZnhBNkZlOU1ZalJORQ?oc=5,offshore,Good Energy scores 400-GWh offshore wind PPA with Ørsted Renewables Now
2026-07-20 08:06,RWE reaches midpoint in Thor offshore wind farm turbine installation - Power Technology,https://news.google.com/rss/articles/CBMigwFBVV95cUxPLUZyaVNVM3ZYN2EyRWozUkx0WW9zbGNvRkcwYzlOcUVtazJnWEdRME1vRHh1c0x0NXY2YnNtbVZLVmxaamJ4dW85SXhwOTFMQ215UzRzSlJwbFRLRlVzaHZFVTZET01ITGZVUENqSDJSbV9EcVhLaGEyUEl0Nlh3WEtYbw?oc=5,"offshore, turbine",RWE reaches midpoint in Thor offshore wind farm turbine installation Power Technology
2026-07-20 12:03,Denmark’s largest offshore wind farm takes shape: Half of wind turbines now installed at Thor - energy-pedia.com,https://news.google.com/rss/articles/CBMinAJBVV95cUxQWDhaTHViMC0tRmpIZVZNbnFLYlpxa0hDNTliRk9GWUtLZUJIcjFEQ0doYWM4cXhabGd1MkxUMUNyZXNDV3IxZ3JJWU1aYUo0YUR3UkRaX1JTZGhPd0ZsZkNZLUhUdlJLNXdUTFIxQmZtajBNakVvMldEMGQ4UnM2YVFyVnlpQ2FMdUIwMUM5dm9ZTXN6dVR3NXVaeWV0OGdQN0I0SEFLSG9LOVMtdUIyeG1RblJ0Q1hWUndjTi1fMVo4VWl1cGRLYnZiWVcydjRyeXJWWjVOUjhqOGJjWXJxU0l1bUViaEtmTUJzQ2lFbC04ZVFNc0gwNGl2Q21hT2c3N19icDlWTVdhLW9NcmdoSlk4Qmg2Q1hFNnFRYg?oc=5,offshore,Denmark’s largest offshore wind farm takes shape: Half of wind turbines now installed at Thor energy-pedia.com
2026-07-20 07:04,RWE installs 36 of 72 turbines at the Thor offshore wind farm in Denmark - energynews.pro,https://news.google.com/rss/articles/CBMinwFBVV95cUxONjZtRFQ1dnBOWjlsVHh2VUVfN0tiQWxKVjJEbm1wNE16TTZtb1d0anc5VTlLd0MtRUt4NjFMelE5VjFuM0RTeEVXblplS3lzVHhLWHFFbS1qUjczRHpFMzhwdVpPUVRGb2E4U3Z2MVQwZ3J0M1dDZGxwNjZBUEg3VTdqNG5xQnNsMVpsdkhhYzd2SVZzUTdieGE0MlNhNmc?oc=5,offshore,RWE installs 36 of 72 turbines at the Thor offshore wind farm in Denmark energynews.pro
2026-07-19 18:00,RWE will modernize a wind farm in Lower Saxony with 21 MW - Inspenet,https://news.google.com/rss/articles/CBMifEFVX3lxTFB0alhqN1dWMDlIeThkaUdjNWpjdWlCODFLQXRlejBhX1d4RmIwTWI4aTkxSHZsS1hNd09pWEtQV21CUm1sVndmM3E2NUhibnZvQlM5anYxNHBxUGxvYU1mMm9Hd0dKSHU5T0hWWVFRWWhjV3JtUjdHU2tzNEo?oc=5,MW,RWE will modernize a wind farm in Lower Saxony with 21 MW Inspenet
2026-07-20 07:56,"Cadeler Delivers Wind Ace on Budget and on Time, Bolstering UK Offshore Wind Pipeline - Breakbulk.News",https://news.google.com/rss/articles/CBMirAFBVV95cUxQLTlXaUVqYWNzdExQV0JZTVlDYlVnN1dUY3l0YkcycXdPUWF4eUZNY2RyWWtyeEszX0Zwb1pHM1VvNl9JNEpFVEI4RHB4aERHSGdfc2lqLW4wMTk4ZDdRNUJOOHQ4REhtaVlMS2FLcDlxblg1UkNIRUdRM19Wc1NDT1lmQ2xZRWRyb2swLUJjYUVVWHBiV2JfTVFLRkFsR2xKZ0NJY01PdXc3S0ZQ?oc=5,offshore,"Cadeler Delivers Wind Ace on Budget and on Time, Bolstering UK Offshore Wind Pipeline Breakbulk.News"
2026-07-20 13:26,Equinor stock trades steady as offshore wind and oil earnings shape investor view - ad-hoc-news.de,https://news.google.com/rss/articles/CBMixAFBVV95cUxPVnBtZTJVVmJaOWd5ZjNUWjNqSkF5Qnh1WG1UQWhlTG5KRC11dy1lZHAyUk5xdFBUWHhnOVVKY0pFZzBDeUhhUFBGa3VwUUdGWDRkVEZfR1JGQUxnNGRtbl9LaUdROThwVEQ4Q29WSEw3WlF1bDRsYzVoaE0yRUhUcGNCbTFkRFlDWkZPQlBYSFhscWtNcDVJNHJqZW5lTkxtQnoxRm5zVXM5VzhIWEpKSzFtQ3dqdXhfYk1qVDBudjhEMjRH?oc=5,offshore,Equinor stock trades steady as offshore wind and oil earnings shape investor view ad-hoc-news.de
2026-07-20 14:10,Flintstone to start scour protection work at Dogger Bank C - Offshore-Energy.biz,https://news.google.com/rss/articles/CBMilgFBVV95cUxNQlgzSWxoNjVzSm13eWE1ZGdNdGFsWE45S2VRTW5ZdVlIaVRVaktLUFU3U3pyc0UxVDQ3VmhzbDl2LUVzOWNLR3RyRTMwY1BIWDlHaEladmdKX2JUQmJTcEx3MEUwc1NMQUlBR1VkVHFUNjBxZ05kUWhycncyVGh3czdubFVCQzlrU0pTQVRlRlVZdWlKNWc?oc=5,offshore,Flintstone to start scour protection work at Dogger Bank C Offshore-Energy.biz
2026-07-21 07:32,Vestas takes over 300-megawatt wind power project in Tasmania - marketscreener.com,https://news.google.com/rss/articles/CBMitAFBVV95cUxNUFY3cEZYa01XOXhXZnRqXzdoNnJoSnhlUm9oU0dUcFFXV09SWVhxQkNmTVFCZks2a3RMM3dyVjZGeVlIV0ROeFFvelpSS2h0TVZKdUY3bTRRaWdHb3JkVTBvUGl0bXBtT0lneHVjR19yRXE2bDlXc0xCdm5PR0JoU3pncWM2d19ib1loT1Zfb1dCZncyZkdwb2xwTDh4cGV1YnppbDRfaXZiX2pfbTNPUE5oQ2M?oc=5,megawatt,Vestas takes over 300-megawatt wind power project in Tasmania marketscreener.com
2026-07-21 07:19,Vestas acquires 300-MW development project in Australia - EnergyWatch,https://news.google.com/rss/articles/CBMia0FVX3lxTE55a1NEYXJXcWktOHYzNGVhM044dldSeGxfZGdIcERLd1ZZVXFTWHJVQUdtVGJQc2dkSGJWNTJTR1k4TTBQY2ptY2RKUjVjTnlWWGN5TFFNVFpjbjBQc1psUm4wYjVmemk2UUdj?oc=5,MW,Vestas acquires 300-MW development project in Australia EnergyWatch
2026-07-21 02:59,Vestas completes 215‑turbine build at Golden Plains Wind Farm in Australia - Asian Power,https://news.google.com/rss/articles/CBMirAFBVV95cUxPQ19pb2V2RHlSOXRoTVpWWFdnMWxBWkdfc0ZyYTc2UVdBdjJndnBPRi1PNVZyU0FPLVhRMmtLSFBXSENHTVFsTm5QMlJiSDJpQ09VdnN5T3RSYl9KS1RxcGt0bEpYckNkNzBxVEtSdTYxcGl0eTZXazRxU3lGRnl5NUdUSFV2Ty1qZW9JOHdiQUVpZHdib25iN0hfTTd6cHU0bWs0Vkw5NDhXNm9M?oc=5,turbine,Vestas completes 215‑turbine build at Golden Plains Wind Farm in Australia Asian Power
2026-07-21 08:24,Vestas Completes 215-Turbine Build at Golden Plains Wind Farm in Australia - energynews.pro,https://news.google.com/rss/articles/CBMiogFBVV95cUxPVHkwRXVnUmEyUFdQZWoxbkJVV1NEN0ZCRS10UUQ3WlE5M2hWRGdXMEJtYzJTOVFHbnNKQ3ZwRWZlYkV1T1J2Y1VwaWZJZ0FUZXVoV282OUZVcTgzRDJMUUc0N2FxUHhHWWtFbEppV05HaGVSNXhuekRyaWpwbTJuRnJqNGlHemtkWFNsYlc0MEJwZzhJbnc3NTQ2ejM5dVU5WFE?oc=5,turbine,Vestas Completes 215-Turbine Build at Golden Plains Wind Farm in Australia energynews.pro
2026-07-21 12:23,Eurowind begins work on 138-MW Romanian wind projects - Anadolu Ajansı,https://news.google.com/rss/articles/CBMipAFBVV95cUxPcmY5M2daM3I0WW9Pc3A3NHJ1bkhGa2FFOWMxYXJoaXlKTV9XcFduS0NnV0JxbHp3ZXV0NnpQQlZ2bTM5QUljOWZCUFdPdUUzZEJLWG1lUFlsNzVnUTRPa3ZHOHpjV0I0THNJXzllY1JSX21nclZHUjJNNk04S1cwajJWSzN2eXc5eC1jVzBjUVVRa0RYcS13MnFtYWd0V0UtcGphRdIBpAFBVV95cUxPcmY5M2daM3I0WW9Pc3A3NHJ1bkhGa2FFOWMxYXJoaXlKTV9XcFduS0NnV0JxbHp3ZXV0NnpQQlZ2bTM5QUljOWZCUFdPdUUzZEJLWG1lUFlsNzVnUTRPa3ZHOHpjV0I0THNJXzllY1JSX21nclZHUjJNNk04S1cwajJWSzN2eXc5eC1jVzBjUVVRa0RYcS13MnFtYWd0V0UtcGphRQ?oc=5,MW,Eurowind begins work on 138-MW Romanian wind projects Anadolu Ajansı
2026-07-21 06:46,Envision Grid-Connects First AI Wind Turbine Prototype for Fortescue - Construction World,https://news.google.com/rss/articles/CBMi7AFBVV95cUxOUDF3SlUtU0dBbm1uOFBZcFFIaTN1UHVQN1g2Y2R2NDRmOUJjS051Q2VvdkZRVERObzZqN2F0S0pfbjlObTc4NDN0ZFJsdFFmXzlYWW85ek5STURvdTFrM0tsN3U3d21jSDN2dzFhbzlTazBtTDNHSjZUZzlkNGYzMHl2Vk80VTNmVi1JeWF0UEJ1ZXZxU1p6NG5JU3Q3aVB4dDBaZm1nZFRWaWhRZ0lQVXpPVGZWcG1NY3BZbVhHcWt6QTcxTk9tWmZOemYwY3dBUjUyM0pYcHlnd1g0Y2tWX0htenU1UTBzcnd5NA?oc=5,"turbine, prototype",Envision Grid-Connects First AI Wind Turbine Prototype for Fortescue Construction World
2026-07-21 04:38,Nordex stock trades near recent lows as turbine maker works through weak order intake and margin pre - Ad-hoc-news.de,https://news.google.com/rss/articles/CBMiywFBVV95cUxQUkhJS1pXYW9qbHpjNWw2RWlwLURHX3VJUmNlU0pNUl90akoxWGprQ193UU44NHNBYjFvM2RMYk9QRm5WYnV3cDNHa09zWWJ3UDItazVoOHF5dG9nOFQ2VFRXTTRKWXZQTHhaV1d0VFVrLUo5d0pTbmdYSE1SM1BiNTQ4WXduX2kxd3hHb1o0VUFTVUZKOGttMzk0VlZOT2ttS0hHM0NpaGt3UkJHVVFJZW95QzFiZGxqaUZocjd0a0daOGxpOHgzX0pUQQ?oc=5,"order, turbine",Nordex stock trades near recent lows as turbine maker works through weak order intake and margin pre Ad-hoc-news.de
2026-07-21 12:21,10% growth in six months masks 17.5GW offshore investment gap in Germany - Recharge News,https://news.google.com/rss/articles/CBMixAFBVV95cUxOejRLWWhiOGRWcUNNX1Bic1Etd0QxejUtNHdYNEdBYXY4OTBTOWNkeE0xdVlweEE1djQyTU5YaEVRdnMtbTRTdzFqTzhmekJFSFJhVG9aLUFaa01zeE5Gdk1Vdzl5aTZzdXFRcEpyLWdBd0xzOElHSUxPeTg5ZjVsaHpyTGhxQnJ6NE5RWUpQa2lWTlQ1cHBQXzZQTVF1Qjd4X3B4c2s1NUFteUlCbXpUWDJ2TmVjeFRraGZmenNmeDJhU1g2?oc=5,offshore,10% growth in six months masks 17.5GW offshore investment gap in Germany Recharge News
2026-07-21 09:21,Tata Power wins 324 MW SECI pumped hydro project - Manufacturing Today India,https://news.google.com/rss/articles/CBMidkFVX3lxTE9LaGJXRGFKR0ZXYWVhX3l2eF9aUENXMFlDNjhCbVc3dkExMzJNeGVoNnhmcWJCS0tDTkZ5SE1sRktFblM0Y3pYdEhCZlJrQUVSNkF5REh5b0RFX3p5YVdtN2ZwRHdJeDZHQnZpZW9ZNktVZmdhWnc?oc=5,MW,Tata Power wins 324 MW SECI pumped hydro project Manufacturing Today India
2026-07-21 11:43,Good Energy Signs Largest PPA in Its History for Ørsted’s UK Offshore Wind Farms - offshoreWIND.biz,https://news.google.com/rss/articles/CBMivAFBVV95cUxObDk1ODJrQ1dKTFFEamFmcGdxcVdfUHIxcEdVcDV3anJBZjdRLWl2LXB5b0VldWUzZlpUQW9VcjdaOGRxbDFIQjBlZEhJQWdTUG5wZncwenI2M2VIclBQQ2JpQXRSTVM5UkJlUmh4bV9XQkdEOWRCbW9odVlNQmptMklsdDg1WVp2YnlYSUItMHZXM3kxcThhdURuaXhsS2FvRzk1VWpfSTNqY1JUMDA0MHlMMW1OV1VCYWViMA?oc=5,offshore,Good Energy Signs Largest PPA in Its History for Ørsted’s UK Offshore Wind Farms offshoreWIND.biz
2026-07-21 05:51,Orsted stock trades steady as offshore wind earnings and guidance frame the next move - Ad-hoc-news.de,https://news.google.com/rss/articles/CBMiygFBVV95cUxPR3hmZ2FKN2NqQ18tOTNWZ3hKUkRWbm11R0dQTFBLTERoVk15UzhGczRONU5PcUczSk1Ka2VVRWtuM2ZDZXotSVFPSjcyclJjQVFxVzkwWGdpSjdNU0JNOEFWRnhHa0oyb3YtYnR2WkV4SDFjS1FrTTJ2ZHJra3FUY0gyN0U1NE1qZExUUHZQY2lzZGJ1NjNjU3VTd2thNFlwaUhiSjZNYjJtSkJMN0pZY1JrUk0wdy1EamMwRURyRXN6ak5TOWFxVDdB?oc=5,offshore,Orsted stock trades steady as offshore wind earnings and guidance frame the next move Ad-hoc-news.de
2026-07-20 21:36,"Ørsted (CPSE:ORSTED) Lands Major Supply Deal, Is The Stock Now Too Expensive? - simplywall.st",https://news.google.com/rss/articles/CBMi0AFBVV95cUxONUhwc3RqM0Fyd0I4VWtJR0tIQW9COG9nbVlIcWp5YXBTaUJsVWhGY2JXbkFuZGJaaUpaY3M4bGlmQWZObXdoalZZZDF1Y2V0b1dHX2lVTFl3RHBMRmM5RkhPYjg4MWdhRjRsN3UzWWhDdXUwc2NEdDJ1SmRCSTVMd1Q4UFc2V1lGSmxZNF9LdTQzVHFma3N4Q0xNNFFDSndMNzR4SEV4RklEZEJEaFAwRENOZkhxS24weEh4UVdPdjgyYnNaeEdsakw4NjhmXy1V0gHQAUFVX3lxTE41SHBzdGozQXJ3QjhVa0lHS0hBb0I4b2dtWUhxanlhcFNpQmxVaEZjYlduQW5kYlppSlpjczhsaWZBZk5td2hqVllkMXVjZXRvV0dfaVVMWXdEcExGYzlGSE9iODgxZ2FGNGw3dTNZaEN1dTBzY0R0MnVKZEJJNUx3VDhQVzZXWUZKbFk0X0t1NDNUcWZrc3hDTE00UUNKd0w3NHhIRXhGSURkQkRoUDBEQ05mSHFLbjB4SHhRV092ODJic1p4R2xqTDg2OGZfLVU?oc=5,supply,"Ørsted (CPSE:ORSTED) Lands Major Supply Deal, Is The Stock Now Too Expensive? simplywall.st"
2026-07-20 17:49,Orsted stock steadies as offshore wind turnaround plan follows 2023 loss - Ad-hoc-news.de,https://news.google.com/rss/articles/CBMiywFBVV95cUxPU3ViOFBXbTctVDNHV184d28zRWFSQ0RLRDYtZ0JpVG1SN2t5RGZ4djBDN0NTdDgxXzcyVDcyUTBFUnRMeTJkbUdLWGpmbnVuMlhGUkpEN213MnJ3cUhxTDU1akJMN1ZNRUFwT1dfTklkUktfRklzS0hrc3QxY2I4cWw0UDNRbTlnVGxhNDBLLVdMNmtRNjVIWTh5MDl2ZjBlOHdXODVGeXpFYWx0ZFlMOWhYNmhmWXdYNFRHWDBTSHZPWHNkdmVVZUZFVQ?oc=5,offshore,Orsted stock steadies as offshore wind turnaround plan follows 2023 loss Ad-hoc-news.de
2026-07-21 06:46,RWE Reaches Midway in Construction of 1.1 Gigawatt Thor - Construction World,https://news.google.com/rss/articles/CBMixgFBVV95cUxPQ0ZqWVlXeE0zQjV3R3B3Z1pTRHhrTzZQNnJCbzBocUF3MlVFYURCbWVnelQ2a2F6eVFkcFlwVDBUNzlMNGE0RnpNOG5tQ3F0RXBpS19uNFJrcGdsME5KMDBrLVhzeUdzSHhLZmU4VnBTblR2cS1HQ19WSE5hQmpHZlNXXzJwUlhTRDNGc21PTFl6ZGQzOWozMkxUazFFRFpfem5iVEczeEpMcUhJRWZtX05PTjI4Q2lIVVp4TUU1bXZJQkN2TXc?oc=5,gigawatt,RWE Reaches Midway in Construction of 1.1 Gigawatt Thor Construction World
2026-07-22 13:35,Vestas wins turbine order for Eurowind's 43-MW wind project in Germany - Renewables Now,https://news.google.com/rss/articles/CBMirgFBVV95cUxOSHlvc2hYNXl5dTczTTM3TzJGUC1JbnRjRHVNNVVXN2d5V3U5NjliNmpHN3NYaEcxZ25hTnJLMldNbm9xT1RsQVZaYkRMSHJBVmhtM01JWVRORmI3aWNyTE42ZmtjUkJjcUNmd0xpLWFkekxhdV9mVjcwN2poRDYxYTNtMHgyZTNLSHVMbUc4MzVhb2NiYnlzcTFNbndIU2NyeGVLNERzS2tQQjM4M1E?oc=5,"order, MW, turbine",Vestas wins turbine order for Eurowind's 43-MW wind project in Germany Renewables Now
2026-07-22 07:33,Vestas secures 43 MW wind turbine order in Germany - Windtech International,https://news.google.com/rss/articles/CBMisgFBVV95cUxQbElqWDZhN1JnSGlBUFBTMERPTDdnZVFJWFc0TzE3TUVUM0ZpRFQ1YkhRZ3c5emVMQ1p0QWQ0STJYOW5TeXNjY3I4eTVqTkExMW5JRFFsMUgzak5vU0J2UjBDcm96Y0xYZkxmdy1ial9qX3VTb0E3ejFnbncyTXRMNE9lZGdlWlQxWHhKdFFQT1ktZF9SMlZlYmc5a19xeGtlcEVEaDFMd1Y2V1BVYVRiS3h3?oc=5,"order, MW, turbine",Vestas secures 43 MW wind turbine order in Germany Windtech International
2026-07-22 07:18,Vestas wins 43MW German turbine order - reNEWS,https://news.google.com/rss/articles/CBMif0FVX3lxTE1Lc2VrN0hOeW1ORG9GQ1FfZFphWHUzVDcxd2g1a0ZqZWE4N1ZVTURVTzkzRHdlRXJSdTBzUERvYVpUYmhPeU8ya1IzQVJnM3FTdG9vNHYybmRXZlF3SVpld3ZHZFFXTDRJbm9ad1RNdDNkdDh3UTNoTnEyQVhmRXM?oc=5,"order, turbine",Vestas wins 43MW German turbine order reNEWS
2026-07-22 07:41,Vestas secures 43-megawatt turbine agreement in Germany - Anadolu Ajansı,https://news.google.com/rss/articles/CBMinwFBVV95cUxQQnd3dUtjN3VCUGRvQk1hS20ybVdvSy1rUjRpY2NTcHZ2dFVTbDcxRWsxaWE5clMxY2FBWW5nU2RUMU1mZ1M4WGM4UGNxeTcxMy1SekcwYzV0ZFVjTWgyMkhPY0JOWFJGQmFmZnlFNlVEWDE2R3BGYUQ5V1RydDYtR2ZNeTMya2pKRG5qb1pyQnM1UDRnWGNVYW5HaDVmVFU?oc=5,"megawatt, turbine",Vestas secures 43-megawatt turbine agreement in Germany Anadolu Ajansı
2026-07-22 11:12,Japan’s Oga–Katagami–Akita Offshore Wind Project Receives Certification - offshoreWIND.biz,https://news.google.com/rss/articles/CBMisAFBVV95cUxOVFhrUm9CanoxWGR2RE9vUUNXdVZybFVVbWdXWERibkpzRXF5Z3U5UTJaUUlMZE9mR1lKQkZoUVBUbXNMVDFsZVU4ZmNsZzdIUTl6WWpMS2E0aDRIVW03VEJJWDR3aEEteDVXR0UwdWlRY2NlRElRNEJXTEFSNm05OTgxcWU0REh6M25jeUR4U1IwdnRBaGJvcjJnM1BCY0ZteEFsLUdXajM5OHhPTFE0bg?oc=5,offshore,Japan’s Oga–Katagami–Akita Offshore Wind Project Receives Certification offshoreWIND.biz
2026-07-22 13:15,GE Vernova stock drops despite surging AI-driven orders as wind segment drags - Yahoo Finance,https://news.google.com/rss/articles/CBMi2AFBVV95cUxQc05haDZlYWVPZWRLMDF5Rjh6SkcycGtxVE1CbUs3b0cycS1oZlJsaHdFbi1uU2tHXzFYdU9qVjY2Rm9lTlltdTA1dXlqWkJiQzcwS1RaNXFfQzI4UFpvYlEwWl8wMzRmZlBJT2U5YnlwRkU2TVRyeDFlNzZlWTRJMk13b1IxOURWeEdMTVdUMzFfY2ZwYnFtNUxNcmY3V2ppR29QZlRwNFpQWm4tUmI2cy1qOEg4eVpxWnBCbVBqbzdya0gxa2RwWnpHWmNhNnJVdUpnZWY0ZU0?oc=5,orders,GE Vernova stock drops despite surging AI-driven orders as wind segment drags Yahoo Finance
2026-07-22 11:35,"GE Vernova Orders Surge 88% on AI Data Center Boom, but Earnings Miss Sends Shares Lower - finance.biggo.com",https://news.google.com/rss/articles/CBMidkFVX3lxTE93elhZTTBiUlNqTXBmREtzSUhrbTNkcE5ZYU9HaHlCVVJNYjUzOE1hMFdPNEJtLU1KbDN6TUd5bm9lUWxVaWZidU0tYk9jdnFEanpmVk1HakFnMzhibVlTN25GbGdDd0l1VzVySF9NS2wzSWNWWWc?oc=5,orders,"GE Vernova Orders Surge 88% on AI Data Center Boom, but Earnings Miss Sends Shares Lower finance.biggo.com"
2026-07-22 08:25,Envision Energy Secures NTP for 179 MW Narrogin Wind Farm in Australia - Saur Energy,https://news.google.com/rss/articles/CBMiwgFBVV95cUxPTDZaNGNPQjVjMzYxenQ3WXc4MVdsUkJnTTg4ZUg4enlWSzlrSmFfRC11WHAzMXBzM2J0OEJRVHVmdkpMUWZtSWtUbGtXNGtLNmpXNXZ6LUExOUMyTjNnU2JBT1ZSbF91MDNRRFlSZUY2UlYteFJzTmV6R25JcllkMGRpN2ZLV2hHZE1SbU1UdXptc2lVa2hGNTMwVGxHTWg3QVZxbGFodVRQaEcyRkx1SkV1b2t0MEhkSXlyN0RwSmMzQQ?oc=5,MW,Envision Energy Secures NTP for 179 MW Narrogin Wind Farm in Australia Saur Energy
2026-07-22 06:46,Envision Energy to supply largest wind turbines for Neoen's 179MW Narrogin Wind Farm in Australia - Pluang,https://news.google.com/rss/articles/CBMirwFBVV95cUxObHZUTDVtM3A0TTlGaUYxakpCR1EwUFo5Z2xSZzNkaHJyUDltU19qNkZwRkRnWVJPVzJvTWcwcEljTlkwT0habjFNRnZvUkg1ajBIV2RRRmRmd1ZpN3dzRVRxckpnOHpaWHpOeTY4UUpRSGVYR0F4WDl2TnBRVzMweUd0MENKWXJTeHhEQ0xsQklDS29ROGU2b3lJQjVxNE8zSGJQX21kTVhCdE84Und3?oc=5,supply,Envision Energy to supply largest wind turbines for Neoen's 179MW Narrogin Wind Farm in Australia Pluang
2026-07-22 06:50,Envision Energy Wins Turbine Contract for Neoen’s 179MW Narrogin Wind Farm in Australia - TipRanks,https://news.google.com/rss/articles/CBMizwFBVV95cUxQblVDejl5WWplQlBWOEZKM01DMFNzWkNkT3hLZ3BpUTliQnZCLTlKTUpuZzF3ck55ZHR2MkczYkdBTmlILTdtbG5XVnhuR05Ib3BFWXd0Q1UyNktZRURzSVF6aDlqTEJIaThVNkpsM195cUxNTFB0dVRYQWNxOWpBSjN3cG5DejhSY19jb0FlbmUxb3NIYlAzc1VhNEV5Q1huSTBzVXZOTjg4amliTVRxMFBmZG11UEVOaU5mREVzZHBYWTZLRXd0V1VwSm9HbnM?oc=5,"turbine, contract",Envision Energy Wins Turbine Contract for Neoen’s 179MW Narrogin Wind Farm in Australia TipRanks
2026-07-22 01:58,US wind PPA prices jump as Trump permitting backlog squeezes supply - Recharge News,https://news.google.com/rss/articles/CBMitgFBVV95cUxNZWtPZWlSNzVUN1VGTkpEbWNTYWVuTEFJa1EtTzlwNkRXQVh2YzVpcEk4QXNIYUFHUDF2U2hfWUZ2c3VObHdZODdxZWtWQUdHNUIyelZRMm1xSy1jblJzYk5Zd2l5cEIwcS1XS3NzUE1SNzlYTWQ2LXNTWEY5eFR6dzlhX3l6ZGM0TlB4WDVmNVRWc0Zia1p6NmdnX1pOaFI5aXFjWko3dmFJMG52SEIwQlVyZ1JPdw?oc=5,supply,US wind PPA prices jump as Trump permitting backlog squeezes supply Recharge News
2026-07-22 10:59,Palfinger supplies davit cranes for East Anglia TWO offshore wind farm - Windtech International,https://news.google.com/rss/articles/CBMizAFBVV95cUxNQ1BhSTJlMVVuTVBzZDNMT2Q2LTRZbG11TnNzeDQ0TTF0NTg4RV9uRFFLVkVCQi1sY3F1bmVJMVhsYWlFdFBvd25vYjFhYjBMMFdyX2NraWJWRzNKVHctT19Ga2tzNzBSOHBqSG1UdkFvWkViSExfeWZzVGVERXptSkpZbjF4WVhrQk0zV29wdk8zbzFOZUV4NFFvSWNOX0JOb3c5N0hKZURfc3NRZEVnbTJfSGNOTUdDekpvVXFIUXI2ZzNnbl9vZjI3cWI?oc=5,offshore,Palfinger supplies davit cranes for East Anglia TWO offshore wind farm Windtech International
2026-07-22 06:15,Invenergy Could Recover $765 Million for Abandoning Offshore Wind Projects. 9 States Say the Deals Are Illegal - inc.com,https://news.google.com/rss/articles/CBMi5gFBVV95cUxOZWVsYmVJTEpHMktlVXdLa0tLZXFPMHZ3RVV0Ny1BekJrUGZhZzlxbWdNc0RScFFxbVdQVDh3VFlITjRaOHh6bEtaYTh3dHRTNkZfRHlmNnVEVk82aFVGUDRiYXVCS2tqWV9GSkVZaThoV0V6aVFkbVRzSl92d3pXV25fVDZqWENCc3ZJY2M3bURMUGt4V3cwMGhvdElzU0RqVFFxTTZQdk1CelJQbmFBMDJYR3NfNXNPMkJVSFJkUjRqS0NMVXhjX1d1ZFh0R2Z4Mm9UdUR3RjMyc1VKVm45WUNOM200UQ?oc=5,offshore,Invenergy Could Recover $765 Million for Abandoning Offshore Wind Projects. 9 States Say the Deals Are Illegal inc.com
2026-07-22 05:46,The Ørsted Hornsea 3 offshore wind farm - Ørsted bets on high-capacity turbines - Ad-hoc-news.de,https://news.google.com/rss/articles/CBMiyAFBVV95cUxOTjF6ZmxKRXhnQ3JsWDd3dHNJYTBWNUJVREhRaTVhblF0WnpxcnBPSW1ySGt5T2ZDdXN1OFZ1VjM1Y3ByYXd3bHBaX0dPMFF5aVgxSG5sS0VUT0ZDYmYzR0FoekxQTXJCMU1oX0M2U0VraERFZVhpQ3paSnB6OURWRTNtUFk2dVZRMlhGcUNQU3RGQmw2Uk1sckFYdFZSbkpFVjJHMHdmUEVYR1RUX0g0LXRJWkVpMWdqdlNNakNnU3ZEU3l3X3N1WQ?oc=5,offshore,The Ørsted Hornsea 3 offshore wind farm - Ørsted bets on high-capacity turbines Ad-hoc-news.de
2026-07-21 16:21,The Ørsted Hornsea 3 offshore wind farm - Ørsted bets on massive 2.9 GW capacity in the North Sea - Ad-hoc-news.de,https://news.google.com/rss/articles/CBMiygFBVV95cUxNb0tISUJsc3RKV0RRdFFsRHplblVSRndsV19RNm8za0hmZ1ZENU9hVjdsS2NFUzRWdmlCSVJxTFp1RFVleXNFUUk2QXdZM2NucEFSYzhkZDRYZ0s4U1VRazNELUV1ZFY0ekFhbEg5YjVTcjc3emVUZXpObnFWY0wwSU0tY3BGSVNwUW5sMFBpUHZ5YmxyYy1SVjZPX2FDMjBXSEswMDNyN01jaHJkY1YzaHFrTFEybkt1OEVyLU1LeHltSjdIUWlEcUJB?oc=5,"GW, offshore",The Ørsted Hornsea 3 offshore wind farm - Ørsted bets on massive 2.9 GW capacity in the North Sea Ad-hoc-news.de
2026-07-22 07:03,First electricity fed into grid from Nordseecluster A offshore wind farm off German coast - RWE,https://news.google.com/rss/articles/CBMi6AFBVV95cUxOUlhpNExEdUloN0xPMHU4ZTJEaDZBUEt4d0lJS0V3WHBUTnI1Y3g2QklibXpHN0thN2tvRVZEZ2V0aU04bDdYdkRZR1NpeHNpclU4ZzZFUmhiRFBFb2Z2dTlteUJyUmU3SVBGRmRnLUJEVmtzRmhaVGFfdXNOM1p3RGtZc1dBcTZPMkd5UmJidVkyYXU1dkZiNlJ4ckgtZ3hfNnhLTV92clhWTzRpWkZFcGtZSGNnVEc0SEx1Uk1RcTQ1cEM4bndmZnprelRwYzZqSDhHbkxGd25Sb1RZYk14ZjNjUTBxWkQ0?oc=5,offshore,First electricity fed into grid from Nordseecluster A offshore wind farm off German coast RWE
2026-07-22 12:36,First electricity has been fed into the German grid by Nordseecluster A - 4C Offshore,https://news.google.com/rss/articles/CBMisgFBVV95cUxPa2RTNjJvNDgtZ1ZSLTE2Y3FvRzBxV25hOGxsVG9JcmQ4WmRHZVBCbXl5Um84bm1KeGVjd0N3Ry1zT3ExeWxPdVJRYV9SdUdFcjU0eUNIQWc1VnhBU3dYM1Nlb29JYWlZRnBjVkN4am1wZE9mOEozUlhmLUFEOGRZelBpN21IZFZnTXg5SGxlb3JiY0pGUFZoUDBRamVqOTlrc01EaEw0QzZTS1Nab05LOVFR?oc=5,offshore,First electricity has been fed into the German grid by Nordseecluster A 4C Offshore
2026-07-22 08:12,First power produced from RWE's Nordseecluster A offshore wind farm - Renewables Now,https://news.google.com/rss/articles/CBMiqgFBVV95cUxPaWNoNXZoMjNLMzhEekpTX01rRXZmSXo5WURnR1pjN3pHaVlBa3BWZlhYQkVVb0JyY01LbTJ2QlMyNTB1Vlg0am9qQkhlMWh4MHZvMFVzZVdmRDdqc2c4VGloQjVrT3dONXpDcmVfRjRjR0lVTDdOdUdXQmV4QmJQZ1diVnhPYjc5WllINUNhUldJM2dZemNTcmNXVkRrVzlsU2VsU2xVSUl5dw?oc=5,offshore,First power produced from RWE's Nordseecluster A offshore wind farm Renewables Now
2026-07-22 14:26,RWE Connects 660 MW of Nordseecluster A Wind Farm to Grid - energynews.pro,https://news.google.com/rss/articles/CBMiiwFBVV95cUxQLUJaeTRjMmw4SlY2MnB4YnE1dDAyUDQyUERBLVF5QjZaUFk5YVl1aGpGNU9BdmNSaTF5cHhsUGVoMHJZdlBsM1EzRkdxc3RLdWZXUl9aUmwzbEQ2eFRMQjRJQnMxdFlNQnI4UTc0OTRKYmEzbFB2bm5DeVpObm5NYlVjSmt6MnlnWFdr?oc=5,MW,RWE Connects 660 MW of Nordseecluster A Wind Farm to Grid energynews.pro
2026-07-22 11:28,EDP Renovaveis stock trades steady as offshore wind pipeline supports growth - Ad-hoc-news.de,https://news.google.com/rss/articles/CBMixwFBVV95cUxQRE5FZGFOMjZGUl9NY3lKa0hUTERZcHI3T3BGcHY1bXNEbEYtWHQxWGJGRk04UTFkVzhCMDA5emE0cVN3VDVyWlRURzM4cTJrVUo2YTZIYzlDTVFSWlBLTWFpY2RJOUpWTEpSMy1jM1FmdUlVb0V5NFFCV05jZUZtUE9TMS1jUDhCbGV2ZmRORzVobU54TEdpRkIyOXZqTlRiUXhvYjl1WnkyS2wxV1RldEplN0doZ2FtejJDWXA0dmpTM3E4Y2ZV?oc=5,offshore,EDP Renovaveis stock trades steady as offshore wind pipeline supports growth Ad-hoc-news.de
2026-07-22 05:46,EDP Renovaveis stock trades near recent highs as offshore wind pipeline and earnings support valuati - Ad-hoc-news.de,https://news.google.com/rss/articles/CBMiygFBVV95cUxQRXVFWUV2THF5SVZ4Mm9UMWdSa3M1bDFsZUx3eDJQM28waG1rT0ZWeXM3eXpVVWJfTEZJUmd3Z0FjLWZTZlEtQkRyZ1RGY0wtTlB3UDM1ZFJ4WGh4ZDlFN0wxNktBaUJnV2JCMTNjSmlNZXdqS2FGb0JTTGxlQnpka2Y5THhPdk5JVXpHZ3Y1QklGeW9pd3NBVUtwVXFzODJCUXkzMEdTaXZGMEMwOUJ1ZS02LXF1MnZyVUlvVzZUSkNCVy05c3FTVm5R?oc=5,offshore,EDP Renovaveis stock trades near recent highs as offshore wind pipeline and earnings support valuati Ad-hoc-news.de
2026-07-22 13:11,Equinor highlights offshore wind growth in second quarter - 4C Offshore,https://news.google.com/rss/articles/CBMinwFBVV95cUxQMEVjQzQ0eU93N1pVRUFlWU01djhXRWhJV00yLTktMU94NWh0RTVzay14TkV0T05FQkZ3VHJpWEFKX3hreWhLa2lEYkpGcnpJSFVQNFdqTzFESXJCdmhhZndMUS1XWklrOGF2eXZ2VGpTTzFET2RXeHJqZHZmY3JFOEtyaVZ1SnU4ZjZmbGxoU05KbDI4RTY0Nl96RHhMdm8?oc=5,offshore,Equinor highlights offshore wind growth in second quarter 4C Offshore
2026-07-22 08:23,Equinor Profit Jumps on Wartime Energy Prices - Offshore Engineer Magazine,https://news.google.com/rss/articles/CBMiiwFBVV95cUxPMzdDUW9feUVXRTlXZXZoVllETFZhYkVobjU2a3AzWWVoa0ptb1AzUFhKUS05ZFNGeWc1em5DaEZNOW5PZXlRSzNKMGNlRmhoUXh6emJtcTZsQUpIcEc5X2lqUm5RVHZWakVXeS1hWklVbi1tQXk1bm1zWEk1b0xMQTVmRVZSc3J4RlVv?oc=5,offshore,Equinor Profit Jumps on Wartime Energy Prices Offshore Engineer Magazine
2026-07-21 15:50,Offshore windmill ship makes stop in Curaçao - thedailyherald.sx,https://news.google.com/rss/articles/CBMiigFBVV95cUxNdlcxU2Q5S3JMcXk2RC1rSjB0cFJjd2dValkwbmRtYnpxelFNRnpRRFJrQUc2REJScmFlXzdDa2l5ekQ3ejk1dkxheEVmT0hoLW1PZEoyWW8ydlBtNE9qaS02WDNfbV9kX28xcHJoeVc3YVh5QTZweFZnRnJiVndPd2c5WThpR3hTUlE?oc=5,offshore,Offshore windmill ship makes stop in Curaçao thedailyherald.sx
2026-07-21 17:53,Equinor Gas sales portfolio by Equinor - flexible long-term supply focus - Ad-hoc-news.de,https://news.google.com/rss/articles/CBMiyAFBVV95cUxNQkMweTJVLVdjR1VFVm9kT0Ntd0luN0JPSkY2anZHUW9uakQzMnM5TU5XZFV3bkQyS09TVnhLUG9YT2IyZUFhZE9DUl9IWDR0bjk4WFB5T19aZGhYMGxSMkVTY3BzaTFFTGdlcW1RQW9Hd0NVS1J6V3FyTWVTRUExbld4eV9DSU1nTkEtTTk2UzliVUtiak5HMEdnZDZheUlpSlZYMG0zQ3NtdHpoNGpiZGJidDFSOEJ6WDRpSVNSbHd5eEdmSmhrbA?oc=5,supply,Equinor Gas sales portfolio by Equinor - flexible long-term supply focus Ad-hoc-news.de
2026-07-23 06:52,Eurowind sends order to Vestas - EnergyWatch,https://news.google.com/rss/articles/CBMia0FVX3lxTFBQVEJ1MGdVeC0wZG5BMENzY3JFUUViVkxNeTN0M0hUblhZTUJqZlpCZFhXODYzTE5BLW8zSGhhdHAtcDJUeWF1SzRMejFJOWJ5N2VpVkpqaG00UlNHblRzbHBUQmVCbnRSMUVj?oc=5,order,Eurowind sends order to Vestas EnergyWatch
2026-07-23 11:40,Eurowind Energy Romania begins building 138 MW of wind capacities - actmedia.eu,https://news.google.com/rss/articles/CBMitgFBVV95cUxQbl9MSmU2MTkyOVhNalZDd1pTVlZoMUxaWDh5OE4yem1hYjl2eC0zeGRVdVVtRWJlRy1iQTRZSHpPZGJ4cVhpZ0wyTFJsdjBTbmttYk0yZzJrUUxxNTcwaXdTcXl6U1c3R2NYc3kwR2h5NTBJWEZ0eGVIMklrd1NUMTNFVFpaaDFISWNUbUFrR1VrTEVkaVU0d1h4VEJvb1p0eHdqSU4xSGJhemtHY2UtUHdYVlVRdw?oc=5,MW,Eurowind Energy Romania begins building 138 MW of wind capacities actmedia.eu
2026-07-23 09:00,GE Vernova Orders Up 88% Year-over-Year - Industrial Info Resources,https://news.google.com/rss/articles/CBMilAFBVV95cUxOaGhZMnctc3lod1p1V2ZjZkJ1WmRKRE50WkRqUmp5Nk1CMU04M05BaXo2cXFBclZoRHVaY2Fhajg0UTlpVjA2SndPbUpmN2RNSk9TeXJmT1l2MllDMUpTY0FTcHowRk5nU0cyd0N3dW1xT0dMakdFaFh1VjAwaVFqa0JuR1V0TFJuRkJOa2ZNbFN2SDdZ?oc=5,orders,GE Vernova Orders Up 88% Year-over-Year Industrial Info Resources
2026-07-23 10:57,GE Vernova Misses Quarterly Profit Estimates Despite 88% Order Surge - energynews.pro,https://news.google.com/rss/articles/CBMimAFBVV95cUxPSy1ieEVwbWRDSHI0T1VfXy1kV056a3Fid2ZOU3VsODk2VjlQX2l1VjBmTXduMEsydlZoS2VPclJoeTV6MVRNN1BJUWxBY181ZldvU3dLOS1DS3ZFb2Q0dVludGtjNzI1V1A4TlM1b1UxU2VTLUlIbFZXbEtUV3hxYmVZSldsamxEb2gzajJrVU5wd285Rnh0UA?oc=5,order,GE Vernova Misses Quarterly Profit Estimates Despite 88% Order Surge energynews.pro
2026-07-22 18:39,GE Vernova Inc (GEV) Q2 2026 Earnings Call Highlights: Record Growth in Orders and Cash Flow By GuruFocus - Investing.com Canada,https://news.google.com/rss/articles/CBMi1wFBVV95cUxOVXNkQVpuTmFkdm02R0VtUU84alBTOGtNX2E5LVNtSDVQOWxpaXFaOG5MdE9fU1A5R1NaNTA0bzNVN0F6ZDZqd1dfdXVzNXc4RTdUWWVrODBPUTA5TWlrWHlwZ1pDOXpteVFDR3ZHVDhQSEJGYUlrRjdnaktleHVYV2g1MUwwWnEwMlN2OWJtd2pNdjR1NVNjRUNIakN3cnJIU3VHWE1FM0hHVk1uMGdsV2NfTWY0ZW10alJWdi1hV2Fka2J5bDNtRGVSTFJTLVJZQm9WbXZhbw?oc=5,orders,GE Vernova Inc (GEV) Q2 2026 Earnings Call Highlights: Record Growth in Orders and Cash Flow By GuruFocus Investing.com Canada
2026-07-22 18:47,"GE Vernova Orders Nearly Double, Lifting Backlog to $176 Billion as AI Power Demand Surges - finance.biggo.com",https://news.google.com/rss/articles/CBMidkFVX3lxTFAtX2xOQ25meWpnbVlFc0tDajVwSEhoc0NGc1YxZ3NvZ1ZxU1lmNElkWFo5VnZCOHFKWlJodklTUDJ2dzV2OVZYdzhrdjA4WGc3cXNMazM5QWswa0JuS3pvRDVFS0tGRWtzdHFWNVNidF9SRzdfMUE?oc=5,orders,"GE Vernova Orders Nearly Double, Lifting Backlog to $176 Billion as AI Power Demand Surges finance.biggo.com"
2026-07-23 07:44,Envision to supply turbines for 179 MW Narrogin wind farm - Windtech International,https://news.google.com/rss/articles/CBMiuwFBVV95cUxOVF8zbjdIbW5sT1l0b1QtWVBCZ3hzQl9ZZ1QydzhGNk4zTXVjSk4xY3VWSTh4ZXQyTDE2bl9UMzl6RTJHVTRrbUVLb1Fma2dESGR2b3dHZ0Z1ZjVKUEJISFNrenhmc1ZYQnhNeTdWWlJRX1JIeUZMTTdvQVZSaFBXTzBmbHUyVWxUdXFpLW56bkc4NHdMcDN6c1NqczJZVDNNakIxNGlfNjNyTC0tbTlCY1FjUWRmWnpoeGZN?oc=5,"MW, supply",Envision to supply turbines for 179 MW Narrogin wind farm Windtech International
2026-07-23 11:10,Envision Energy to Supply Australia’s Largest Wind Turbines for Neoen’s Narrogin Farm - iGrow News,https://news.google.com/rss/articles/CBMiX0FVX3lxTE1UaVZBcEZDcnJhdUdQN2FBcDBlWGljd1RhaWxSMEFSUkRwRGZJN3hEa2hRTGVWdXIzUmJpYzkyNjVOZUU0NzhCZ2N2WE5KY2lVLXlBeFg3aUtRZTdfTHB3?oc=5,supply,Envision Energy to Supply Australia’s Largest Wind Turbines for Neoen’s Narrogin Farm iGrow News
2026-07-23 04:17,Envision Energy Secures NTP for 179 MW Narrogin Wind Farm in Australia - Energetica India Magazine,https://news.google.com/rss/articles/CBMipwFBVV95cUxQUzhuTzl4UFdXUEUyWEFGLTRvbGtiQkFFZmFkRTlPeHIzRFJkamxXMHZuQlRsUzdKcG85aXoya1UxU1RCMl9XX0prSXl2NEEwNlpDMXRYRFBaNmNDNGtOYmpPdEl2M3Z0SUVMNTg4V1U5RjV5Q3VDRjRwNHhZR2VaOEp4Qk1GYldBcUtFZEd2NXVSMjhnMmtjSUZMN1d2TzR5Skp1aDhfaw?oc=5,MW,Envision Energy Secures NTP for 179 MW Narrogin Wind Farm in Australia Energetica India Magazine
2026-07-22 22:56,Envision Energy to Supply 23 Turbines of 7.8 MW for Neoen in Australia - energynews.pro,https://news.google.com/rss/articles/CBMimwFBVV95cUxQVlZhRzdaQVJndVhuclNlYUdLNWk0azJaTkdYazBTYkFsS2czeUZIalFydHd6VXJYLU1pelNZLWtiZFhHeWZzOU1LN053YUY4Nnpoa3YyYW0wVVF1LXMxY25TVkJlVk1hTG1iTkZwTzVDSDlZcklXX0dlazhYd19WMDhhZ0M4ZERFWWotQV9aeS0zX1RfZklIcGlIMA?oc=5,"MW, supply",Envision Energy to Supply 23 Turbines of 7.8 MW for Neoen in Australia energynews.pro
2026-07-23 01:36,Nordex stock trades steady as order backlog and margin recovery shape investor focus - Ad-hoc-news.de,https://news.google.com/rss/articles/CBMixwFBVV95cUxQVjE3UVBmcndQckdMdmZKbU1TTmZFTmNrenItUzA1VlpiRW1JTlNSYWlZZUxIMVZiaFhxSGU2X1VxS0Y5NlFYemNpWHUxVENjYlA4Ym1uLXR0X0lmRWlCMzl6Y1JUU3F1N2tOVF9kRWV2VGd3Z2lKZVJseF9lS0tfWEJyd0lFTExHdnVyTzZKZkR2cVh0U0lsRVBkVGk4LWJ0LWNaTkhVY3hyNUNZUUY3V0xlakg0YURIZmRiN1MwZHpiM08wTGU4?oc=5,order,Nordex stock trades steady as order backlog and margin recovery shape investor focus Ad-hoc-news.de
2026-07-23 06:40,Suzlon Wins 201.6 MW Order to Power Waaree's Maiden Wind Project in Andhra Pradesh - Saur Energy,https://news.google.com/rss/articles/CBMizwFBVV95cUxQY0xUQzI3VzdFVkxYc3lqN0hIRTZiQzAtbDBQakZRV0JjUk5IaXFRR3NTeUkzbWdSSU1NQlZMeTJyVTlDV2gzc3dJZGwybFNBQnNucTVIQTRTWDFyUkFwTW84WXE0Ymd0OXA5ZEd4V2NhRE1DQUFSVjdDN1FuNEZKZnF4WnpIZHJudVlicjVoNC01dkQ1Qm0yeGdNWXRQWDJiUzNXVTlGTTVuZ1B3ekN0YlZORldKUlRpZWZqaGo1M0JtNzY4b1FISVRSeml2X2s?oc=5,"order, MW",Suzlon Wins 201.6 MW Order to Power Waaree's Maiden Wind Project in Andhra Pradesh Saur Energy
2026-07-23 07:50,Suzlon Bags 201.6 MW Waaree Wind Order; Shares Trade Flat - HDFC Sky,https://news.google.com/rss/articles/CBMiiAFBVV95cUxNb1JKckVXaC14TWRXQ2pFbU1jeXdqd2JNeXFDTnFJZ2l2eURzaEdjMW5OTkN0Vlg4eVVYcUFKeER1V3lJQUVLV2IwTmZyejNNWlR3VWxEYjBGS3lJNXRSZVRrUHViclFEYjdCVjlUV3Y3SF84eWhVRHhYQVNBbXdRMFVQZjViMEJk?oc=5,"order, MW",Suzlon Bags 201.6 MW Waaree Wind Order; Shares Trade Flat HDFC Sky
2026-07-23 10:49,Solar Major Waaree Makes Wind Energy Debut With 201.6 MW Order To Suzlon - Swarajya,https://news.google.com/rss/articles/CBMivwFBVV95cUxPVTV5aFZvdzI1Z2xhSEVmZ2htdk5oU09IZDM3R1JhMkc1aTZyRDhSaHRYRWxYT3lBUFJEblBsODJCeF9Pc0NXcUkzcHdaemJTbzFiSVVPSmpIdHlvZU43SjBUR0N6ZXpkTUtGdF9Pc003OUoxS0laYjVtLTVEVGV4djJEcWotTVFQS3VJMzJJbkxVVExkcnowTGE2V3U3RURwUTA4MjJnUEJtcnFoV1R0WnRaQTVkeU42MkRYdXc2VdIBvwFBVV95cUxPVTV5aFZvdzI1Z2xhSEVmZ2htdk5oU09IZDM3R1JhMkc1aTZyRDhSaHRYRWxYT3lBUFJEblBsODJCeF9Pc0NXcUkzcHdaemJTbzFiSVVPSmpIdHlvZU43SjBUR0N6ZXpkTUtGdF9Pc003OUoxS0laYjVtLTVEVGV4djJEcWotTVFQS3VJMzJJbkxVVExkcnowTGE2V3U3RURwUTA4MjJnUEJtcnFoV1R0WnRaQTVkeU42MkRYdXc2VQ?oc=5,"order, MW",Solar Major Waaree Makes Wind Energy Debut With 201.6 MW Order To Suzlon Swarajya
2026-07-23 06:50,Suzlon bags 201.6 MW wind EPC order from Waaree Group in Andhra Pradesh - ET EnergyWorld,https://news.google.com/rss/articles/CBMi1wFBVV95cUxOVjB5UFZ3SlZXUm9xa1NZcWZKU0sySG9Ba3FseHBfazlJNHNrVy1OcHRyMUx1ZThqLXRpNXBXdmVGTWtHOEZfbHhyaXUwT2I0b2FUcy1zdGZ1UW8zTTNkcERvRDU0ZHNlSVVlam9MME8wWUVLV1k1T29hbDAwaHFVWW5oenVJRGpiTkNLcE83NnJENFhzbjdMaTMyQm9udjgtVEZkYWduS0ZHY0w1NEVnN2V2bW5nOFJtUW13TTByZG1kODFtSDl2bWN0aUhSU1J6NF84OUJub9IB3AFBVV95cUxPdkRLSjUtWU9MX213MU9XMVpSNk5lNlNaS2ZuS3lINnJfNlcxZEdnTDJYdG1raWFmZkY2OVYtMVBwM09kckg2TG9ka19GWVg4VXdiNlh4WlgtWlRRdWJib2lLblJJYWYxT3JVTGlHa0RVZHBZdW1zSzhZV2xJQXpjWHdfelE1OElEZTI0ZE9IVUZqdXRZNjRHN2hYZjJBWlgxZTJNMkJrMmtsU2lXV1p2Qlg2MVdtMnBubnY4TDVOWjNjdWxGVVdjSTFHeURwSVB3dWcza0Z3UW5RQkg0?oc=5,"order, MW",Suzlon bags 201.6 MW wind EPC order from Waaree Group in Andhra Pradesh ET EnergyWorld
2026-07-23 10:27,Suzlon wins 201.6 MW wind energy project from Waaree - Manufacturing Today India,https://news.google.com/rss/articles/CBMifEFVX3lxTE81UVR1ZTE1U3hzT3FDVDExWl9hLTZqeTVTZm5PNTdPZ3JRclNWZDZSRXZvS1ZhbHhtb05abjVsc3NOU2VvYWVjaE55YWRRLXFoZXdFa3JELUxIREFvcWRGTVoyWlBaeVZiOHFGUmNtRll6QnpicnoyRVFidGs?oc=5,MW,Suzlon wins 201.6 MW wind energy project from Waaree Manufacturing Today India
2026-07-23 09:02,Suzlon Secures 201.6 MW Wind Order from Waaree Group for Andhra Pradesh Project - Energetica India Magazine,https://news.google.com/rss/articles/CBMitwFBVV95cUxOaTJJclQ4NkkzeEFhbHg2cGRDeXJPUmREQ3VTMkZ0a0pELTBIS1BkWFpFMFRsVHNyVmxtMlRZUjJlQ1JPYUFtWnk5M2hJZjhWQUU4em1sWXd3VGFPWkJITEpYeEFhWndPYzV4NnhaRVB1ekN4YVBhQkl2bmVDWFB4V3JYeHNvZEpzRmx6YzFTRWtpd1lOWlRXXzBHVzdXVXlQM24tYmhBVVVCLXFFM0htU3JtenFCSTQ?oc=5,"order, MW",Suzlon Secures 201.6 MW Wind Order from Waaree Group for Andhra Pradesh Project Energetica India Magazine
2026-07-23 10:34,Suzlon Energy to power Waaree Group's maiden 201.6 MW wind project - Business Standard,https://news.google.com/rss/articles/CBMi5wFBVV95cUxNN2hlT3QtTDF0LWpQTlNJb250NUYzblk3SWxEQUF6NzJrMnZucGJBWUlYQ3E2VTNiVVQ5VXVQMjhsdVhxMm56cFlKWlg3RENLcldQRTFCQVI5RGxaZnRNVzB5cUdfTTFRRVd2bmRrTVBBdk5DS3NIWVdlVENRUUM2Z2VnNHU1QTdIVUxOdTJRaWxna3B3R0ZiejVwdUVzM2J0dDBxVC1pY3hyMmgzOF9XR0dGLVlDbHdkbGMySkxWUTdhM1E2ZFRhQl9QQm1qb19mS3NuOFNITDlUOFVZOHV3OHZnSTRPRUHSAecBQVVfeXFMTTdoZU90LUwxdC1qUE5TSW9udDVGM25ZN0lsREFBejcyazJ2bnBiQVlJWENxNlUzYlVUOVV1UDI4bHVYcTJuenBZSlpYN0RDS3JXUEUxQkFSOURsWmZ0TVcweXFHX00xUUVXdm5ka01QQXZOQ0tzSFlXZVRDUVFDNmdlZzR1NUE3SFVMTnUyUWlsZ2twd0dGYno1cHVFczNidHQwcVQtaWN4cjJoMzhfV0dHRi1ZQ2x3ZGxjMkpMVlE3YTNRNmRUYUJfUEJtam9fZktzbjhTSEw5VDhVWTh1dzh2Z0k0T0VB?oc=5,MW,Suzlon Energy to power Waaree Group's maiden 201.6 MW wind project Business Standard
2026-07-23 06:17,Suzlon Energy Secures 201.6 MW Wind Project Order From Waaree Group in Andhra Pradesh - Sahi,https://news.google.com/rss/articles/CBMiwgFBVV95cUxNUWRTblNnMlpMTVkzeEMxY2lvNW1tU0todlFuM3FqSndwQ3dyVTlNQ05IdnFZNEhua1U4RFhXV1c3YU5ZYjRiajk1YTY0anNETmZDTVVKdzY3cE5TbTVKSzZtTUV4ZklibjJhclRNWU9fV2JSTXFsWUlXamVDd2pTejkyZndCSXJLSWlpSlBEb05MVndMbTBFenpNazMzQlgzZHpHZ2NHWHZlelVtTTAydU5CZ2J5MUlueW1pX0NzVDZVUQ?oc=5,"order, MW",Suzlon Energy Secures 201.6 MW Wind Project Order From Waaree Group in Andhra Pradesh Sahi
2026-07-23 05:51,Suzlon Energy wins maiden order of 201.6 MW from Waaree Forever Energies in Andhra Pradesh - CNBC TV18,https://news.google.com/rss/articles/CBMi4AFBVV95cUxPWnl0NGNjMFRGUjVNUmJhUldES1hqU0gyVlRUYXVtblBlWkJLTHFqbThKXzF6Njh4c1lCX1ZIUURxVmo4YkktY2J0UnJrajdncGJ6MHFFY2c2S1VUcjB1dTctSVFQN1p0eklpNGhVUDA2d3FJNnZ2STF1YzJYRXo0Ujg2cUxoQWxJZDFVTlFLc0NTb0o4TjBLUWNCVEtzd3U5akZxQ2dXN3R3UHFsVU0zekJBNkwtRDNLUkM1ZVFyTGpmRDVrc3ZTU280WlJYaXo3UnZLbTFnNG5DYlBDUU1wYtIB5gFBVV95cUxQUS1qeWVOMlZpYm0wVFZMTC1GM2h6TTVkdFB6c05QdUdLUDJzR1dTUmRJNW9yajg4UmV5LVNVcC1nb0pRMWZXY3pNUGV6dXNDV0NET1JBT0h1T09YRVdQU0c1a2JWcUFDTUpCS0dPYkpZRUZ3WW1iODMwY21kdjY1U3BkMTh2VmpSMy1UTWlVazQ0bF83NnFtbmtMSk9DekRCY0IyZ1JsV05OTWIzZWx5d256VlB5eTlmOFBJTWdQVE96LVlWQ2ZLZWMzR1JwajZ0TFlBZ29sM1JvR1Z3Ukl3Z2pQLW8zQQ?oc=5,"order, MW",Suzlon Energy wins maiden order of 201.6 MW from Waaree Forever Energies in Andhra Pradesh CNBC TV18
2026-07-23 09:53,Suzlon Hits Day High After 201.6 MW Waaree Order Win - Equitypandit,https://news.google.com/rss/articles/CBMiigFBVV95cUxNYzNGeU8zS2xybDVENjlnMEFWZjJjT3NoclcwM1hoOENtZG9aSnNDdEFQY1JiZXJXUjRZLXNZYVJFLVdOVVE5STdjSTdPV1Uxb25aZFRwZXRodWViVWZQNU4zamRqWjU5XzFMbThzZXNobmpDMURsSVBQZEdpMjRBcVNvaFAtbjZ0M0E?oc=5,"order, MW",Suzlon Hits Day High After 201.6 MW Waaree Order Win Equitypandit
2026-07-23 05:43,Suzlon wins 201.6 MW wind order from Waaree Group - scanx.trade,https://news.google.com/rss/articles/CBMi7wFBVV95cUxQSGdzRUxjZmctQzhLUGZvOVd1NnBBQU0zRXM5dWlPVW56aVR0d3YyNkc2bk00clltLUNENlBncmE3emF1akdwbkVXMUVjQkxMcEl5cFAzOC1mbWpvX25OeTExX1NPMjNxY0Y5V3pwb1JLYlJFYUpQSmc3N1ZOb2xqenhpRU1pMDUzQkhwWFREWlIyMldBNGV1c1h3XzMwTmZMT3ZUOU41VGJPRFg2eU1pV0hrbVhxbkRyY01nRVNIUUEtVi0tbnhpSXoyRnhCM296YXNaeXRpdF9VZVNBMWVpNERtR2FNNWtvcW5WNDcyZw?oc=5,"order, MW",Suzlon wins 201.6 MW wind order from Waaree Group scanx.trade
2026-07-23 12:41,Suzlon bags new order from Andhra Pradesh - BigInfo.in,https://news.google.com/rss/articles/CBMic0FVX3lxTE5lZ29TY3c0VDlmSDJURjB3OW93RU5STkxZckliV19hWDN1eTRteG0zN0txRlhXcUozOUhGcEhKOXQxZkNOMVZYSERncThMalluaVMyLVhjdTJlYTRSS3JoOVk0OVZUNkNKVlFYT181dlo2cnM?oc=5,order,Suzlon bags new order from Andhra Pradesh BigInfo.in
2026-07-23 10:15,Taiwan Excellence powers smart factory push at Automation Expo 2026 - Manufacturing Today India,https://news.google.com/rss/articles/CBMiekFVX3lxTE9rZ2l5cWpCMDNjbU1pMFMxM2tYN01zLVcxSWx3S0ZCLVNUR2Rob2ozUktRaE1xNTEzR2hLb2FULU5jb0diQVpwcEdxd3NYNFJNOUo1WG9fZllKUmxqNUhLMk9oRFR5eXQ3V3ExcUt4M2tuWlZsVWlKOFJR?oc=5,factory,Taiwan Excellence powers smart factory push at Automation Expo 2026 Manufacturing Today India
2026-07-23 11:17,Suzlon Secures 201.6 MW Wind EPC Order from Waaree Group in Andhra Pradesh - psuindia.com,https://news.google.com/rss/articles/CBMiwAFBVV95cUxPZG4wN2dpU2R1TFQyNVdPSnVFbUpfQXNWd3FCMzVKbTJidlAyY3JTQXd4LVdRalJpdEh1V3dObmFIekwzV1ZaSG5ubndzVmNud1hGVjFDbVh0UmVheTdvNzJER04zNXBkTTI5MDZQYWZmVkVXbkY2N0wzMmlaaXRMUWl2cGFjS0FxYlBrTE5EOHNfZlVwNVBqQnZVM05tSWZHUXdDYU90N3o1LTE3SmRVV1BQWjJzaHg3dTRXeUg5RDLSAcYBQVVfeXFMUGZRVk5yaU5ScEJsZXJtWEhYN3RNSzNKNWJoTW1JNW5SVURITG5fTnV3YnZsSTVHUlZBQ3VpLXlUb1VOT3BVY2tCMHJyQjc4bGxxOHRyX05oZFhPVElZU0RoVGJqSEdEZ2hRcFdRRkxOcTdNMXNJb0RCNjV4bFVHU0JJX3lmZkIxanlIVEswUXF3Wk5ZT3dyTU9oMTlzNlNuMUY3azdyb3pjYzdOWW02VHRWQko3dzFSbnJFb1ZHWG9kUE9sbkdB?oc=5,"order, MW",Suzlon Secures 201.6 MW Wind EPC Order from Waaree Group in Andhra Pradesh psuindia.com
2026-07-23 07:01,"Suzlon Wins 201.6 MW Wind Power Order, Waaree Group Selects Firm For Andhra Pradesh Project - Free Press Journal",https://news.google.com/rss/articles/CBMiygFBVV95cUxNQTl4MklQR1c5OVF6Vi0taHhBakMxT0tFS180amlsRjJlOFFpanp4VkNGRldDQnlTRkJRYk9ocFNyVlE4dFlzalNaVmRMWEZYdkFQR3daM0psZFdockw0YVRlcTJWRHgtSlNpUlhFdnhYUVNiTWFVQnRsTVpjbk9fSmJ1Z1hIQlVJMkJVRU43eG9wdG1wdmRJWC1XLXlOOHQ4NUxZVnBPWF9TVHc2cFJlTFJ6NU41a2JRd1VPeG8yNVpCb09zTmdXa1p30gHPAUFVX3lxTE9ZMnZEdTFJN2x0ZXNoS0I2bFl2ZkU5SHhrUmJ5QmFxQThLaWxnTmZOU081Z1pVbGN5WDdVSVFqYU1JbGZ0V0x3SmZScTNSZ1NFdk1felF4a2otMXlVNm1UX3pzNzM1SmhKcFFVWTNwN19BZEh6UGNfZnh0ZlZFYlVqNTJWcS0yUFVzMDhabC1HbU5FNzJ2c0ZyTHdBVmpzU1dtaEtCUlQxU1ZKR3BFeGFFTWJ0dTM3aWNKcHU1NHhudkpUMlZYZzZNaEFCQTR3NA?oc=5,"order, MW","Suzlon Wins 201.6 MW Wind Power Order, Waaree Group Selects Firm For Andhra Pradesh Project Free Press Journal"
2026-07-23 07:34,Wind Energy Stock in Focus After Securing 202 MW Order from Waaree Group - Trade Brains,https://news.google.com/rss/articles/CBMinAFBVV95cUxOZThwU1JXUWgxN0dOcHVTNnFTeFV6YTI2Rkg0VncyRW1Kdlo1bVNxVFEwRmJNR1NkSndtM0VsbnBfejdHcHQxakctVTFNR1VXUjNmcXhaMHlVbldMUXpMQk4wVGFrQlFWdGRkbmVJTnJ1NVl6a3BhUVZuQnlGS2xLcGw1bUpjN2JnR19pcEp2d0ktckNoUmRORTVYcGw?oc=5,"order, MW",Wind Energy Stock in Focus After Securing 202 MW Order from Waaree Group Trade Brains
2026-07-23 10:08,Suzlon Bags 201.6MW Wind Project Order From Waaree - Whalesbook,https://news.google.com/rss/articles/CBMiwwFBVV95cUxQSGd1MDVJSVB1Q294T1lfWlYyQ0RkeTV2T1RJY2djLVNXd1Q2djdFMTdoX3hIbVkyM2k1QkhKdkFCUXVhbmxGZkhhb0R5X3E5T1c5dWR1MmFseUVxS1lKcGdWSUZjZzFUdUVSMkkxZEVfcy1ISUN0NFZXZU05MGtfTS1GMy1QX2YzN3JiTV9heUtRWXRSc2FiNlZLcWhwcE9GYkd1SW5Cc2xPdmVCRkhXLUF4NDhsMzFvUFpodVE2WU5HMXM?oc=5,order,Suzlon Bags 201.6MW Wind Project Order From Waaree Whalesbook
2026-07-23 05:26,Suzlon Secures 201.6 MW Wind Order from Waaree Group | DevCo Model Gains Momentum - PSU Connect,https://news.google.com/rss/articles/CBMinAFBVV95cUxNUVFaTTNHMFdnemhhQ05VaHVPNGV2d3Q1TWdXTWlYUHpEY0RIUC1feGJSVFFaWXJ2emZYU0RadUV5RVBQN25OdmkyM3hyc2hDazh5blQ1OWF4WnR3clRjRFZ1dHdNSnFfOHRjOExCci1VM2p1T2NBMUNsYnpUYmc0TGx3ZU40M3hCZVQwaWdBWGFCaHVvTzZXMENuTGk?oc=5,"order, MW",Suzlon Secures 201.6 MW Wind Order from Waaree Group | DevCo Model Gains Momentum PSU Connect
2026-07-23 09:39,Suzlon Energy shares trade lower despite order win from Waaree Group - Business Today,https://news.google.com/rss/articles/CBMi0gFBVV95cUxQbEJ2RjQ4bm90Unl3WUlGVWZzeTBJRklZb1lJTUpqLXBKb2ppalVNQ1dqR0p6MkF1RW5JN005YXdHTGZNWXIwcEtZeEJVeTJmNmFNc1IzdmRmV1k3T2J2UncxS3BraHZYV29fMmd2UGhLZWRxRVlldW9PVVUyYVZSQ1hlYjVFeFZYZVRtdHFkMDI4WjRDT0l0bHFtYzhGTUMtbkEybC1UWWZtVTJBMlR6dS1hQktCWnREd0xyNzZDMDBXa1JiRWZFUVlHX2ZtdVdlU2fSAdcBQVVfeXFMT05tOC1zSFM0UEdWMktlSUdGaVNwamliVWREaHpFUEMzZkpOZ1RiLTd3Vl9ZN05ZOXlQVVI2WWIxWXItcEp4bmx1bS1WOTY4OG9wb2VSMXBPQm90WElGNTN0MlNyS3FLQXh6SG10eVJJX3RfODRzaGY5VjROcE1oR2hHbUlHN0stOXlLcmFsVnB2QjQyTUxWR1ZCZ3dPMm5Id000OWFPOS1tVC1jVGRIWXZTbWpMYjFlUHRjbmZKREswNGs5UVF5ZklBbkNVa2t6LTROUmtRaE0?oc=5,order,Suzlon Energy shares trade lower despite order win from Waaree Group Business Today
2026-07-23 05:25,Suzlon Energy Secures 201.6 MW Wind Order from Waaree Group - InvestyWise,https://news.google.com/rss/articles/CBMikgFBVV95cUxQM2hwc1pWWS1CYVNyeFpJSGxnSGhwd3kyZU80YmdEejVUSG9lVWxOWXJWRmcwX0RpcVlTbzQ5SGZCYURkZVh5NHJjZEhyQU5yQmhMNDNpNGtET3BFdWJLWS1hT3BOYW1iZ3pmQTlQZElSZ25sdFAtRFZOUVJGRTR4RHg5SEhRbjluUmFnUXRUOVltQQ?oc=5,"order, MW",Suzlon Energy Secures 201.6 MW Wind Order from Waaree Group InvestyWise
2026-07-23 05:33,Suzlon bags 201.6 MW wind energy order from Waaree Group for Andhra Pradesh project - Business Upturn,https://news.google.com/rss/articles/CBMi0AFBVV95cUxQYTc4Y3NtcGlXeXI0TmkwN3dvZTJZeE03aExXUng4VlgySW8tZE1JZF9xRW4xd243Ml82NnBLSHRCT3UxYWpRUlhQN29rUFZFVHo0b0o4amRFQTdnSWpZSmVqalpqT3hyRkp6WlMxdFJ5NjZzZlVKX2tCZ3hmWGs5ekhablQyOFJHSUptdXNCR3M1ODJkSW1kYlY3allkaDdJOU1kZURZV1NuTlR4UFNFUlZEQTdJeEpHSEV2Tml1d1d1UkIzanJpcHJqbFg1dGhD?oc=5,"order, MW",Suzlon bags 201.6 MW wind energy order from Waaree Group for Andhra Pradesh project Business Upturn
2026-07-23 05:49,Sanghvi Movers subsidiary secures wind EPC orders worth Rs 428.72 crore - Business Upturn,https://news.google.com/rss/articles/CBMiuwFBVV95cUxPYTB0dHJxS05iR3ZjdFhyRjlxRU12QnFYYXVHT0ZUTEhtM2doV0IwdHc1WUdRZnVsWXpPY1liNVpEd0Fxcm5tQ0NyTlBpRDRmdWUxM3VMR0F5blh2dm9QWV9Rd3hXLW5SZ2tUb0FVZnpZUV85aDZ6WmRpZmRpM1J1RmRBc0E0QVFkOTdWTDZ0NkZIY3JXaTk1T0tlaEVUN2ZKU0lzekFRVFFZZFlOdF9RNWpQVW45dE5NX3Bz?oc=5,orders,Sanghvi Movers subsidiary secures wind EPC orders worth Rs 428.72 crore Business Upturn
2026-07-23 05:58,"Bondada Engineering receives CEA approval to energize 300 MW solar project at Khavda, Gujarat for NLC India - Business Upturn",https://news.google.com/rss/articles/CBMi7wFBVV95cUxPMlhqOG5GdmxsZjhveGUwRXV3dVd6SnBhb2lQZ0c4akJicHpsOVNhRE42YVZpN0VTWWFkb1ozWHoyVFY2RWF2ZHBaZWN1d1owWGFUbG01NTFZVU5rX3RDbTU5OVJsMWRGanRfcUw1Wm14SkRZREtQcDFtQmpoZFlWajdKOGhpQzIydlV1NkF3OVU1ZXVuMkc3U2tCaWJSYVAySGhHaVRmRXVnR05BMVBLcW1acWJFRGN3bzJfckdYUC1vSFBBbnpqREw3QTEtZ3YxY2xIRGV2YWpwQnFVVHA4TTdWOGlRWmt0SEY1cEhEUQ?oc=5,MW,"Bondada Engineering receives CEA approval to energize 300 MW solar project at Khavda, Gujarat for NLC India Business Upturn"
2026-07-23 08:51,RWE’s Nordseecluster A offshore wind farm delivers first electricity - Power Technology,https://news.google.com/rss/articles/CBMiigFBVV95cUxQallBN2VzTFlkdVVYUWhUM0doWExaVzlkMGkyREc1X3YwaUlBcXF3RHJENkx3MENDQWpxT0FmWVlPRG5vWXpvRXlwUjhSOFhkbE5mTEhxM245NXZ0Y3FxNzktNGx2NVl3T3l4R0g1OXNPWGpjVVFxVmc2eE80aGxZZkcyM2tKWElXc3c?oc=5,offshore,RWE’s Nordseecluster A offshore wind farm delivers first electricity Power Technology
2026-07-22 15:57,Nordseecluster A Offshore Wind Farm Produces First Power - Construction Review,https://news.google.com/rss/articles/CBMimgFBVV95cUxORGMybzkxa0VJNXZmNG5ITXYtYl82YW9hNHY4bmVPRkFNOThmTnYzdmFlRTlTMEc5VFh4WjhaaVdpSklKQm9nSjNsdTd6ek9BTkM5RXk4VllKWVRHMHllMDB5dHoyWXFiSk90alkwTEFRbDZvZDdxU1Rxd0p0TGxjOWU0Mk96N0ZiYlZIdjIzWkprQkktSlVERkFn?oc=5,offshore,Nordseecluster A Offshore Wind Farm Produces First Power Construction Review
2026-07-22 22:52,Iberdrola's Scottish Power plans £1.5B upgrade to largest U.K. onshore wind farm (IBDSF:OTCMKTS) - Seeking Alpha,https://news.google.com/rss/articles/CBMiswFBVV95cUxOLWh3aG91LWg0MWhiRGdKX1FudmRuTDFGVXJES19sX1A5eGk3ZkctU1puSkJCVnNEMGpaekhsdGdLMzBRak5BVzFraXMyeUM3QjZ1ZWg2QWUzc0N5YzVXMGVOUGRZbHJaa2hIblBHU1JEMmpLS0p5VlNJZnN1N19FSDY0Y0UxZ25nSWxkVV8zbVpzYW5WdGVtLXRjdnplTHNhcnlYNVVJbXVfSXl1XzlSc3k5cw?oc=5,onshore,Iberdrola's Scottish Power plans £1.5B upgrade to largest U.K. onshore wind farm (IBDSF:OTCMKTS) Seeking Alpha
2026-07-23 12:16,China Delivers Advanced Wind Installation Vessel To Danish Offshore Wind Contractor - Marine Insight,https://news.google.com/rss/articles/CBMitAFBVV95cUxPNk9FNW82QkNtWm1mTzhnQ0tORzRnbFdXNk9HZzJ6MWZTdm9ZbXI0a2YzbVhXSUhMSWQweXhqaUhZQ3dzdy1DRjB3OHdkVDl1NGdaQ0lQc0E0RWl6UkQwRVdjZFVlRml4UHFLOW1seXE2MWduWTl5Ykp2ZHBxb053TkNnT0ZhMVk4Y1BjcFZWbkpDanU1WnIxZ29ldmpDcEdVemRiU0hvNVdGYTg3bFhMRE52NWo?oc=5,offshore,China Delivers Advanced Wind Installation Vessel To Danish Offshore Wind Contractor Marine Insight
2026-07-22 16:08,Blaze destroys turbine at southwest Nova Scotia wind farm - CBC,https://news.google.com/rss/articles/CBMiowFBVV95cUxPNGx2bmFCZHpRMVktRVdOQkVEdk05b25GVFZBR1lpWVpvZmNnc1hoY2oxR05JMUJJaXY5cWlBNXE1YTNjS0JnWF9UUW5wYnJKYmVFRnJEWnUwNlpFRFB4RlNHb29veHJzZXlVTG92Qkp5Y3Zpb3IybUJ6LV9uR18ta3hpT0FNLXZRQV9KVWl4emZJTDNPYVFiNGtBeDB6WVhNU25n?oc=5,turbine,Blaze destroys turbine at southwest Nova Scotia wind farm CBC
2026-07-22 16:46,Wind turbine blazes in West Pubnico night sky - Your Tri Counties,https://news.google.com/rss/articles/CBMifkFVX3lxTFBpblNGSEdnbWdYY3FOb3I5cGJTRktlaU9lVzF4TUxaZlYyaFZwR0Q2WTQ2M2xZcTBiam9nY0c4QVJPbXQ2aG1mTWZRdkE1UmlBeVBROTBWaFFQaU9GcmhGc2Z0Xy1jYUc4SHhwZmZhTS1vbEwycHN1T3o2WmNrdw?oc=5,turbine,Wind turbine blazes in West Pubnico night sky Your Tri Counties
2026-07-22 16:53,"Saipem, Subsea 7 Merger Could Rise Prices, Lower Market Competition - Offshore Engineer Magazine",https://news.google.com/rss/articles/CBMiqwFBVV95cUxOOTFVTkhZeFdpbDlnMHBMLXFXNjhKMDdPeUlZQ3BabzVJWjluN3NoT0YwWDJtXzlTVkREbEJnbEpvVVE3dWdnQ3FRMElSclpIaGhjX2dVRzhCMWJvOXRHTVRsRTMzMnJXOXpEUzBGTVlLZFg3bkYwT1lURzZvSW5CS21ic0lsMGMwWDd2VnN4d3NkZ3FkOUI5U0h2aGd6YkFObjFtY3k0emJEWXc?oc=5,offshore,"Saipem, Subsea 7 Merger Could Rise Prices, Lower Market Competition Offshore Engineer Magazine"
2026-07-24 13:36,Blade fails on Vestas 15MW turbine at He Dreiht - reNEWS,https://news.google.com/rss/articles/CBMijgFBVV95cUxQRVZIMVVxRWR6UEc5TE1HXzJlZ1VYV3B2dUwySmxXZV9CclZDWGZSNlZfVXBFcm1UeTVLRWNJTnlMZXlUeTB1ejYwLXg4eTdDZUtIcDFmNlNDX3psVmZYUXp2eVg3SFplZU1xeEcyXzJOYTV5cmc1VTkzeTdvTTA4WFZYaUszcTY4bVpXRXJ3?oc=5,"turbine, blade",Blade fails on Vestas 15MW turbine at He Dreiht reNEWS
2026-07-24 06:36,Vestas Secures 43 MW Wind Turbine Order for Eurowind Energy's Ladenthin Project in Germany - WindInsider,https://news.google.com/rss/articles/CBMiwwFBVV95cUxOd3V1SFNaRWttMkNtcXhmTG90R2JUa0tHVWVEMWxhMTFlNlE1emFJNGFyekoxbzJGRFpacS1rb2NDbkgwNTlBMDhmY003Y09nZWp0Yzd1RnVzakFURy00eDFhZy1GTFJSNmNZbHlfaXpKVVV3NzR2c3lCZVlHdExHbVRtMEkyaWZiSlNPdGt1LUJiV0xlS2NOWTlXX0xHMFdMaVU4SlFfN3hzRkVTbWZ6S2c3bDhKUDBaR0FIWkgtNHM0NDDSAcgBQVVfeXFMUFcxbjFJZi1Ec3lYRmdNa2tEOV9pTDFJVEdyZGEwX0ItakRrNXpjS0JvblNGcms0c1pfdEVOTF8tTzlEZGY3NmlOTnEwYmNic2xFLU8wbW5xOWl0ZkRib3RPamlOQXZGYlRqSFVKZmhVcjUxVTFadi0zWEZwek5YaXNkdHVXTDhWSm5QUkZfQzJFWlVZaXB4bkpoNTZReWUyTVg4bmNuNXFoUHN5U3lWSkVwdGlDWGF6a2xXNFZDLUNlazdsbXU4V2Q?oc=5,"order, MW, turbine",Vestas Secures 43 MW Wind Turbine Order for Eurowind Energy's Ladenthin Project in Germany WindInsider
2026-07-23 21:00,Vestas delays Mokpo turbine plant as Korea orders fall short - CHOSUNBIZ - Chosunbiz,https://news.google.com/rss/articles/CBMiggFBVV95cUxPeEUxNTljSHVWZW8wMjhOdEN5YktQdnpjUlA3MEgzOHl1czlZZ2RVYWpxTExtY3V0WXhuR3JtSU5EVDJUVzF6NnNrX05GY1g2cnZsdlNxMkFoTHlfeEtBUjdSVElrWTBPVnFLNzBWZ042cFpsTldBZGwyMjVTUjZVWFd30gGWAUFVX3lxTE5BdWVRQzZzaDlZRHYxY0lTTGZZaERXU2hHcDNvbDBfWG00Y0xrR0dZZ0Q4dUZlRk5OQ0ZuR3o4Zkl1Rk8tR2FhaW9SMnlvc2lHX3J5dmVVSW8zaXhod3JkT2RCaVdiYjBNd0Q3Rk8wV3c4RDIzVHZuN3M0U1dCUE9qeWJxbXpDd3I3YThocEFhMkZ3MDVMZw?oc=5,"orders, turbine",Vestas delays Mokpo turbine plant as Korea orders fall short - CHOSUNBIZ Chosunbiz
2026-07-24 09:42,The Vestas V136-4.2 MW. High-wind workhorse for onshore parks - Ad-hoc-news.de,https://news.google.com/rss/articles/CBMivwFBVV95cUxPOVJZQnNSVDN1U2NkanZkNzNoWmg3RzlkX0FMa3lUNmFCelFGQ05kUW5Bcms0Y3VGMV9HMnU3SFg1cmcyTU9JUEpxSjlCTnhxaHJqQ1g1VkN0Q3ZMYXVoMGFjVWl5aHk0Z3d0UTJSTXY0a2FwRHh5elJEZFBMYWZpVUpyN3VfeS00b3BCVkhkMEkwcmxCNHphMVFLY3ozcXlXUE1yTEk3Y3VxN3hObzJNN3VTcF9SMkw1Z1hVWW16aw?oc=5,"MW, onshore",The Vestas V136-4.2 MW. High-wind workhorse for onshore parks Ad-hoc-news.de
2026-07-23 16:31,GE Vernova gas turbine backlog climbs to 116 GW - Utility Dive,https://news.google.com/rss/articles/CBMikgFBVV95cUxPUXZJZi1pc0ZMLVN5Rkw2ME9TdDRuZmVfcGdHLVlMV3BMTWxMS1VJVXJoLXZWTFF5dHZGOUp6QTBrTFk5anJfZms5UmRPaHhnMDhDNkNtQ1d5YlBtdjBZQ0J0cENKeEFaeGQwSFRPNTh5ZjNBdFhpMzJNSzdnV180bkJ5WGFCZlZtbnhGaVp0RnVudw?oc=5,"GW, turbine",GE Vernova gas turbine backlog climbs to 116 GW Utility Dive
2026-07-23 15:11,GE Vernova Orders Up 88% Year-over-Year - Industrial Info Resources,https://news.google.com/rss/articles/CBMirgFBVV95cUxOX0p0T1czcXpDOGdMWmVzZWJMZmNwY0FoNnk0YU5lN2ExVzFXeTkydl82SlVZb2Z2blBza0dZeERrSVZOakNSWTlWc2hVUEphaWxoYkhuMV83aE52aG8wS1JxREEycy1HUU9uX3JZS3E5M2RwQTNfTFMxam1PRm1JNnNqSi1CVE04el9hTVg5S1NDdzlkWWhzN0VvQUFLYldGVS05a19pcVNUNHBhM0E?oc=5,orders,GE Vernova Orders Up 88% Year-over-Year Industrial Info Resources
2026-07-24 06:00,GE Vernova raises 2026 guidance as Q2 orders hit $24.2bn - Utilities Middle East,https://news.google.com/rss/articles/CBMibEFVX3lxTFA4MVJFSTRoZ0FEU0FnbzJyR0F6THB5NlB1QnlPT1VJZlh1dFhyenBFYXJDTTRDaWV3ZEg5TjFFdERYUG81bGNJUm5oYUp0b0d6NE81NzFFemVwOHRWQXcxN05QZkE3VDgxMXVfNg?oc=5,orders,GE Vernova raises 2026 guidance as Q2 orders hit $24.2bn Utilities Middle East
2026-07-24 12:58,"Wind Turbine Generator Market Size, Share, Forecast 2026-2035 - Global Market Insights Inc.",https://news.google.com/rss/articles/CBMif0FVX3lxTE5tbTV3Vk9KWFFTZ0JsbWpPN1I0RVNfUldQTDRCN1h4TExMMEdMeWJWWmVwaTJTRUhxaG5Ca1poS3VZb0RzaUdfQzZsM2cxV29YT1hoeEsyUEVERUExQUNIQ2NCX0pjLVVqeHlkWXJGNWgtUUxoV2FMd284akJZbGM?oc=5,turbine,"Wind Turbine Generator Market Size, Share, Forecast 2026-2035 Global Market Insights Inc."
2026-07-24 06:54,"India's Wind Capacity Climbs to 57,443 MW by June 2026 - energynews.pro",https://news.google.com/rss/articles/CBMihAFBVV95cUxNal9fQ1B2MEFSV3lGOTZKcmJmODNPS3ZUTzRxRVZXdXlCdGtqRk1nZ2pSYzNicFFBV3docVdhNnNqWWpsSDNXVEtrZDNURTNoeVVsRmlGLUZod2xlc0NpQjhOOFFxOVpvbnp6MTBGb3VfRGcxbjBMRHlNcnpIUkhLTnI0dWI?oc=5,MW,"India's Wind Capacity Climbs to 57,443 MW by June 2026 energynews.pro"
2026-07-23 22:55,Neoen starts construction of a 179 MW wind farm in Australia - energynews.pro,https://news.google.com/rss/articles/CBMijwFBVV95cUxPS2dWbDdvem9Ic0tZbVBweHA4WWhBdjNmY3E2WTQ5WTR2bmM2Rzg5M21fbmxINEgzZzgzRUdmTWNOU3p4c2RKdGVpZlFISWkyYzFRZE1TUUZqRUxiQllhcFlCR1BFNEJIbElwdE5rNUFtcFpNbFA4cE1EelFTOUpMZ2tzcjdoZWt5aUpQVWVZNA?oc=5,MW,Neoen starts construction of a 179 MW wind farm in Australia energynews.pro
2026-07-24 06:54,Suzlon Wins 201.6 MW Wind Order From Waaree in India - energynews.pro,https://news.google.com/rss/articles/CBMigwFBVV95cUxOblM0ZmRXQ0xiX3hFYkN4VDFBSy1PYmNYWE91bmxySS11VnN2cVlZcHZ3NzBCeDJad2x1MW9SY0hGVGVDTTJabzhIZmM0N0NtbzUtUy1oYlBlVDd2MnZXLW0tQ1RXMUlfS0x3eHhUNG82bmVRSGpKMEdmY0tudHpOeU5VQQ?oc=5,"order, MW",Suzlon Wins 201.6 MW Wind Order From Waaree in India energynews.pro
2026-07-23 14:56,Offshore Wind Growth Partnership Appoints Two Independent Directors in the UK - energynews.pro,https://news.google.com/rss/articles/CBMipgFBVV95cUxOWnl1SDVJNU9QX1l0cnNjcjM5Si11a29FR25QRkVzMm5xS3U2dWpYd0lGSnZQbmMtNW5YcUV6VVIyUC1tTVFYbEJJVDBoMEoyeXphd0lPQ3R3S3JxaURFMllhOWtVTUdqdXFXR3V1Zk1PQUMzREtHdnRaUGprSWR6OTJZQy1GeWpTN2E4QkxQcVZ2T2JzYXEya3cyTEpENFJzSGxLLURn?oc=5,"offshore, partnership",Offshore Wind Growth Partnership Appoints Two Independent Directors in the UK energynews.pro
2026-07-24 10:05,"In 2022, Ireland built a pedestrian bridge from two wind-turbine blades that were too difficult to recycle - The Economic Times",https://news.google.com/rss/articles/CBMigAJBVV95cUxNM1NMMmxTUUJYRUJObDh2R2NWLXVoMmVkeU1SQm1TYjVBUTByVjR3TnRJNkt4MXhJc0t3U0Z4aUkzMFZXX0RHSER5LWpVXzlBaF82MEFnQmpjWElLN1RqdVFPTW5Vd2dSblFSQnhjdURQc21adzFKWTNxc3pJYS1HZklRbDYtaTZHSWRkdHdmYzRQRGlMcW9hYmpIdlVIcUlid3VSVTJ4N2c1QkFsdW5jU25mNFZiM2VYYzlGalFRWGg5dURLb0hjajFfNkpubFd0MWNIWTNjQU15Z0NRXzRNb2JkODdlb3pCaGhremFPY3BWVEtiZzNPbnA3VEVubTlQ0gGAAkFVX3lxTE0zU0wybFNRQlhFQk5sOHZHY1YtdWgyZWR5TVJCbVNiNUFRMHJWNHdOdEk2S3gxeElzS3dTRnhpSTMwVldfREdIRHktalVfOUFoXzYwQWdCamNYSUs3VGp1UU9NblV3Z1JuUVJCeGN1RFBzbVp3MUpZM3FzeklhLUdmSVFsNi1pNkdJZGR0d2ZjNFBEaUxxb2Fiakh2VUhxSWJ3dVJVMng3ZzVCQWx1bmNTbmY0VmIzZVhjOUZqUVFYaDl1REtvSGNqMV82Sm5sV3QxY0hZM2NBTXlnQ1FfNE1vYmQ4N2VvekJoaGt6YU9jcFZUS2JnM09ucDdURW5tOVA?oc=5,turbine,"In 2022, Ireland built a pedestrian bridge from two wind-turbine blades that were too difficult to recycle The Economic Times"
2026-07-23 19:57,"Fire in the sky: Wind turbine catches fire in West Pubnico, firefighters protect surrounding area - PNI Atlantic News",https://news.google.com/rss/articles/CBMi5wFBVV95cUxPVnotelhEbjhlNGZEM25Ya1Q5MEd2MjVlSGxKTzl1SldjQWVvbW5weThMZmpPQklfRDR0T3g2a0dzVUZuQjJOY1d2VGlGODc4bU5VWEhVYTVra0NpVUFCamJBcW45VXZVWTNySnhPUU04QWdURHhOSXhkcHZZQUVVNEEtSXRWT25LMmxqajhELUQyQjhnYmx2NUtZLUYtMTVJS0VXMlVwcUMyOTZZLXhEaTRRR0FsOHBRWDd1bDI4YVBMV0VlMVA0bWlpSWlyQmpSR2NfSmdLR3lHTkRxTV9NSEFXQzNmZlk?oc=5,turbine,"Fire in the sky: Wind turbine catches fire in West Pubnico, firefighters protect surrounding area PNI Atlantic News"
2026-07-24 03:56,Waaree Group taps Suzlon for 201.6 MW wind project in India - Asian Power,https://news.google.com/rss/articles/CBMiiwFBVV95cUxPa01RUDNFZ1NwRGQ0eXg0WUJLeWJROVlQQUtGUFVvbXpXVlZDekloZmV2bVJMakdxUmZ1UjhRZlowMWI5d3ZHQVdNbVV3MmttSDRlX2hoYVBob1ByajNSTVNHQmhaRHNsQWVfblhTZVZhRkE2QTYzTEhKZl9JM0FoVFRVR2JodTZwS21V?oc=5,MW,Waaree Group taps Suzlon for 201.6 MW wind project in India Asian Power
2026-07-24 09:22,Suzlon wins Waaree’s 201.6 MW order - Construction Week India,https://news.google.com/rss/articles/CBMiiAFBVV95cUxOSHJxZnpQdm0xN0trY01ITXZST1RNMDZvQmJ6MTR4c0hIWmp1dGxOT3RudEFQa2N4UFFrRGhsVWZKR0I1VmYxZElkV2dKOEpBT1VzLWF5YVIyTlVaSDhBRUJIdGFJckUtSUxoc1F2clA1bjYzYWpLaldfUkpHNnRBSzc5U043YUFu?oc=5,"order, MW",Suzlon wins Waaree’s 201.6 MW order Construction Week India
2026-07-24 06:27,Suzlon Bags 201.6 MW Wind Power Order from Waaree Group - Chemical Industry Digest,https://news.google.com/rss/articles/CBMiiAFBVV95cUxQOVpsaXFqbTVZcEJDdDY3RzVpMVFwbE1nR19jRWMyc3RDdXF3aWhNYnBlbXRLdno3OFBQazYxcXdlTkthQUsxcXlqX1c2MW1pM3h4N1FEaFJEdmk3a0FZajhBXzVYOVdQd0R4ajNiOF8zdVF0Z1hhV1o1ajJZM054YjZVdW9FT0w3?oc=5,"order, MW",Suzlon Bags 201.6 MW Wind Power Order from Waaree Group Chemical Industry Digest
2026-07-24 07:28,Suzlon secures 201.6 MW wind power order from Waaree Group - Indian Infrastructure Magazine,https://news.google.com/rss/articles/CBMipgFBVV95cUxNZjI5c3FiSm5mWWx2bEFLd1VyWlFEWFNUWm44aXVJRzBST3UwTE5HeWpDZDZMMW5PMFIzRXBNUnBOdC1CYkhZZElXeUtwckFwTVlxZUhyblFFQ3dOTTVqOWFsVmRPTFdpX0dlTGJkeWRtazJIR0hDWUZ6bGM5VTBvSmhvc3I2SXN4ZHh5OHg5WnJWZzQ0eTVWclJwbEdHQkdMRktLcWh3?oc=5,"order, MW",Suzlon secures 201.6 MW wind power order from Waaree Group Indian Infrastructure Magazine
2026-07-23 18:29,Suzlon Bags 201.6 MW Wind Power Project in Andhra Pradesh - Deccan Chronicle,https://news.google.com/rss/articles/CBMiywFBVV95cUxOdnpaeEJBSmtXa1dsdUlTVWFLbERaVDVNdVE0UXZtYkF4SC1qWFFhN3NYcDkxc0JSSVpCemRLSnJrNmZ0NXlPd25NMktUSHRuMGVsbkJsSVltbC12ZUh5TVkxUEFvU0JzZ2thS2VyTGFyc2RDZV90UmhDQlhYbGwySS12RndhbUEzelEyQTJNZXhYTUo4emItaTFRMXdwTlpMV0ZISTRLQkhvS2dfNU94RmlnaVA2RlRQd0VsS3ZCcFJIWjlRbVY3X3I1TdIBywFBVV95cUxOdnpaeEJBSmtXa1dsdUlTVWFLbERaVDVNdVE0UXZtYkF4SC1qWFFhN3NYcDkxc0JSSVpCemRLSnJrNmZ0NXlPd25NMktUSHRuMGVsbkJsSVltbC12ZUh5TVkxUEFvU0JzZ2thS2VyTGFyc2RDZV90UmhDQlhYbGwySS12RndhbUEzelEyQTJNZXhYTUo4emItaTFRMXdwTlpMV0ZISTRLQkhvS2dfNU94RmlnaVA2RlRQd0VsS3ZCcFJIWjlRbVY3X3I1TQ?oc=5,MW,Suzlon Bags 201.6 MW Wind Power Project in Andhra Pradesh Deccan Chronicle
2026-07-24 04:23,RWE Begins Supplying Electricity from 1.6 GW Nordseecluster Offshore Wind Project to Germany’s Grid - WindInsider,https://news.google.com/rss/articles/CBMi1AFBVV95cUxQckZMVXpGelJpRUpTaXd0OXhGZDdTZms5WnJIdEJTWU9abjI3V3F2UXRWbGFqbjZCQ21ISHVhRW5TeER2dnFjYkJpejg5Q05BWmVRQjJURnpFbWxyR2pQUEphOURoYjJZNWJLc2h2OE5iVjBoNXo0ZEdxV012X0lEUXE1UlNLOERXeTlER2kybTBnRWJ1b0ZubjZ6S1d6YVQzcTJHWnV1Sko5dm1DNEFSVG0xYXJhd3dabGhndm5LYmM2NmFaYU1UZVBLd1hsSXYxcmJRQtIB1AFBVV95cUxQckZMVXpGelJpRUpTaXd0OXhGZDdTZms5WnJIdEJTWU9abjI3V3F2UXRWbGFqbjZCQ21ISHVhRW5TeER2dnFjYkJpejg5Q05BWmVRQjJURnpFbWxyR2pQUEphOURoYjJZNWJLc2h2OE5iVjBoNXo0ZEdxV012X0lEUXE1UlNLOERXeTlER2kybTBnRWJ1b0ZubjZ6S1d6YVQzcTJHWnV1Sko5dm1DNEFSVG0xYXJhd3dabGhndm5LYmM2NmFaYU1UZVBLd1hsSXYxcmJRQg?oc=5,"GW, offshore",RWE Begins Supplying Electricity from 1.6 GW Nordseecluster Offshore Wind Project to Germany’s Grid WindInsider
2026-07-23 17:04,Suzlon Bags 201.6 MW Wind Power Project From Waaree Forever Energies - BW Businessworld,https://news.google.com/rss/articles/CBMisgFBVV95cUxNcklqY1YyZmEzdXl3UEs0Um9EVzZ0bTI2V3kwUjd4OG0zanBTd0w5bDhVWlNva3Q5TUtqZEM2V01Sa0VJWDd5Vks4Y3VvdVBNUlZ5NFRheWhkeWVCczM2N01HT1JOc1gyU0s5RTQ0dTRwNzB6T0J0djU3TWk2OG9Sb1lIcy1qSVJWSHhQZkYzYk1lOVVEdlZaWFhxcE1vTVlQbTNTYWVUaU9LSUZQX1RjNjB3?oc=5,MW,Suzlon Bags 201.6 MW Wind Power Project From Waaree Forever Energies BW Businessworld
2026-07-24 07:01,Suzlon Clinches 202 MW Wind Project Order from Waaree Forever Energies. - News on Projects,https://news.google.com/rss/articles/CBMiqgFBVV95cUxPX1pjUzFsR2E3MnBmVi1NS3U4cF9LTEZXenpZMTRiVTF5cTNBOW5sV1JRUXFDdFpZY2hQaU9uM21uQ3VINGo5REVLYXFhYkNjZXllMk12am1kM29taXRGbUwtSlZfdUo0bTZ2bHdoOHRWR0sxekxfM0o4YWpZM1FYRUxiZk9DN0pwOHVxcHJLWUxiMTFpUWVoeGZ4SzlzUkZmZEExaWFLRmUzdw?oc=5,"order, MW",Suzlon Clinches 202 MW Wind Project Order from Waaree Forever Energies. News on Projects
2026-07-24 04:48,Suzlon powers Waaree Group 's renewable ambitions with a maiden DevCo led 201.6 MW wind order - EquityBulls,https://news.google.com/rss/articles/CBMiX0FVX3lxTE9wdkhuMjFMdTY1TnU0YnpsSkRVZlVhZkV4Vl9VSXloa01Zc1d2WjJnUV9aV0NSNllscnNnY2VKSDJDRmRBLVRfcU9YUkRGZzhDV0syUjNMUUlfQ3YxblZB?oc=5,"order, MW",Suzlon powers Waaree Group 's renewable ambitions with a maiden DevCo led 201.6 MW wind order EquityBulls
2026-07-23 22:06,"JSW Energy subsidiary to acquire 150 MW Tidong hydro power plant from Statkraft for Rs 1,728 crore - Business Upturn",https://news.google.com/rss/articles/CBMi3gFBVV95cUxPZUo0cnBmRnhDQXA0SlhoS2xlTEJkbWFMZlVKX0h6dVY3OXl5X2FKU0dsOHJfU3lOMllDNUU5WkdkcGllelRBcDJwOW5Da2prMU11cFNUb2dGVkY5LUJDQVhuRXdnS2ZERUVjMGFUaHUxMTdLdzNZamFDNjVGRElxemRPa1NyT1E0VHdZQ3hEQ0hGN0ljZ09HOW9jbnhraTE4YWcxbGlxU2p0OTV4WlM3bkRKdUVUNldGYUtfTVZuTnFfMXA3MktXeXNySTNGZ0JPWHdlUlJ6TGUxZjBfdGc?oc=5,MW,"JSW Energy subsidiary to acquire 150 MW Tidong hydro power plant from Statkraft for Rs 1,728 crore Business Upturn"
2026-07-24 00:06,Regional Conflict Risks Energy Supply as US-Iran Tensions Rise - Whalesbook,https://news.google.com/rss/articles/CBMi3wFBVV95cUxOVG8zSnVRSHZlX0MtRml1MUdrSTZDaEZkRUU2RnZ6S1RnRDZfVHdEMUJnWmZWWmhwazBUSmxxYnNhcnVRRDAzbFAtZnh4NW1INnVkWS1hQnlzdWlGSzQtTFJUaTBwcVZNMkwxaTVjNTVQMm54ZnkxN1h2aG9nTG1MbG1sako2Z3ExbDUxYTE5cV96NU9OZTRuNG5SSG90b1F6dDUxbkhkWGhueVJPb1V3RXVMQWRnNTdkVlhZeGh3R1BVTzlOelR2SHR4WVBZNTNKbGFqSjdKOThkTVppSklB?oc=5,supply,Regional Conflict Risks Energy Supply as US-Iran Tensions Rise Whalesbook
2026-07-24 08:48,Orsted stock stabilizes as offshore wind strategy shifts after impairments - Ad-hoc-news.de,https://news.google.com/rss/articles/CBMizgFBVV95cUxNUlFBRHp4NllyVkpnLWxtU3dnOTdCbVFnVFRHYkF3bGItVU51MUN4NnlXaDdWckRaS28yS3FHTmRkRDJLZlJPXzROaVRqM3g0U0RXdDBTbkJkWTVnbU01TE93cm9Ddl9ZS0F0MURyS216YjdkNkFmVXo0di1ZUlFaTGxNdDZEMnZ4djF2TWlDd180X0pCaklZZEhtZGR2LWRWYUo3azYxTmo0cHFfd19GeUxRdzlaZE9aQWExbUxkeVJwZEF2al9Ibk9zZFFSZw?oc=5,offshore,Orsted stock stabilizes as offshore wind strategy shifts after impairments Ad-hoc-news.de
2026-07-24 09:59,The Hornsea 3 offshore wind farm - Ørsted bets on massive UK capacity - Ad-hoc-news.de,https://news.google.com/rss/articles/CBMiygFBVV95cUxOSEp3TWJTQm4zZ21xQ0ZyU1FKckIxb1J0VVRyWDR1eDZ2UTlnWGxHaEI0VUxoWWpXTUVDWnU4SjJfZGhrWlFiS011WDRCdmNXQURycERHUFh5cWM1eThNUjNhVWV5N1g2bmtqTHJSYW9TYjZ4ZGItNURnMjk2OTNvYUtJaDBrZWdWSnoyQmtaT18yX2RDd1pRcEh1a2Jhb1RrNmlzcmRBd0dmc0g4SU9Tb2gyV3Y2Q0w3emxmZkFOYkhPQXFJUm8yZ1hR?oc=5,offshore,The Hornsea 3 offshore wind farm - Ørsted bets on massive UK capacity Ad-hoc-news.de
2026-07-24 10:00,Offshore wind is great at talking about system change – except on this - Recharge News,https://news.google.com/rss/articles/CBMiuAFBVV95cUxNR1BaT0FsbnV5Y2Fhc2VJMm1vNkZyR2hkUVU5ODFhVUF6S0J3TGg1ZGhYaUlvSmFIT21ycmVoTHg3Y3Y0QWRPQmRCdHREd1FUUlRlMGQ3UEc4ZnFBNnBvWl9FN29TUWwwRGxRWmF0MFdNZHVrWUJpcW9CYVY2ekFidHBmZDBZV2U3VWJ1UFdBNXR1bGVMSDhmNFZHS2lJZWsyZ3N2d0gxZndOQ1pKZGpUdVRSZ05ZXzUz?oc=5,offshore,Offshore wind is great at talking about system change – except on this Recharge News
2026-07-24 08:41,Gasunie Launches Tender for 10-Year Offshore Wind PPA in Netherlands - offshoreWIND.biz,https://news.google.com/rss/articles/CBMirgFBVV95cUxNeEZNQlFuN0RnRFljcE5qSW9ianBrNTl3VVpmRFU1MlRjNXBGVHByT0NvS2hrMF83UW1tUHppdk5FZjVfMmtpa2FFWWw5bmRtbmZqQWRKcWJucEJ0Z005YWNlNTFqTC1fOFBwcFlEaFRXdUpvWFN4S3RJMkM1eC1DV0tLNWtiM1lGb0lFOFQ1azZ3RzBZejRETU5fS2QzbHR1WndkQ0plTUJNQUg4Y1E?oc=5,offshore,Gasunie Launches Tender for 10-Year Offshore Wind PPA in Netherlands offshoreWIND.biz
2026-07-23 16:00,Failed offshore wind dreams lead to honor for beloved Atlantic City community leader - Press of Atlantic City,https://news.google.com/rss/articles/CBMisgFBVV95cUxPVi01Q2dYTVdCM0VNWTdyQndvaHIyN0YyejlZcDExR3lpVVM5cTRsc1Q4NXlGeUNjeERVZV9JaUlSdWFUc3hYdGYzMFdPRWFQZW5PQnVzTGhiZEZ5QVpEVkdUNWFIdjhpRXlEMk9UUEZDTWloWDdyX3Bodk90MjZVQmJhcjF6TDNwMnh4N3lld2dJN1JjSDEyY0pWaXEwaHVzQkNCT0V2UGNoS1B3dDl0Qm53?oc=5,offshore,Failed offshore wind dreams lead to honor for beloved Atlantic City community leader Press of Atlantic City
2026-07-24 08:08,First electricity fed into grid from Nordseecluster A offshore wind farm - Energy Global,https://news.google.com/rss/articles/CBMitwFBVV95cUxPZ1BlX1JibHNkSGx1dWhuQmhpejVPRWtjX2ZUbmp2QXVHbk9aYVI1OS0ybnpRUm1qWFFIMGJ6Vk5CbEpjVDNPbDZKa0NETm1FbVhWUDc1QXc5bktXVmlacmJMajczdmNEOGVGbW1vSVQwT0M5MlJXaWg4b1ZvaTVrekJmX2dMQjBLeTdJaVFqQTNkWWw4bjlsb1MyRENnVy1qaUM4dENtejN0OW9WRGU1aEFySHVoekE?oc=5,offshore,First electricity fed into grid from Nordseecluster A offshore wind farm Energy Global
2026-07-23 19:21,"RWE installs half of 72 turbines at Denmark's 1.1-gigawatt Thor offshore wind farm, on track for 2027 completion - Energies Media",https://news.google.com/rss/articles/CBMieEFVX3lxTE9pc0V3UndFLWNkejNnUHdIbmxoZXltdnk4Mkd2OTkxT3J0MGJHdDd3bXRyWmdpYWkweHdnd0c5NFE2S0RSZzltdmJ3cDNuMWZKZzdQNmdIc0c3UVNQaTZfZnBlQkNYcnRXWEpWQ2tpSl90Y213NTZKTA?oc=5,"gigawatt, offshore","RWE installs half of 72 turbines at Denmark's 1.1-gigawatt Thor offshore wind farm, on track for 2027 completion Energies Media"
2026-07-24 14:00,Iberdrola Expands European Grid Business with €5 Billion Caruna Acquisition - CarbonCredits.com,https://news.google.com/rss/articles/CBMipAFBVV95cUxPM21QWmxzTEFEczl5ODVzNG8tekZWUHlMLU1pSEFSR1h3eVZoTTk3czZ5dHljWlAzOU1lQ3pwbTQ4QlNLeGJ3MUpZMzBtSWZJcVhfWTF0cHJSekVHWFlFMTNQYTB2MU5lRFpvSUhZeF8zQlduM1RaeTNOV2VYTHZmcE5fTXlvbm5vb3VIZ2tMNXg0RHo5YjFNdHRLUU9MaUlwUHNVMQ?oc=5,acquisition,Iberdrola Expands European Grid Business with €5 Billion Caruna Acquisition CarbonCredits.com
2026-07-23 18:49,EDP Renovaveis stock trades steady as investors weigh offshore wind growth and latest earnings momen - Ad-hoc-news.de,https://news.google.com/rss/articles/CBMizgFBVV95cUxOVXVQd21YQWI0RG5QV0NqbnUwRF9tckl4LXZoNl84U0ZQek8yX3RnT2xSR25hRzJBT0hsOWRMVWVkQlgwWHRUZ1VSVk81TmNLQ1ZjZk4xcktxQXFtRmZydHZqTTZRdC1YN1A1Tnk4eERWbEtZTkdDWm0xMFJRcE9JdXZCSEp0NFZ1X1ZuVnZhOWFNdzBRVHVaLTFSZ2dDMTZseFJkUjV4YzVZOVliLUxqNFZhRHI5TGQybVV2endGU2JiTFRFN2p6UWJwZmoxZw?oc=5,offshore,EDP Renovaveis stock trades steady as investors weigh offshore wind growth and latest earnings momen Ad-hoc-news.de
2026-07-24 01:07,Equinor evaluates tieback of Barents Sea oil find to Johan Castberg infrastructure - Offshore Magazine,https://news.google.com/rss/articles/CBMi3gFBVV95cUxNMFNnaUVubUVWelFTUzAwSDA4WGpiaklSTHJJd1hGSlRKZlJGSnJpWUtNVUFXVmZSWFdvUXBCRVdfMzNSQWtuQmo1YmJZakg0VGtSeThxejEzZVM4bkx4NTltSjJISjNQY2JLeXI5RlZNRGRRdnFsTzlxbWJQWmpuNENpNXVCWkxvSms3WkRjUDdlZ0RpS3ZIb1pUSFJCcjgxYnd6dmJxVXNQM3JDR3g3VFdvTDYxN1BMVXpfejlFYW15YXN6TkU4Q3FkTzNsYWhIYmh6Ym1YekU4SFZlS2c?oc=5,offshore,Equinor evaluates tieback of Barents Sea oil find to Johan Castberg infrastructure Offshore Magazine
2026-07-24 10:32,Equinor Gas supply contracts by Equinor ASA - flexible terms for European utilities - Ad-hoc-news.de,https://news.google.com/rss/articles/CBMizgFBVV95cUxQalYzRU9aMzFhZVdxd3RDa2s3aFRrbXhXRFF3NEpmYmVpcWlNV1Z2cUVWRVhHVUJWN2N4dF9UT1pZdnFsUFNzMFM4YW5tWVlVSF8zNzR4SE4xbWVQamdXYU9mY3lETzdjREdYVjVGOG9HVnNmalF5WnRpTnVNN1VvZzhUMm8wbFJlSm5lLWR3Q0dVb1E2VmFpREo4Y05HaHpwSjdJTzQ3ZExFRmF1dGxybnFGQWIyejg4LVdmX0JyMElndzM5MzBQTFhqd1phZw?oc=5,supply,Equinor Gas supply contracts by Equinor ASA - flexible terms for European utilities Ad-hoc-news.de
2026-07-24 14:45,Who Is The Largest Wind Turbine Manufacturer In The US? - SlashGear,https://news.google.com/rss/articles/CBMijgFBVV95cUxPVU5Zb1hUSGFxbW0zOUlBZG9PdmZWT1RIZ3loQ01PQ1RKZjJjVUpRRTR1TnZ3ZjlfRklub0lsdDU2bGJiZXZYaHVvQnF3SnppVFg5d0Y0T2FXMU9OTThZSFRWTlVDUnZuRTN2Y3oxaVRyUEFrZVV0OUVjYnRsS2REZ1dDR0hYdmlJWWlpSndR?oc=5,turbine,Who Is The Largest Wind Turbine Manufacturer In The US? SlashGear
2026-07-24 22:58,Mizuho raises GE Vernova stock price target on gas turbine capacity By Investing.com - Investing.com South Africa,https://news.google.com/rss/articles/CBMi1wFBVV95cUxOZHE4Yzd2RW95V1pqZkxEemtaeHhHQWlMaXVNZ2lvaG5reGt2aG15b2FHUDRwdVY0LTlBUTFoNm9tV2toUlZfcVBUT1hUbzI3bUJUTHVCWVFBeFJpa1hjRk5OZmV2eFltcW5TYXFKZTZqZFk2R0hZWVRSSkE2eFJiZHIxOGNjcG1oN2ktMFl3Y192REFvSzB4aUg4NmpIbjFBb1VPTk1QekxjUnVRNFlndDVWZmFMOUxlb0lsb1lhbFhDOWZHSWRiZzV6T3oxd3lma01UbFFHMA?oc=5,turbine,Mizuho raises GE Vernova stock price target on gas turbine capacity By Investing.com Investing.com South Africa
2026-07-24 18:47,"7.8 megawatt turbines, with a 182-meter rotor and a 155-meter tower, are starting to rise in the Pilbara desert, and the arrival of these machines from a Chinese manufacturer is stirring up a wind market that was practically stagnant. - CPG Click Oil and Gas",https://news.google.com/rss/articles/CBMikAJBVV95cUxPZURBVEFFb0ZUWjEzU0JvWW1zZnpUbXdlX2xWQ1JQbmJJM3p0WFpjb09hNjhxNVlZc3RLUVZHSEgwNThxUjRBWXFmRjd2Nkt4VURRY1c0MU5MaE5yakFtNzNQSDFSQWxUUF9zSEdsOXFIdzVoMS1nc1FpSmN2VXBaXy0wNlZrMDZTdE5uYmpUV0lUc0dxdTRHM0JtcGhWZFdpQlZvQTh0VE1VWF9UNGN0bTdaVS1jbDZmTVJrVmNhanZFWGYzTklMbXlSNWkzTTV3TW9ZTUtfXy0tc0NFWXBORDZhY2h1ZHhiSzVFVmxzcUtxem53S0RwNExJSUNyMUtULWhkbnNkMXQxajdhZ2lFdA?oc=5,megawatt,"7.8 megawatt turbines, with a 182-meter rotor and a 155-meter tower, are starting to rise in the Pilbara desert, and the arrival of these machines from a Chinese manufacturer is stirring up a wind market that was practically stagnant. CPG Click Oil and Gas"
2026-07-25 10:25,Nordex stock trades steady as order backlog and margin focus shape outlook - AD HOC NEWS,https://news.google.com/rss/articles/CBMizgFBVV95cUxPUVRveXphR2o1R3FhbHE3T19kdTFhSXZaYW9nYWhxUlBYNHZudmIzSGtaLWVTUHdqS0hQUDRTcmplUGRlVkFDNXZYOE54TGIwNHdUYmlPdmltX0pWNjE3UG1ZRU1tZ011YkxwWW9ZLXUyRzdCbFg1NUFHSWlRUFpwcmJkSEpYSTRsTVc1WTRkWVVEUWRvMTRFdUJtMW1jZGJIYmdRTTlpT0w4b3BNVEVVWlJtb1lFZzUzUnA2OFBrUk5CdFlZRWJxOFFxUExPdw?oc=5,order,Nordex stock trades steady as order backlog and margin focus shape outlook AD HOC NEWS
2026-07-25 05:04,German Startup Scales Up Fully Recyclable Lvl Wind Turbine Blades With €48.18M Innovation Fund Backing - megaproject.com,https://news.google.com/rss/articles/CBMi3AFBVV95cUxQM3ZzU0hwejV1UjlZUTl6MWFzZ0RDU19EMmNCSnpzanhsZjBDa25MNDNsYkNpUG5aZngyUFI1Wm1aNDd1Q2R4NlU0N1padzUydjBMNHI3aHpOVU04SHVXckJpY2ZZeEZsVHN1cWRsUGs0ZGZIQ0pldS1hNzkyamNtd0xYeGRWUkNHbWIzRFQ2MDBmaE9lWFhGaDZsZm5Fd3FhNkIxb1RoNW9jdjU1QmV0TUM2X0QzYzFHTm40ZWJWcFNMWHlva3lUdmZJdFB3UU5MdkdtTUpMYWl1V2Ft?oc=5,turbine,German Startup Scales Up Fully Recyclable Lvl Wind Turbine Blades With €48.18M Innovation Fund Backing megaproject.com
2026-07-24 17:55,India Solar Sector Faces Supply Chain Hurdle Before Cell Localization Deadline - Whalesbook,https://news.google.com/rss/articles/CBMi_AFBVV95cUxOYWZSWEFWQW5KT29zMDFPdzBCTjJXN1YxeFRNTU9BZ1hiUndRd1R6amhVUFhLc1hGRmhwUXN6UVVGZFNvTzlNelFlUi03ekV3WlZFM3pHX1FQNzNVejNRS3p6UEFudFBxRF9xMS1DS3pJcDdZdnZBMzdWcTJUWkM1LUozNEM4RC1UR3hqRnVYNkhGa3RkbmYySF9ONVBHcjdQamxCWmluT05PNkhIeHRxek1iOHgzUl9iZGFKT1VhTTkzbHJDR2Itd3kxZmlWaUNMV3V1M3ppREdHVEV2X1JzWE1DS3pRYUxLcTNzVXRqODVZN1hBVFQ4VFBSNVM?oc=5,supply,India Solar Sector Faces Supply Chain Hurdle Before Cell Localization Deadline Whalesbook
2026-07-25 01:22,AMI Organics' Sachin Facility receives GMP compliance from PMDA Japan - Business Upturn,https://news.google.com/rss/articles/CBMitwFBVV95cUxQZlQ0bWUyR0FqdWFqd2RzMmVMZVI1Z2pqUzN1RDZ3aXRzeG5paG1NOTBBeWZyQ3o2dTZUcVBNWEY4OVlMc1E0RHlwN0t2Y0JJSzcwbDJUY3RpRGlrVWpyY3o3Rjh4cWE0Wl9GZjRIbHVYUnBrSnUtbHR3ejdIWXRWNVdzWTl4eERkVml6ZmROZnJ6d0ZJaDc4MkRyYS1mb1BvY3RKX2ZIUnUxSTFDbEpwUUFqVXE3YnM?oc=5,facility,AMI Organics' Sachin Facility receives GMP compliance from PMDA Japan Business Upturn
2026-07-24 16:33,Saharanpur Firecracker Factory Blast Leaves Two Dead - Whalesbook,https://news.google.com/rss/articles/CBMiwAFBVV95cUxOV3ViQWYteHlCMmZ2bjVmWGpCRFZVZHRVQWFmUEpMM0hoNzB5Z2h6ZHh6MWYtWlFIUTZHZ3VMVEV5Rnd2Mm1WbVk0ZVNYSk5KM0ItdHRqblQ3Q2lSNDctNTVKeGJSanVLOXBwMmJHRTN5Z0JkWGk3VlZfQktLUklwQWJzVThPVDYwWHhsWnNLM1dENnhFZVJoSnJYQTFmczR5cWhoRktsZVZkYjQzcVNkOGlOanlSQ1hIVGdqUXJWTDU?oc=5,factory,Saharanpur Firecracker Factory Blast Leaves Two Dead Whalesbook
2026-07-25 04:23,RI congressional leaders push back against offshore wind buyouts in New England - AOL.com,https://news.google.com/rss/articles/CBMihAFBVV95cUxQMTRtUVlOeU9Ja0pzMDRlRE5IQ1NFQU9VQVI3My1NOVg0UUNlWWlNR0NHZEkwOG1tQk42QnhSWHpDeGlLaFV0aUdJLXpwVHE5QldfZVMxTDhsbkhrSEZPVEgteHE5Vl9Ra2c1THdVLVpfZDQzTl9FSmRBcWVCekpSTzZkZk4?oc=5,offshore,RI congressional leaders push back against offshore wind buyouts in New England AOL.com
2026-07-25 06:58,EDP Renovaveis stock trades steady as offshore and US pipeline support earnings outlook - AD HOC NEWS,https://news.google.com/rss/articles/CBMiyAFBVV95cUxPOFpVaXd5UW9ocE5CN09tQkU0b0wyTXlsenJoTFk4NmhwXzNyMGdtc3d1UGVGNkZLcVdqOGJpMHRzTGxOM0JWSkRqLVVpUndKTkhaQWZEeU5qWHpEQ3J1dTItaDhyVFM5SHUwMmJSQVlxQWVhRWlyZFR1bUN6dkNfZE96U3ZmS0dkZHZ3aFNhNWo3ZHN0SWtZZG54SGozUTVQbW9IMUxGczRpUFVwTHF6RjE2dkdZZXZTal8zUDF4NHF5dnZGSEZVTg?oc=5,offshore,EDP Renovaveis stock trades steady as offshore and US pipeline support earnings outlook AD HOC NEWS
2026-07-25 05:59,Equinor stock trades steady as energy prices and offshore output shape investor focus - AD HOC NEWS,https://news.google.com/rss/articles/CBMiyAFBVV95cUxOb2M1OGsxVk1XOTZRTDhBeGpGeko3TldLOTRGUUd4Q0NMajRxVHNnVGVrZ01BX1M4cWF3eHAxU04wTmcxNjBLRW9BTkNxaExjMHVjSzNCeUZvMm9WclV1cWtWTXBvSVdpT1ZfVjVBeGJDNE0zRDRZd2dkbTBsbVJkRUprQWtQbC1MQkxtU2JwM3huR1NJZVloak1OTHVlV3E5TG1QSl9TUW5jd0VIOWI0OXZuYWlOQVo2S3drNWRXcjVMQ2RqUGxIVw?oc=5,offshore,Equinor stock trades steady as energy prices and offshore output shape investor focus AD HOC NEWS
2026-07-24 22:43,Offshore Bay du Nord Project Leaps Forward - EnergyNow,https://news.google.com/rss/articles/CBMicEFVX3lxTE9ZRGRycUF2alRpNlAtZmhmUWMxSjNsclVBbUFMdlNZaVZWSEFBNmZPVzVCYkdnY0FzS0pQd2ItWkNJd2pBNkVSRTdFb183ZzUwN0JtSGtNS3pzd3M4WWUzZ3dITmZJV010NV9tNmJZcUw?oc=5,offshore,Offshore Bay du Nord Project Leaps Forward EnergyNow
2026-07-26 07:58,Vestas stock trades near recent highs as stronger earnings and order intake underline offshore ambit - AD HOC NEWS,https://news.google.com/rss/articles/CBMixgFBVV95cUxQUGU5cXl2RlF0d24xZUs0eWh0RjRmQ2o1ejRFQTFMRF9qWUZmcGtXd1A0Sk5xVmZUS2I1OWF2LXE1cmdOWDVhQ2l5M2U5cmQ0UFF2ZmhYZTE5VVRiVXFTOU1oR3FOTlVkaHlZU3pkV1BqN0Fld1NBT1lwNExFR01FcU84SC1kVmN6WFlOZE1SQ2xRLU9iREo2LWRZZWJRUlZLWERJNHY3WUNmRTE0NDRpZXM0M01sbnRIMUNxVlE3YTBEUmNBSnc?oc=5,"order, offshore",Vestas stock trades near recent highs as stronger earnings and order intake underline offshore ambit AD HOC NEWS
2026-07-26 08:47,GE Vernova stock drops despite surging AI-driven orders as wind segment drags - AOL.com,https://news.google.com/rss/articles/CBMif0FVX3lxTE5wX0wxMHJZeE5nRW93OURVWWJMc1NRdDNsMWNWNFk0THRJLXU4bTEtcEhrVFplM0NHaE16QlRzNDJJYUtOaU94aVJmaF9FTmZGbUtWTGNOdWhYbzB4NVR2MUpDRmNZelVNVzh5QXVMRGhsMGlweHZUcU5TUTBncHc?oc=5,orders,GE Vernova stock drops despite surging AI-driven orders as wind segment drags AOL.com
2026-07-26 05:22,Nordex stock remains supported by solid order backlog and recent earnings metrics - AD HOC NEWS,https://news.google.com/rss/articles/CBMizAFBVV95cUxQUkxJZENUX2ZObF9TWHF3akZ5TXVOV0N4MG9tbkdhdTZpWGpMeTFIVmNwbHZIOGE2LUNuUVJBd2VRUTZPZHBQT1VMWVAxb2NaRGlwRk9LRGF0Z1FnN0xmc05sRVRYQ09jUnNuMXZRVW9OczhHaWpfNWVzZkJDanZXVU0wVFBNaUtxbkpKNkxnSVh4MmVWS0JfaC1YNXc0ZG5RamZ5eklTemlzOWs2eVVRODhYZjQ3MFpOQnB0aHdHSmVJZEc4ZmRRM3QycEg?oc=5,order,Nordex stock remains supported by solid order backlog and recent earnings metrics AD HOC NEWS
2026-07-26 04:22,Nordex Faces a Defining Moment: Can Record Orders Translate Into Margin Gains? - AD HOC NEWS,https://news.google.com/rss/articles/CBMiyAFBVV95cUxQS0ZhelVoeGZ2QUk0ZmJaY0ZMSnZvRjdTUXphcHhxQnZTZ3lrU3RVTWJxZWZpY0tjSXZsTDZlOTFack0wV1lHS1o3TlFKVlpMM3B2eFFnZ3lsRnZ6b2RWUjlTbWt1Z0FZNlpHdHlUQ3lnNGJlNjJaSlZlLXY3dk8tVDFuMHpnTjVRQlhXX1U1WmVCbmkyWFU1N1pSQ2c1bUNUNzlBMGF6NFNCRndEN2hEcUF3YldSZV9JeTdlOGVpTHFKMzVVaEpXeQ?oc=5,orders,Nordex Faces a Defining Moment: Can Record Orders Translate Into Margin Gains? AD HOC NEWS
2026-07-25 15:23,Nordex Faces Crosswinds: Record Orders Mask Sector-Driven Share Weakness - AD HOC NEWS,https://news.google.com/rss/articles/CBMiygFBVV95cUxPV0tTSHhaMlhxdXZuNno2ZHA1X0FIX0YyanpZNUxyUTRKbkhsYnZYTVBxRDZrWEZvM0dQWkk5bVBQSm1yclVONTN1Z2Voa29wVXVDRGZlTGc0VE5tNzZBcVlxZm5leTZPWGFUdzNzTXliMUQxZ0s0SXl5amNqd3VvY2pTclV3YllJNDZTWnVWTS1wNkZOMEJrU0VseThzTlBuT1VCRlliMFpBY0xnTDFaT05qeUNMQ1dFaUduYnJOWGVua1MwMjE3R2tR?oc=5,orders,Nordex Faces Crosswinds: Record Orders Mask Sector-Driven Share Weakness AD HOC NEWS
2026-07-26 12:10,Waaree Renewable wins orders for 800 MW ground-mounted solar projects - The Economic Times,https://news.google.com/rss/articles/CBMi2wFBVV95cUxQMkFMY3JRMVU4aHRGWTEwVEp4VjRfTjBuelZYbVUySFA4OGtGM1JNazJ0M29lNDZQRmUzMVFWblVmVlpGSUtuNHg0bk1rTlNUa3l0d2pabndhYlJZWEJ0V1lqaDFia1NiMTFXQ2o1OEVoN0ZFZFdtTUxMYWZzZk1YUjV3TVltX3ExQkd2cEkyRGR6V0RadnlaYjQzZk8xMVdic3p1ZmRVNFhwcWgzNVJQTGphbF9uMWJPV0M5UkFDUW0tOHRlcktOUzZWODd0TUx3VmFGUGdydmRRN2_SAeABQVVfeXFMT0hVXzBCX3JQWXBZekFsN0p6eTl6aWhhd3doNUc5b2NUQ2ZYNE9YR00xRDBtQXJ0RFBiQ2swQ3JLQVB0NVpTeGVNTDRRb201N0pDYldpMTcteF9hRDJyMm9JNi1Edl9HUUw4VFpBVlVlalFERnpKX2JtWkd5RE5pc3FzUzJtMkxoUXhGNWtGMFpfRWdTX2ZkcE5RQnZHMWVXbEpQRklTWFJETHd0bjhJZGpXM2hIZmg3eEJmUHdTNDVKQjlDSVR2WTEta0pXR1MteVJfRUZGc3NZdG55NFd4S3M?oc=5,"orders, MW",Waaree Renewable wins orders for 800 MW ground-mounted solar projects The Economic Times
2026-07-25 14:23,"JSW Energy signs 1,200 MW Solar-Wind Hybrid PPAs with MSEDCL - Business Upturn",https://news.google.com/rss/articles/CBMiqwFBVV95cUxQMHY1WW5oRWFXLW5SXzNGbXBRbEcyS0RQTEF0UGxGNmpEdm1LaldZZU5Hb2lDX1ZJQ0hPbWpaS1NHUnZjV0pDdThDZ2JIRWlqMlVQeHJzbC11Y1I5ZFhFaXJ2WG45VUdjSWVNSUdWY1REcXh2RlBRaW9najR1XzdmR0RKMkNZUkM4cGRpSjZ2M2tXMWJmZndzcGNWSGpkWWpCZzVsNVpYMEdReGc?oc=5,MW,"JSW Energy signs 1,200 MW Solar-Wind Hybrid PPAs with MSEDCL Business Upturn"
2026-07-25 14:23,Gland Pharma gets EIR from US FDA for Pashamylaram facility after successful GMP inspection - Business Upturn,https://news.google.com/rss/articles/CBMi1gFBVV95cUxNQmt2OE5scHd3T1VhTEZCV040UXhhckFIMVNtMHRCNGhTMG81TmxqeHdtVjNlQ0taRzlvS1Q0ZURxVnBRbEJSTGRWQVhlZjRLQTB1VnBmWWpqeGtYekc5YmZzdnZ5MHRzTGlnaUU1NVMzbXFDTUNkWGVBOWEzeER4S2dTYkw3eUg4c1RRUC1WdDVLbmJMaDl5eFk5MGhaYXEzUFZHTVptdEJWR3NWVW00MU95UlJQX1VSRFJYRTFrSlVuR2ozXzI4Qi1lQkhYdnBkQlIwVlVB?oc=5,facility,Gland Pharma gets EIR from US FDA for Pashamylaram facility after successful GMP inspection Business Upturn
2026-07-26 11:46,Equinor stock trades steadily as offshore earnings and energy transition spending shape investor foc - AD HOC NEWS,https://news.google.com/rss/articles/CBMiywFBVV95cUxQcXFPUkVXZ2ZUMDBENmRoWE4wWjdVeHlQWHpTX3lsUUl0bmQ4a0JVdEFycHkzZzJnWDNDYVJvNmE3Um5WWk94enZtR3lxOFlzSDIyVGFoQVFhdzVOVmEweGo4ci1FQ0xFR004V2ZuYk5RcFFmR1NSeUk2b1hFX25NdF9uVVVid2Z2MGptZzFSZDVYLTkzRm13TlZkU2ZId1VZWXVrdzk2cWhOSUt2anBlSUFTdjlla0RrQjlRbXBFbzdSVjdWLTQtQlVWSQ?oc=5,offshore,Equinor stock trades steadily as offshore earnings and energy transition spending shape investor foc AD HOC NEWS
2026-07-26 10:42,Equinor Gas supply contracts - Equinor ASA bets on flexible long-term deals - AD HOC NEWS,https://news.google.com/rss/articles/CBMiwAFBVV95cUxQakkyOHZVOXU2WmJIaEZEUkpOTXR0Z2V1MEVEendTMXIwZHJaYWQwQWVWb1dhc2l3M0lyc0RodzdVSDUwRlNTVUhlN2lFQ1J3blhqQVl3OWUwbUx6ckpaVEZOYjVTbk1UVnZCakp3TkpxNVpuVnRYZjhXX2FYajlfVXZBOEc1VXl4Q3pXNERRTHBpRnFnM3NZNWJqY3Z2ME56ZzRIZ20zejk3TlVZb3E4UWdtZkphMVotTG0tMVFCT2k?oc=5,supply,Equinor Gas supply contracts - Equinor ASA bets on flexible long-term deals AD HOC NEWS
2026-07-27 09:35,RWE’s 660 MW Nordseecluster A achieves first power in Germany - Enerdata,https://news.google.com/rss/articles/CBMitwFBVV95cUxOS0Y5d0VCaXZsOFRVdllDNDNCRUtDXzZWVjJIWGlqLUxyRVJtSXlQVDJmZmgtZ3JkVzgydkl5T0xGbDdWX2x5dVlIRjhQWlowVkd1OXhrYWRJVTVUM0pqZzBza2FiS0VrdGZqdmNoUHA2cTczajZBZjJrdlk3M09rYUhzYTI1VFdEUUh2VnFwVFgwUXpFSkVPZUxkMk5rNUFtZFRPb0JuUWdxa0ttMmtZczVXQUExczg?oc=5,MW,RWE’s 660 MW Nordseecluster A achieves first power in Germany Enerdata
2026-07-27 08:51,Abandoned UK offshore wind site put back up for auction - Recharge News,https://news.google.com/rss/articles/CBMiqAFBVV95cUxPNWtfRkc0VmtubkdveE5JQTZSVG83ZVcxcDRWV2NKVTBqMV9XM3hFM1ROVC0ybWdIaFE2S2tzeFVaaExSYy10b2NablBsUFdEM3laSVYzZzdIbDI4UHRBNFM2ajhGa0REMVVpR053OHpSNEpJRVU4T1VfOHdSbmdTcVRFVzNvN3J2eUF5bGREMmwyZ0NOZmY5UW44R3ZFampTWUJYZmUxUjM?oc=5,offshore,Abandoned UK offshore wind site put back up for auction Recharge News
2026-07-27 07:24,"Andhra Pradesh Renewable Energy Capacity Addition Jumps Nearly Four-Fold to 3,865.63 MW in 2025-26 - GreentechLead",https://news.google.com/rss/articles/CBMi3wFBVV95cUxQVnNabXJoaXpna09RdkdTRjdtTWNxZFNQWGsyckQ2VVJpSUR3cnlpWnFmMFVVNjlaN3lDa0lrR2FXeU9GUWlvRUtlRGV5Vzd3cmhHUUt2N0ltVVlMSmdJa243UU9kNWN0WEFZd2owNmdsNW9PVG5BZnVYX0NoY3c0VE50b3pYelpnWjJOczF6TGYycHY5MGpiODd4Ri0tU21iNkZVSjlJOUFBalNrb1pPcWxUYjdibndCc3dlVGFPdFhRU3EzcWx3c01kTHE3WmlJbHVvaEQ2T3puQnJQdEVV?oc=5,MW,"Andhra Pradesh Renewable Energy Capacity Addition Jumps Nearly Four-Fold to 3,865.63 MW in 2025-26 GreentechLead"
2026-07-27 08:36,Nordex refinances debt with EUR-2.48bn guarantee facility - Renewables Now,https://news.google.com/rss/articles/CBMingFBVV95cUxQTE5pSmRwVG9mOGFFeXNHRnpNLVJGcG51eEtIMXB0VE9OOHlsSExDeWtXT3pBNDZ1N2RKN0x1VHNRT19uaGJYZWRmUkt6RjdjdlFfeXBPaWc1VFNTRUNNWjVzZ1hQa29Cd29sWmtzYndoM3p3MG1BcFdnZ05URFNtM3ZOeFpIRGt1ZUdJdmI5X1RnZkZTdEVtMWVTNmxVUQ?oc=5,facility,Nordex refinances debt with EUR-2.48bn guarantee facility Renewables Now
2026-07-27 05:30,"Nordex Group strengthens financial flexibility with expanded EUR 2,475 million ESG-linked syndicated Multi-Currency Guarantee Facility - TradingView",https://news.google.com/rss/articles/CBMilwJBVV95cUxPbENqdHdsdnlRd1RLVHQyRWpBeUFCaWlsZ0prTE5YUzRoSktuU09SXzVodVpCbHFjZ3BPS0hfU1dSS25KVEs4UmdTd21TRk9LOVl1T09aQ19KZnlIX2hjVUd0WWh5Q0QzTHhuQlg0anRpcGhMUGI0cXRnWmxjWGNMZ0RVRHZHc2xFTFh5ZjBZZm1ubWp1V0lXcHJRZTVnWE1Cc0xtOGpZdjd0ckVzbU1WRXE0VWt3TXdqckxXSzVfQUZNN3dNTjNGckVPeXk0WDlmbDgwZnlwbnU5a2RpYV81TGk3UW9weGpURTZDdkdVdjJIaUZibWExRHp5ZUQ4VDYtcGJ4Y3NhVGU4S0VnY0lBUzJzRml2aEk?oc=5,facility,"Nordex Group strengthens financial flexibility with expanded EUR 2,475 million ESG-linked syndicated Multi-Currency Guarantee Facility TradingView"
2026-07-27 08:10,"Nordex Group strengthens financial flexibility with expanded EUR 2,475 million ESG-linked syndicated Multi-Currency Guarantee Facility - renewable-energy-industry.com",https://news.google.com/rss/articles/CBMirAJBVV95cUxNajJCTzNiT0JGbnI1WTZyckxVa0p0eGlleGd4MERydUhBQTNDN21ZMFNwclFEY0VqQmttc1hLRlJGTngxYk1MY3ZwbnVLdjUwUUtHYi1QN0FHQm51a2FmZlRYVkUwNzI0MXo0SXRFZUJETk1zSHFybGFqYTlqY3BITUotdW12VWt5TTFudE5KT2pRckF5TUpBdDZSS2dwNU9ZdjdjNjVMeWpva1hlNzNkaHJqTWNvV09qNmthV2xVVHBmLXp3VjQ3ZWQ4M0doNTgwaVRYMEVXNlIyVFB4Vk1ZU3o3TEczOUYyWDd4Q1d2WXhfQmZfWUdTem16b3RxV0dhblF1aXlOTWZlUVhaUEZQS0pZdE10REhMV2RZcG05UUFUcUgzejYtNXJUbF8?oc=5,facility,"Nordex Group strengthens financial flexibility with expanded EUR 2,475 million ESG-linked syndicated Multi-Currency Guarantee Facility renewable-energy-industry.com"
2026-07-27 12:58,Wedgeport Wind: Turbine transport and delivery progressing according to plan - PNI Atlantic News,https://news.google.com/rss/articles/CBMizAFBVV95cUxNcmtLY3VfOEVFVW5WcDJBdXQxU1RHWGpIS0xYdEVXVVhDTXVlNHlFR3NKSHQyOW9JejhOQ1gxemFQY2N2dUxDcThpbmZiQ1BqZFZwcnRGRzU1R2ZfTUEtS203UnlrNnF4QUNzcWQxN1pBTGdaaXA1VThZa1lEOENLV3ZrSUNPNEQ4VF9ZT29IdThxRG1KMWMxeXY2cWVRT1BVcDIxV01yOWU1cWpmZlpqbmdQdUlfZlgzR3lTcmtOc25IQUNDZzR6QmRkSWQ?oc=5,turbine,Wedgeport Wind: Turbine transport and delivery progressing according to plan PNI Atlantic News
2026-07-27 08:28,Nordex secures €2.48bn credit facility - reNEWS,https://news.google.com/rss/articles/CBMiiAFBVV95cUxPMDJRUVNob3RtcURtX0M2TVc5bFRZU1VmZGlaRXBMT2NZN1g1eGpwX04zVVFWc1RZVGZsemd1Sk5LcVhoVHo0MDdCbUU5T3FYVzdQNy1hUjI4U0FXbUV6MGlBRjBNSVE2bW9wTlZIMUVhRHBLLXJzakNFTzlDaVo1UHI0ejNLY1pG?oc=5,facility,Nordex secures €2.48bn credit facility reNEWS
2026-07-27 06:29,Suzlon secures 201.6 MW wind order from Waaree Group - Construction World India,https://news.google.com/rss/articles/CBMi1wFBVV95cUxQZWlIWWVSVHVFQV9vWlByektEaWp2WjlvenQwSTBMTDFqVDRPNVE1YmRmY081R0d4Nk1SZGpEMVdEQmU1UHVCZVJITlhKcW9xWnI1c2dLaUdiRnIwNTl6QU95VjlDSFE5cXg0ZW5JTXFwOEk0cXdPb3ZITlcxcmR4OVg4SDg1S1ZGYzJ2NXhCWjRkM2pEc19rLWR5ZDV6Z0RLNy1kZXhjd3B5dTBQcFRmcU5BeFZSaDZ4aHdtZF9MdENMNnhjQXZEVXpSaDJES0c5VWl4d3dmWQ?oc=5,"order, MW",Suzlon secures 201.6 MW wind order from Waaree Group Construction World India
2026-07-26 19:00,Suzlon bags 201.6 MW wind energy order from Waaree in Andhra Pradesh - Prop News Time,https://news.google.com/rss/articles/CBMivAFBVV95cUxPNVp6Snp5OEZpUlJJYnAtMTdZRTl3UmRRY0NUZEYwSnBqRE5OWm9TbHN5amUyOTZ1d0tKdnJEckxvbEMzQmJ3U2pfbmJ2QWVCY3pWR1E5ZEJzSS1IdnJTeFlTZkFpYXN4Y0NjT0ZTV054Z0hEUE1ydk9XbXRWQTZuNkxnT3ljYVRZamVSbE00b1hRbkJFVDdnbWJvT0Z0N2pIc0NtMXl0T2s4dmk0bVV4dWt3dXd6WVNieTlzZg?oc=5,"order, MW",Suzlon bags 201.6 MW wind energy order from Waaree in Andhra Pradesh Prop News Time
2026-07-27 11:06,"India needs 86 GW additional thermal power by FY36, 64 GW under works: Govt - The Economic Times",https://news.google.com/rss/articles/CBMi6AFBVV95cUxQN3dyUjZnTElEdkNyWUNwanJnSm5uTnFNS1lWeWFMLVpWY0hQU1FaWkdWNW1ZdzlpcmRGckk1QTFxbE1Ka0FkN2VUXzlWQnNydVlCa1pacDV6a0E4cFM4ckhoQkYzMnF3bkRpdlNqTWNsdXpsVEZtSHBXMVVYaThYR2JwdmVINklqSkgzMzFuZFFpcjNCY0tEODNkeXk3bnVDZnlMUlhjRWpOaTU3SG9DcWdpU2ZfaV9ZNkdUVUFyRkpnQVl1Vy1MamMwdTg1dGo4aFhfY0Q5MzlDZlV6bGpEZEtpdmtCdHpL0gHuAUFVX3lxTFBLRzItWUxmVEpGMmJ3WnhNVVJYdmdGRlc5RDcwYmxMZnZFX3hlOEFVMVY0VFhkcFRoZXZKcDdxMWZnd3hVTFhucnFKNklCVUNPVDNneHhPT29EUzhtSW5ETlNfUFpwTnpmaGVnSEVkVk9zSHRUNkhnZGd3cURnYVJTMkk0eVF0Y1gtYzNnY2lGNGkxWmd1Zmk5R3JEbE41cWtudTYtdDBib1IxVmFUWW1Vc0F5bFd1V1Z3ODBDcGd2YUFzejhqYU1qckxoWjYtRjFlN0puNXQ5a3VVazh0SXI0TVhjSmd0dC1sTVdDTmc?oc=5,GW,"India needs 86 GW additional thermal power by FY36, 64 GW under works: Govt The Economic Times"
2026-07-27 11:51,India Projects 300 GW Power Demand by 2027 Amid AI Growth - Whalesbook,https://news.google.com/rss/articles/CBMiygFBVV95cUxORkR3TGN4ZlpQdENkZ2JwMmphSFN0eEo3Z3JicjNVVHlfd2RwelZCVmpoaFlvYy15VTZkSVVEYTRpQ1NGZEJWOGtLV2dnSjJDSUY0ZE42ek56SWg0OUJVU19uMG1lZ3c0d0xtR3l2bmpYMTBqWkp2Y0R5QjYwVXAzLTNCY2hUT3dTdE5SRkExTW02SlBTYlZDRnpiUmpjZlRCWllnSXlqRUhVY0Y3NjEwSWtxYUE0eFpLX2xUYkxpajBxalpsVG9NVm1B?oc=5,GW,India Projects 300 GW Power Demand by 2027 Amid AI Growth Whalesbook
2026-07-27 08:28,"Andhra Pradesh Renewable Capacity Hits 3,865 MW in FY26 - Whalesbook",https://news.google.com/rss/articles/CBMiygFBVV95cUxNcEFTUFN0S2ZDY2pZTmR3WWVUN2FNLVBGcGNTai1OeUpsQ0o3VERqM19RRHVWaGlfYTZ2ZlBVSkZYcXNqeFBNeVZPT0t1RDRHOFdTOE00RWozZmJGMXl1Q1ZmMkluay1hd3liMHk1NFh0YkgwUE9DYk1FVWZuX2Q1MDVjVE5zYjJQaW4tRnY4cjF1bDY1ZVBUWjBMMDNTbnpjaUlpSEtrY20xU3BTSlhGY2hoT0RoOVBJc01QczhhRlVSTldMcUg3VEdn?oc=5,MW,"Andhra Pradesh Renewable Capacity Hits 3,865 MW in FY26 Whalesbook"
2026-07-27 11:49,Seatrium Expands European Offshore Wind Hub - Offshore Engineer Magazine,https://news.google.com/rss/articles/CBMijgFBVV95cUxQY2RtcTBoaGJ4Q0p0eGE3VkhfMU1zZ1lXQXpOejljZDMxN2xJcnhFU3pMemV5OFNjMlpKZHBPcnNKaW9PWF9JT3FsQXV3RnR4N0FxRE0zVzNPNlRYeG1pNFhZZEdOMlI5VDR4NlNNa0xTUk5EQ1h4NlNzNjRlUWh3OVBfQ2lSRlhnQnZRWkJB?oc=5,offshore,Seatrium Expands European Offshore Wind Hub Offshore Engineer Magazine
2026-07-27 14:07,"Iberdrola, Basque Energy Agency secure EIB loan for 40-MW wind project - Renewables Now",https://news.google.com/rss/articles/CBMirgFBVV95cUxNTUpSLVYybFFnWm9FQzd5UVR5Y08xUUJkbDB5MHczeDBwUDJLNUpUclVXTHoxRUd2d3BaUjhlMXA3V044M1dTcmE1V1FKNjRFNXUzZGVHNHhwM3dFaENZbHpRR3VyQ1o4ZUY0dmQzZFlNelZGb1hFREVQYjVpbmFsVURnSU8yeDl0OHktaVRwTlVtYUZaeWdPMUFtSndOX2xqbWZtWnlja2pNX0VoN3c?oc=5,MW,"Iberdrola, Basque Energy Agency secure EIB loan for 40-MW wind project Renewables Now"
2026-07-28 08:14,German Federal Police Recovers Broken Off He Dreiht Wind Turbine Blade - offshoreWIND.biz,https://news.google.com/rss/articles/CBMisAFBVV95cUxOZ1c2US1sLUZMMVNRUHhBYnFUUnU5aEw2cXl4ajBaVkc4akQta3VVOFZtQ1VNdFhpVXlWai05QWhOdjhKWUZXN2YzQnl4LXJxMjBmbHhDM1AxMERZdUpjejFlZ2dkbkZ6dDNmbE5sM3E2V1lEQkNjbUgtV1VldlB4NGFXYUh2ZTJzVlEySnlBX2NDbGVYUnAyZzh4NzEtMGR1TDRLWGJYYmF6d3NkdDhEQw?oc=5,"turbine, blade",German Federal Police Recovers Broken Off He Dreiht Wind Turbine Blade offshoreWIND.biz
2026-07-28 07:45,CPV commissions 114 MW Rogue’s Wind project in Pennsylvania - Windtech International,https://news.google.com/rss/articles/CBMivAFBVV95cUxNVFRFV1VJS0pUYmNDQUFwbzZGRkdTVC03TzU5S3Rhc0xEZHpJU25fV2VMVVM1M3hjaFplLU1vMWFGOGJNT1RvbkgtSUFjcGRmcUtvZFh6N3N0WlpTT3NfMV9LaXhuV3JVdFpjWmUxdHN5YkY4NWpJYmJKYkR6Tzd4ZHh4UnNaZFRGOVBMa1RXeUN0dmFaVDNtVGROUnJMbW5jcXlyR3NMU01xUUtJajlqRW43Yk5vUFcxMmpKZQ?oc=5,MW,CPV commissions 114 MW Rogue’s Wind project in Pennsylvania Windtech International
2026-07-28 04:07,Europe’s wind turbine makers examine merger prospects to create champions - Financial Times,https://news.google.com/rss/articles/CBMihAFBVV95cUxPQmFiYWRvOTN3d0xQTGxmRzZlZDBHVnZnWU9zemRReERwa0o0bWkyNGxydlh5S1d6Vi13NEhnam5Sb2xrMEloRWEwbGxEQ0FzV2MwQWlPMTRYWXExWWl5clFQd3RjR0U1eXVjRHNybndJNXNDTDdrN2hTM0l3RGJYaDBBYTY?oc=5,turbine,Europe’s wind turbine makers examine merger prospects to create champions Financial Times
2026-07-28 04:25,"India’s Wind Power Capacity Reaches 57.44 GW, Strengthening Renewable Energy Growth - WindInsider",https://news.google.com/rss/articles/CBMivgFBVV95cUxOZ0dkRi1WbURQVlpBazd4M3FlZWkwXzJBU1JUSkYzQ2dMNXRUWFB6TVJTMU9GZUFjMHlFbEtDelB1Z0Z1S0VpNG9KTEZtUGJkT0UtUzVYSGFjczlidksyeFBUVzMwczBQbE9sZEVibWRBNWtaMHhReURzc1FYZTlfS3dfV1c0aUVPN0dscVN1SzU0M1JZRjhzUXZpM2s4QWkyU2pfdHN4ZXZJUkwwSHVZeV9lOXh1YXNRV1pLTGhn0gG-AUFVX3lxTE5nR2RGLVZtRFBWWkFrN3gzcWVlaTBfMkFTUlRKRjNDZ0w1dFRYUHpNUlMxT0ZlQWMweUVsS0N6UHVnRnVLRWk0b0pMRm1QYmRPRS1TNVhIYWNzOWJ2SzJ4UFRXMzBzMFBsT2xkRWJtZEE1a1oweFF5RHNzUVhlOV9Ld19XVzRpRU83R2xxU3VLNTQzUllGOHNRdmkzazhBaTJTal90c3hldklSTDBIdVl5X2U5eHVhc1FXWktMaGc?oc=5,GW,"India’s Wind Power Capacity Reaches 57.44 GW, Strengthening Renewable Energy Growth WindInsider"
2026-07-28 06:01,Europe's Wind Turbine Titans Weigh Mergers to Survive Chinese Dominance - streamlinefeed.co.ke,https://news.google.com/rss/articles/CBMiogFBVV95cUxOcVRqV1pmS24tVE5oNXUwQXhOMVAyQVNoUFJrUjBELXVuejZFSGFDd0tNTWVvSXBoOFU1enY5SHo2OHZFa2pJLVZHZ0kzU2NMenN0eUI4ZzJqZ0tnZHlYQ21FUUpVeVBQTnFRbE5uOWd4c0RZLWh4R0xtZV9rVEdlQXkybnFPWWphaUgtclN1ZVZZTTN2bFZfdTFBa3pRZG52REE?oc=5,turbine,Europe's Wind Turbine Titans Weigh Mergers to Survive Chinese Dominance streamlinefeed.co.ke
2026-07-28 11:19,Equinor floating wind pioneer bounces back after Siemens Gamesa turbine faults - Recharge News,https://news.google.com/rss/articles/CBMixgFBVV95cUxNNzdWX3oyZV9kM054SzBBT2RidUtmWnBkSG04U0NXb1hqSW5HdUM5Tms1aHhpYjU4Q2syRWZrUGNJYXFxeThCVGh3RmdSQ0JnTTc0bFRFa0J3eS1MNnRNd1VwVndUNFNRUFVqNzdZb1RqdzI1VWhHdmJaQjM1WGNjQ0xOMzNvVkR6V2pmZFRlUmF1MDRlOW5qZW1FT0Q4T25SaUtOdFh1cVhzaWJLUG1KWXVtMnBJVnpzNExWaDYwbFBCcW02VWc?oc=5,"floating, turbine",Equinor floating wind pioneer bounces back after Siemens Gamesa turbine faults Recharge News
2026-07-27 22:11,"Nordex Group Strengthens Financial Flexibility With Expanded EUR 2,475 Million ESG-linked Syndicated Multi-Currency Guarantee Facility - Yahoo Finance",https://news.google.com/rss/articles/CBMipgFBVV95cUxQdWVjMmYwYkwxZExBQW1yeDRxRmpvTlhJdGstRnZRR19rUTRDVWhEX3JJQnBxVkVZZUpITzhpS0FvQmJKc1pvMDhZTnE1Q1R5aXVobnktLXU1dVBPd0lyVjN0WmN2bWdoaDlaTmZrRlRXYmI0OVBYSERZWURjV1YwS29SbFZ5bXlLaGdMS1d4UUphcEU0MEJWMmppcUJFSzVaQXJvRlV3?oc=5,facility,"Nordex Group Strengthens Financial Flexibility With Expanded EUR 2,475 Million ESG-linked Syndicated Multi-Currency Guarantee Facility Yahoo Finance"
2026-07-28 10:04,Nordex Group Strengthens Financial Flexibility With 2.475 Billion Euro Guarantee Facility - energynews.pro,https://news.google.com/rss/articles/CBMitAFBVV95cUxQVmEzbzNMMlNoeTV1OG9zd1M4NkVfRU4tc1l5aG1vZlY2dkEyNkRTZzBNdGNxbFBjR2JHT3pqRFdfb3FqSGlESHU3V3JBYjU2WHN6N0xUZVJWajNwLXR4d1lLMGl4ZU13cF9Sa2dNN1Njd1Q1bEx3LUxNQ0FON29JS3JHX1N6cnB0eS1tS2szWk5mMkJVR19ZbFNaYUM3OXNuMTdnT2daU292WVUxYVVrNmtUZUc?oc=5,facility,Nordex Group Strengthens Financial Flexibility With 2.475 Billion Euro Guarantee Facility energynews.pro
2026-07-28 05:54,Clifford Chance advises lenders on a €2.475 billion guarantee credit facility for Nordex SE - Legal Desire Media and Insights,https://news.google.com/rss/articles/CBMitwFBVV95cUxQM1JEMzc5cjVhclU0UUJ2bWh5aXJjQ0F5TjNrdWZxb2xsWUlZQTdYbE1YQzJOOTJvNE5MZXBmaDBCUDZZMDd5eWNEaUVSbFBpcWNBcFdaS2ZwaWdlZERrNVRkZ0NfYnphVEFRcDZTcU9GMW9wRHlDZzVFR0hILW1fWC0wQ2xjSlp1cDJpZHNpaTVTRWtUbE5QcDgwM1UtdTJfbXp1b0Z4MzBaU2I3ZHh4Nk9rR1N0M2M?oc=5,facility,Clifford Chance advises lenders on a €2.475 billion guarantee credit facility for Nordex SE Legal Desire Media and Insights
2026-07-28 00:49,"Nordex Group Secures EUR 2.475 Billion ESG-Linked Guarantee Facility, Completing Financial Turnaround - citybuzz -",https://news.google.com/rss/articles/CBMi0AFBVV95cUxNdFVZUUtUeFFOWllvOHZJaWhmSWNLbG0yaXEwT3dKS2tLMVVZbkc2T0lybzYxdWxMWFRWV3k4czNWcjllMzJaVHo1OFFCUDdaS2VJUnRTMENwSFp5dERaT1p1elkxYV8zbGtMMHJZX211SUxvc25uZW1oZVJmUjRvMUoxd1U1cVkta1hhYW9iNTNfSUN4QVhuS2lRNFhEeEhDU2xYREROMnNXRC1LQlBVYjJBaFBfU3RRSmthZHppc3dhZHBlS28yMDNvS1A5TUdN?oc=5,facility,"Nordex Group Secures EUR 2.475 Billion ESG-Linked Guarantee Facility, Completing Financial Turnaround citybuzz -"
2026-07-28 07:03,Schurter expands high voltage portfolio with Biaodi acquisition - Windtech International,https://news.google.com/rss/articles/CBMitgFBVV95cUxPT2M0a0NSYzBWY2hqR2NpbHYtd08zMFdnNmRqa29IVHVKZzRIbHB0dHBFWnVFQUpjS0U2aXJENVkxbERpaEFMZnZjcmFKTEVLdnBUR0daVEVjYjNfcGJjNzFYa3NMYzhQOWxqdU5PMWoybExsU3pVb1pHOUZJVVZUb0JERGlpQmJwd2w1aFpZRnRRVDM1X0lIeVEyYUJMQm8tQV90aFhUV2NTajczOE9vWkUwdGRYUQ?oc=5,acquisition,Schurter expands high voltage portfolio with Biaodi acquisition Windtech International
2026-07-28 06:39,Suzlon to Power Waaree Group Maiden 201.6 MW Wind Project - Construction World India,https://news.google.com/rss/articles/CBMi3gFBVV95cUxQVlI0M0NpR0RBSVljOEY3U01fVTZiUXNKMHJHZFFaNXVoYy1Fc1hhd1NoZWNrLV9CNGxzSGdoblV5dktGb1RSWFBlc0ZZdEc0Z3B2SzkzZ1MyYVduYUZJeHFkQkNyOXFJS0JBRU9FMmxUdmlhWVB5ckFORE5HblhsMHExeEdNQmVZMEtjVWdrOVFjYnhObjQ5WDJUOUllOXloMDRtOWlTZHpxV3hjOWZYbFdiQURDVW1aQTNZYU1kLWdkMmpQXzdBNjJFa2ZHcmRlUTJBUWFoU042VUhteGc?oc=5,MW,Suzlon to Power Waaree Group Maiden 201.6 MW Wind Project Construction World India
2026-07-28 08:22,Suzlon Energy Q1 Earnings Reveal Execution Headwinds Amid Surging Order Book - streamlinefeed.co.ke,https://news.google.com/rss/articles/CBMirwFBVV95cUxQNmxKZEUzQThpa3pYckJ1NVdlcTJBU2h4OXhGenVKcGdkR0VJU1VheVVSUVlZdy1CT0RXTVNmcmh3bmFidm02MzBWNnVoMlN3b3ptQTU3RUtqQ0tOd3JtUlZKOHFxdGdEZXlLbzhZaG5BcnhLQklkcVRId3YxSHprYXVJSWFXMWpwYmttcDVpaTZiSVB3MkhTdGpfRTZvUXpzWlUzOV9yWUo1LUZpejdv?oc=5,order,Suzlon Energy Q1 Earnings Reveal Execution Headwinds Amid Surging Order Book streamlinefeed.co.ke
2026-07-28 10:13,Why Did Suzlon Shares Fall 7% Despite a Record 6.1 GW Order Book and 5 MW Platform? - Trade Brains,https://news.google.com/rss/articles/CBMiqAFBVV95cUxNNUZVaHlFa3ppUEdQQ1hGc0RTTWdKbXlfOFVhSnZtZGtYNkt2Vm9SNGs0b1NsWTVxalo0WC1McWhEQy16NWRacVlpTVdsNjlmVHJqeU1HTHRuOVZseWpxejBwd210QW1neXlVYnhRTi01bllQUWk0YVhkTEp3WGR2Y1Q3ZFVuME15UWJyQ05UQzV2ZUYwRTR3a2RRZWtxM0lrZk5VRWxkWnA?oc=5,"order, MW, GW",Why Did Suzlon Shares Fall 7% Despite a Record 6.1 GW Order Book and 5 MW Platform? Trade Brains
2026-07-28 08:39,"Suzlon Q1 Results: Revenue Up 23% to ₹3,819 Cr, Order Book at 6.1 GW - PSU Connect",https://news.google.com/rss/articles/CBMihAFBVV95cUxNaXY4Z3A1b19ndE84WFE2aWVyd1BTWG9vN05XZ05EdnBRYTZZaDhxb0hfN3UxbmdLUUJQOG5aY0x0TXdKUnl2eWdJX2xHUUF6V2lTSVl3MFJYOE15anY0TkFhVjM1eU95Z1lzcWQ2aU9raExmNHRMcW1vOTE1ZHBfbW53TEc?oc=5,"order, GW","Suzlon Q1 Results: Revenue Up 23% to ₹3,819 Cr, Order Book at 6.1 GW PSU Connect"
2026-07-28 12:50,Port of Tyne continues clean-up after Wind Orca collision - 4C Offshore,https://news.google.com/rss/articles/CBMinwFBVV95cUxQbzNqQkM1MXNtT0RVcThueXJ5SU5jY0g4MnVhYzVuRnF5RWE2M0FHRU5jb3lDd1JxVWZLR0EtWHpfdU1ldU1SUzdOaUU2Wk1sQXlHVzE0eG5PQ3l2dmVvcXA5cEpPT0trLThjWGFqWm43bmFSV1JVY2ttdjM1Rkd1WGZWSVRGRlhrQUtIS09YckViXy11Z3ZnSTN6OEFMUnM?oc=5,offshore,Port of Tyne continues clean-up after Wind Orca collision 4C Offshore
2026-07-27 17:50,Revolution Wind's 704 MW offshore farm begins delivering power to Rhode Island and Connecticut - ecoportal.net,https://news.google.com/rss/articles/CBMigAFBVV95cUxQaHk5OTZ0cEcwMnJJTkd4TkFKNU01SWNaXzdlczZabnM0ZWt3cTNJNXJZcjgyTkVGUWF6ZGJKVDVIN1JYcTAxMU9ibXluOWpMRXlOMEtBQ0RscjFQWjVaVjVlbWFFdGdIWVpIOHpnRUhLRWxZdF80anExdDVNYWlBTg?oc=5,"MW, offshore",Revolution Wind's 704 MW offshore farm begins delivering power to Rhode Island and Connecticut ecoportal.net
2026-07-28 09:01,Perceptual Robotics secures funding to expand wind turbine inspection technology - Windtech International,https://news.google.com/rss/articles/CBMizAFBVV95cUxOcmJDUzExSWpFNGpxSjh6b3RZQTlsOXp4MzhxVlNQYTQ1TS02a09iRTJCVllpLXJSeVN0TGV6UTlpZ1hVSHItWDItd2ZMVUhNWWMyUm8xRGVzOFZVYmZtcVV2STZQdExkaFN0UFhDM3ZkeC1KSU4xRHZpNFpfOWk1Y0xhTGdkLUQxYVpaQ2ZUSTFRR0xiUHZSd1J2cE1fX3J0NXRYUnJZNG5jUXBRQVdUYi1sVm5EcFFzYzd1bk9QY29LTjZSei1RbURJNlc?oc=5,turbine,Perceptual Robotics secures funding to expand wind turbine inspection technology Windtech International
2026-07-28 13:34,RWE builds a new battery storage facility at the Hambach site - marketscreener.com,https://news.google.com/rss/articles/CBMitAFBVV95cUxNZTFCNTE3Q3IxSjl0VHZ5bEl3SUFQdFpwNERBWDY3aDdaLXhwVHdXYVFTZGc5RS1BbkNHYzJlV2RMaGNWZkR4M01EZFBybFE5akcwYjVmVTZJTG5xQTdkOFQyRVBUMHU4VHVhU2dqU2FiZlBnQmNpOE5FYUdIRE5DSEZsWTgwWkdqdXM5aGNqZDVCcW5ORHB5eWM0cFItM0RKQWxYTGxBaV9uZlBDZzlxb3MzVVU?oc=5,facility,RWE builds a new battery storage facility at the Hambach site marketscreener.com
2026-07-28 07:18,News Content Hub - ABS highlights growing demand for floating wind support vessels - rivieramm.com,https://news.google.com/rss/articles/CBMiwgFBVV95cUxQSktjbFRoNV9TaW5vTkdQZ2R2cU1uX2hPNGtDdmJGMVlsb05wNnhyRGpINmdsRGE0QnRJdXNjUnNWY0lfNWdhUVAyczNWajROcmdZXzFmUzlUX1lXczB0a0ZXakRmVmV2WFdHT3BsUk5IS2pwUG4xcFU0aFlXcU9HaTVtNHI5bW1yQ3hpRU5CT3J3LWRVTm1rTnR5dVdCeUlmUnNYand5RjF5b2U5ZFBqZm5XcW9KYnhEZTFFOE5pVGhCdw?oc=5,floating,News Content Hub - ABS highlights growing demand for floating wind support vessels rivieramm.com
2026-07-29 09:05,Vestas blade breaks at German North Sea wind farm - Wind Power Monthly,https://news.google.com/rss/articles/CBMivAFBVV95cUxQVEt5TFotNjFzSzNBREpFMG1QZzFSa0NXMXRoR2MzNXhkRDdXaUtuSnF2eWM0N3kxLTE3T1JPUmpKdUx0NTJzX3h3NTBGZWlxd2ZacWdLU05yNTRsTkp6TWoyVGlBODVkbWpiZ3pRa1FkN0hzOVBFWExTNXNNRFp2Mm5Zenk1d3pCOUkzV3IzdGRPeVFCWDBRQ2RvVjZraDAwcWcydG9qbFNDcGc1U3ZUZnZCQV9EcUpwVVJKLQ?oc=5,blade,Vestas blade breaks at German North Sea wind farm Wind Power Monthly
2026-07-29 12:31,German Police Recover Broken 20 Meter Wind Turbine Blade Drifting In North Sea - Marine Insight,https://news.google.com/rss/articles/CBMirgFBVV95cUxQNjljRW1nQ3g2Yi1FbDd3QjV1SWJsSTl2LVhzLVJyV2g0enY3czR3Y1FxNURwT3lyLTNUV2M0NGU5a1lNOWlrZ0wzN2tJaEx6Y24zMXI4aG9US2Zrc1E1T205dENzTTY2VEJsWHFSZkdJcGRkUm9ub1M0MVlmZ0plRzFGM2RlTlhhblJpZ2t1eENwRldta3VCdDNKalU5cDF3a1h6V2t2VHBISGZDTGc?oc=5,"turbine, blade",German Police Recover Broken 20 Meter Wind Turbine Blade Drifting In North Sea Marine Insight
2026-07-28 18:19,Broken Wind Turbine Blade in North Sea Was a Menace to Shipping - The Maritime Executive,https://news.google.com/rss/articles/CBMipAFBVV95cUxNRG8teFFNVzIxNUhxVjV0REZwbERwME9CazJJSFR3QnhVNFFfY3pmR3hZTjFPa0dyQ1JVSW1tR1NTVHRfYzRKYjdVdXl3a0lDemdOa0hsVW5ISDhOUjVMT1lPbndPTjVQNUQ2eFBMd3NCWFZCWnVtOFhyUnZwWDcyaDl0azlveDI4WXoyNmM1UVQ3T3JaQlh0UUJWN0dTblFXMkNGWA?oc=5,"turbine, blade",Broken Wind Turbine Blade in North Sea Was a Menace to Shipping The Maritime Executive
2026-07-29 13:23,PTSC M&C Loads Out Fengmiao Offshore Substation - offshoreWIND.biz,https://news.google.com/rss/articles/CBMikAFBVV95cUxPd21uM05NWXpjNlRyanZ5ZG5YeWdzdFZkeHVrLTJUMEg4S1Y2bTZHODlHb2VSa3lYTkU2MTZDdWFTUlM4al92VVdpVVhETFNWeWFNTm0tX0EyOXhId3BmSFJaWFRVcWpGXzkzTU1sbUh5dFpWeGk3aXZZQXNvOFFpcVJ3QnM3Ylc0bUROTVJyaGI?oc=5,offshore,PTSC M&C Loads Out Fengmiao Offshore Substation offshoreWIND.biz
2026-07-29 03:32,"L&T, Hitachi Energy Secure Framework Agreement for TenneT’s 2 GW Offshore Wind Programme - WindInsider",https://news.google.com/rss/articles/CBMiwwFBVV95cUxOUkRUVXNWWTJTYmY5NXJ6eVdDekpaTDFhQnlCa3poVFZyeDlZSFNQZFd5SlNLRDJwNFpQM0VmZ0NkM09RSU9LUWYzV3lpaHZIUGd6U0RuVEVmc214MXB1eXVqd2dOQ2ZHSUw2eHAxempPeF9pSElhNVNWWjItRTFnZGJ0VXpncHRpcUlEbjZNMi1RN25OaUstV09mWmNBMFR1eW1vdWVUUUJwcnlBMVBxNzZ5QVgtbTEyR3o5bmZEcFRXWmvSAcMBQVVfeXFMTlJEVFVzVlkyU2JmOTVyenlXQ3pKWkwxYUJ5Qmt6aFRWcng5WUhTUGRXeUpTS0QycDRaUDNFZmdDZDNPUUlPS1FmM1d5aWh2SFBnelNEblRFZnNteDFwdXl1andnTkNmR0lMNnhwMXpqT3hfaUhJYTVTVloyLUUxZ2RidFV6Z3B0aXFJRG42TTItUTduTmlLLVdPZlpjQTBUdXltb3VlVFFCcHJ5QTFQcTc2eUFYLW0xMkd6OW5mRHBUV1pr?oc=5,"GW, offshore","L&T, Hitachi Energy Secure Framework Agreement for TenneT’s 2 GW Offshore Wind Programme WindInsider"
2026-07-29 13:59,Ten turbine firm leaders featured in the 2026 Wind Power List - Wind Power Monthly,https://news.google.com/rss/articles/CBMipgFBVV95cUxNXzB4d2pfTmJkd0dGT3dhY2pHWjFJWVBPV2dBWkFnbXJrUkpGX0c5ZndaNnFFaFhxb2FfRHdPVUM1UlpRbEtPQWpiUXppOGxnOHBXaWc5STZEX3BUWjYzNHg2QjltVm5OUUdyVGtoSHdaYWhfNExQQjdWMHk1WTlURmJmdG5BdjQ2dmdLci0wXzVaLWU0bU1mZkF6dWp4NG8zeVVwMUNn?oc=5,turbine,Ten turbine firm leaders featured in the 2026 Wind Power List Wind Power Monthly
2026-07-29 00:07,US wind power set to add 50 GW through 2030 as construction surges - eciks.org,https://news.google.com/rss/articles/CBMiWEFVX3lxTE15QWFWYTJzczhOUGI3MkRYNERoczlKNUx1cmVwd25qdFh3TW1zNjVDZklzQVRSLThsQktjR1Z6YUZ3MzB1N1ZoakMwMHRXYmhLTTIwLTZuRzU?oc=5,GW,US wind power set to add 50 GW through 2030 as construction surges eciks.org
2026-07-29 06:13,"Inox Wind Bags ₹1,600 Crore Order From NLC India - Whalesbook",https://news.google.com/rss/articles/CBMiygFBVV95cUxOSWJTdFJqakc5djV4RnZlOGdtOWhMUWtJRGRHWDN0OF9haEN4ZGNhajBVbDJ6eHZnbG5lS01oVWpZZEl4eE1jTjJQMEJKbUdEeWJGWW54UGlDQk9jUEFMVnJtSl8tb1BOc01YOWtpaXY0YzVDUWM2T2Ffc3k0ZWJtLUJELWo5SDE0VDlxZGFRUHBUVnl4SHJxSEdjcjRCcy10Zm5IRm4wTVR0MXlFTXdrYVU2RzUwWlA1WHhLUk5kZVM2OU8tU2Z4U1RR?oc=5,order,"Inox Wind Bags ₹1,600 Crore Order From NLC India Whalesbook"
2026-07-29 02:07,"India’s Green Energy Investment Drive Targets 500 GW by 2030, Needs $68 bn Annually to Build Solar, Battery and Green Hydrogen Industries - GreentechLead",https://news.google.com/rss/articles/CBMijwJBVV95cUxPOTAzZEFhZU5HUU41RXR1WXkzYmc2MkVvZmRoaG5kbzI3bEs3MWNpdGFyWlhhZjNBWG9XS0FGbEVmcEFsenM5MmRhSU9ubWZBNjdreldKU1hKMW9OcGtFR0hSZTdPa3hDU0VBV0M0X0NVRkY5aFBZOEFDbHI5N0NJSjdpMW5zQXY2bVlNQjlucS1RSDlFck5BWDlzampzOVdxUW5nTy0xVjZsSXpUclVvY0xzdDhjRVNDZkprZGZ1eGg0UzRNdWVCZ3k5ZlJoejZPVUJ0Nzd3Z1Q2TUtuTkoyX21SdExkZi1oRDJqN2RfYURsenVLMWpVYktscERfMUJIdlQ3ZDc0MnhLdmktRFBj?oc=5,GW,"India’s Green Energy Investment Drive Targets 500 GW by 2030, Needs $68 bn Annually to Build Solar, Battery and Green Hydrogen Industries GreentechLead"
2026-07-29 11:40,"In China, a wind turbine at sea with two rotors joined in a ‘V’ shape is generating as much electricity as 15 turbines running at full power - Energies Media",https://news.google.com/rss/articles/CBMif0FVX3lxTE00OWkzMmpjTnZtZWY5QUQ1aXEyOUVxOVdiWXlOWjJ6OE5DRnpCMUxVaDEyMTVocXVqVmhhNmIyQ1NLaXJQSmIteDRlZml0VzNDUUQ1a09jWFNCbmRBVDl4QjU1cEF5b296U3QwMnN4dkRIYU1nT1kzd0U5ZHNoWDA?oc=5,turbine,"In China, a wind turbine at sea with two rotors joined in a ‘V’ shape is generating as much electricity as 15 turbines running at full power Energies Media"
2026-07-29 14:15,Shares of wind turbine manufacturer Nordex rise after beating earnings expectations - Marine News Magazine,https://news.google.com/rss/articles/CBMiqgFBVV95cUxQTllXWHcyS0NaeEh6RXNOMXo5VVZLbUthSUwzQjVBYnJlTm9wN3pabDQ4UnA4T1JnUEFQSTVabHBmTVRFOC1pQmxDSEY3Mk1vcDJmUVc0bnFqTWxIY2VWZ25iZWRqVTBIak5Id0stR2JlbTdyWGw4a0NybUFHZWlZN0xmM2wyMnExY2xVQ3pLdEFVVC1rWVBUSk5hSS1kNENWZ1VnSWVjT21oQQ?oc=5,turbine,Shares of wind turbine manufacturer Nordex rise after beating earnings expectations Marine News Magazine
2026-07-29 11:43,Nordex: Four charts showing rise and rise of turbine maker - Recharge News,https://news.google.com/rss/articles/CBMiwwFBVV95cUxOMmVhUzBwbHV6TmZ1WE1scjNCZXcyME1CN2k3WnhzTTFEblBkZXllTkwxV0pHQldjdWEwN3A4ZEpDRjRDWEFyY3BlTXBvazBKaWVQdTRyZWNWY3dBVG95ZXhaQk80UzRxU3BhMlBEN0dYbkRKWlU1eUhBcER2UXRabDhkdU42dGRFZ0F2UVpuRlpTQW0xVGFTR2liQ0NaQ0VSYUZVX1Rzc1I1dFpKeGw2ODhBR3o3ZGpQdlVzQTNldjlpZjA?oc=5,turbine,Nordex: Four charts showing rise and rise of turbine maker Recharge News
2026-07-29 05:09,Wind turbine maker Nordex beats second quarter earnings expectations - TradingView,https://news.google.com/rss/articles/CBMi1AFBVV95cUxQREhleTJYX0JVWGNxRWVFSHJ0YXRVbUNyN0xrZVJ4d002M2tVNmc0QWpSQTR1X2VtOFlwdjRRdzgtZFg4bjBtOXhSNF9TenhUOURBY2wxTHVwRlJON3dqaEw4dy10NE52U0NENENqaHppenNYX2JwOWwwYkF3YUZOVlYwMXV4azJtV2VYUHNJUmUzbVp5Z05tM0VFNS1iTEhnRm9KU2Fmckw5eWtEb21sX2diUW5hNEx6UTRXTFpVa1lMWGpQTmo0UzQ3NzMwNW44THVpZw?oc=5,turbine,Wind turbine maker Nordex beats second quarter earnings expectations TradingView
2026-07-29 05:12,Nordex SE Posts 10.3% EBITDA Margin in Q2 2026 with 32% Surge in Order Intake - Kalkine Media,https://news.google.com/rss/articles/CBMivgFBVV95cUxQNmZobE9EcWVmQXdFYTlQenB6V1ctS09PY0RfM3JXRG1weGJybTMtLWw1WUJQUEtQX2RIZl9MRWE2eWh6Z2g2V2FPQWo2YVFBWmZHX1EwUkZyY0xKTGp0MmJJcUZNOXN5bkQxY3RhYVlXQUJHRkl1S0EtYkt2cTNEeGxsNFdEN1p1c2xTMXMwWFk0UVQ2TU9USEZKR1doNXRMUC1lYktOQVVLbnBJVDM1bDFCRS1hX1EtM0FFenpR?oc=5,order,Nordex SE Posts 10.3% EBITDA Margin in Q2 2026 with 32% Surge in Order Intake Kalkine Media
2026-07-29 05:09,"Nordex Group achieves double-digit EBITDA margin in Q2/2026, strong order intake growth, and positive free cash flow - TradingView",https://news.google.com/rss/articles/CBMi_AFBVV95cUxPWHZXeWJnb3BUQ3ZkUzhiV2NCRXlLY0xJcTBCY0pLSWo4VWVCd1hjdDZmWE5OaWxaVFN3ZmhmT0JWOXBYWXhzZE5nS1dxVFhuMHJHVXZETHhGRFRXNzd5YVhaTllnVFpscjRXeExuNlNmUjhtNUkxc3BCdG93NDgtQm5zMUt0eFJxZTJOaXRCb3lNVnU5R042TVV0WkI2b2RTSzRLenVjTFdINlZjLVF6am9OQldvdWhzZXJET2tsbTk4SVZTbFUtNkRtOHNXQ2xFdG10bTRhd3hXUGlrS3R2eUplN0pGVnFTaHlVeWE4NHgxRHRPTlRLalNIcm4?oc=5,order,"Nordex Group achieves double-digit EBITDA margin in Q2/2026, strong order intake growth, and positive free cash flow TradingView"
2026-07-29 05:31,Suzlon Energy Targets 15 GW Wind Installations and 17%-18% EBITDA Margins - Sahi,https://news.google.com/rss/articles/CBMirwFBVV95cUxPTFA0VDJ3SmM5d0VsQVdWb2haWG5NTTZMWnpjNExyeVRNcUExT3VHYzUyc0ZFYkcwZVQ1cjFOendzdzV3aUUtQng4dEZoT19NbnRPMk9pUlJFb0RlZkdRaXVhVUJzQ2VXT1JTbnpBMmNKUndGRWIxOGh4bjRPNWRVS0FtRGlYQk45MWlnLUVWYldmZmROVjNCUC00MWo5M3kzc1RyRHI1OXFqbENMQ1BV?oc=5,GW,Suzlon Energy Targets 15 GW Wind Installations and 17%-18% EBITDA Margins Sahi
2026-07-29 06:23,"Inox Wind Secures INR 1,600 Crore, 200 MW Repeat Turnkey Wind Order from NLC India - WindInsider",https://news.google.com/rss/articles/CBMivAFBVV95cUxOMk8zc21MOG1tSHNWVFBZbzBfTTVWanBOd0dEeGxkMFF6dFU1cDZwRDlETGZfRkZMMlAteFpTSXZjam1SYjk3RjRnWHNvNVI5VnA4dXZhM0lLN0JjRHNvZF9hTmc3NnZkS0ZrNEhwSHpVNHV2LWN4UVhhaHJabXVDR0s1TDN1dE5FSjRmanBCMnJwOUlFWWFHSGk4NW40SnlLRnZGSmVINlV6XzhKc0k1V0tla0RRaThscmE5QtIBvAFBVV95cUxOMk8zc21MOG1tSHNWVFBZbzBfTTVWanBOd0dEeGxkMFF6dFU1cDZwRDlETGZfRkZMMlAteFpTSXZjam1SYjk3RjRnWHNvNVI5VnA4dXZhM0lLN0JjRHNvZF9hTmc3NnZkS0ZrNEhwSHpVNHV2LWN4UVhhaHJabXVDR0s1TDN1dE5FSjRmanBCMnJwOUlFWWFHSGk4NW40SnlLRnZGSmVINlV6XzhKc0k1V0tla0RRaThscmE5Qg?oc=5,"order, MW","Inox Wind Secures INR 1,600 Crore, 200 MW Repeat Turnkey Wind Order from NLC India WindInsider"
2026-07-29 05:03,"4.7 GW Order Book: Multibagger Suzlon Competitor Secures Rs 1,600 Crore Repeat Order from NLC India; Check Details - Dalal Street Investment Journal",https://news.google.com/rss/articles/CBMi6AFBVV95cUxPd2lEVlREeXVBc0lDNU0yODN1dmxmVG9FTUxkU09CcDB0LWd5UUNZNmdTTHN0eEN4M25QOW9PcnZvZW9WaFY3ZV80R2pJTVhxRE9GSl9uS2ZsNG9Ja0U0bV9Qa3FTMVB6VU1HNXlMYjdPQlFJelZXWXJ2aW5mYjVRNTJLVkNrT2pqeFB4Mzh1STFIdjBGcnU4ZHlBS29sMUR6Y3Zabnp5MHdwNFVaLVRQNFhuN0hpRVRmaWI5YmY2RFVqSDlPbVlVV3JmSXp3cE1jT3AzNWNDcFpwejVwcnFjbHZjT1dJY0Rm?oc=5,"order, GW","4.7 GW Order Book: Multibagger Suzlon Competitor Secures Rs 1,600 Crore Repeat Order from NLC India; Check Details Dalal Street Investment Journal"
2026-07-29 06:29,"Iberdrola España, Basque Energy Agency Secure €29 Million EIB Green Loan for 40 MW Labraza Wind Farm - WindInsider",https://news.google.com/rss/articles/CBMi1gFBVV95cUxNNXdTd0Q5ZkhCVXAtbFlNX2kyUWxHOXNXaXhZaW94Q29NY2VFZzJYUndpb3JzbGJuTkJ6WHoyNXNoemZYVjg1cWFfU0pLNzJoNmwxZEJHQXhEd3NMcXZ3Wm5PTGpRYWJTOWdEbGRkcktkdGpWYzU0WHBVN0doaW91V3M3Qkc5X2FpR0hZWkQyakh0di1Zckk4ZmVlUzFfakNZX24tOE1iUW53akZEdGxiQjVrWEdrY1NDYnhOMUNGV2VzaVpFV2VtcS0ydWljUHR6cjExa0hR0gHWAUFVX3lxTE01d1N3RDlmSEJVcC1sWU1faTJRbEc5c1dpeFlpb3hDb01jZUVnMlhSd2lvcnNsYm5OQnpYejI1c2h6ZlhWODVxYV9TSks3Mmg2bDFkQkdBeER3c0xxdndabk9MalFhYlM5Z0RsZGRyS2R0alZjNTRYcFU3R2hpb3VXczdCRzlfYWlHSFlaRDJqSHR2LVlySThmZWVTMV9qQ1lfbi04TWJRbndqRkR0bGJCNWtYR2tjU0NieE4xQ0ZXZXNpWkVXZW1xLTJ1aWNQdHpyMTFrSFE?oc=5,MW,"Iberdrola España, Basque Energy Agency Secure €29 Million EIB Green Loan for 40 MW Labraza Wind Farm WindInsider"
2026-07-28 15:51,Suzlon Sets Up Singapore Hub to Target 3 GW Global Capacity - Whalesbook,https://news.google.com/rss/articles/CBMi4wFBVV95cUxNSUk3cDdYV2VLQVpKOU1sV1FVSVo2VThwU29GNnNqV05TV3lDSkxITjhabFFjWjA2OTFzNloxM3h2Z2RTWFFfbkpJdnZWY2N4OWk3UzZhaElMVW92dXVaV1F3X2k3RGRCd2F5THJHWVhET3JEM3pMcVRGeXpOWURWQmhpc2xTYjNuT2xnOVVtMHQ2Y3pKbnJGbGFyeHI3WHZoSjNzSmE2ZG52RVVQcjlvV0dZTGhKX3JBLWd1bjBJekhWMS1fODE0ZUptTjlqb1BGeW83STc2Zm03SjJ6UkR6Ym81SQ?oc=5,GW,Suzlon Sets Up Singapore Hub to Target 3 GW Global Capacity Whalesbook
2026-07-29 10:37,"RWE Raises 2026, 2027 Offshore Wind Earnings Outlook After First-Half Results 'Exceed Market Expectations' - offshoreWIND.biz",https://news.google.com/rss/articles/CBMi3AFBVV95cUxNVFRoQ2ljUmdfa0FJbHhqdk9mUGg5WEJCSlY5dDNwTlBwLXJKS09VbVZnTXA2ZDZoWU80bHd5MEVGMmlNRGlUYzdON1pfUkJJOUZ3SXhNbnZqczNLcUxhd2hzdlphSlR4cEVRUWVDa1dwc2VuaUI0UFVCZFF5R21jbnhvOEpLWFlVWE11aDVuaWs0cHY5RVNraUdKT0lBNmZiQV9UWDE0U0tOb3ZwM2hGWE1PV2NHMVRqVlFPQndsdm9MRGxCWjRNbmFaeC1oal92LW5oajFSd200ZTRv?oc=5,offshore,"RWE Raises 2026, 2027 Offshore Wind Earnings Outlook After First-Half Results 'Exceed Market Expectations' offshoreWIND.biz"
2026-07-29 04:51,"RWE Boosts 2026 Earnings Guidance as Renewable Energy, Offshore Wind and Onshore Solar Drive H1 2026 Growth - SolarQuarter",https://news.google.com/rss/articles/CBMi2wFBVV95cUxNUTBsaEhGLUhOMHBFZEU2dndwaEcwSWoyMU5RMXhEWGc3RVNvajJVd0dIWFoyVlp0TndsLWlLVnFBa2x1WGhqMVIxT0FWd0pRSWV3SmFHSFprM1JjVUpjMURHOUpUQkdzTXY0NlBUTTJOdU5nTnAtd1pNMHl6S0E0alh5SWFRVFh2UU93SktEOXRnenVSWEp5anlTRExLLTROZGZzQnpkWGllN3ctNHBORVR5QzR5UTRodGlFTVFRb0pLY05ZWlkwUV9RUU90VjlNalpucW1YVmRGYWc?oc=5,"offshore, onshore","RWE Boosts 2026 Earnings Guidance as Renewable Energy, Offshore Wind and Onshore Solar Drive H1 2026 Growth SolarQuarter"
2026-07-28 21:20,The End Times Approach for Existing Onshore Wind Farms - hotair.com,https://news.google.com/rss/articles/CBMiswFBVV95cUxNZ1praVB1VTJJbFVMZWM0a0NxTVBud19sNkFnYWxiQldDWnhGR0FCT1lmMXVmUE14UVlvdUI4UmhKNnhRSWJFOVlfUTZCeFlFWlp4NV9YMmZ5LXZJZUhlYWFqZndjUmZKNmlYX0IyVUp0RldQTmNJMHJIc1dUb1JJaWhtUlRnM2o4UllhS2ZVRWFsQUJ4SHpmM1I5YVpPU0pKMmdnalpnYUlZYkVLaGNMdDYyTQ?oc=5,onshore,The End Times Approach for Existing Onshore Wind Farms hotair.com
2026-07-29 06:29,"ACME Solar Secures INR 3,404.57 Crore PFC Funding For 250 MW FDRE Renewable Energy Project - SolarQuarter",https://news.google.com/rss/articles/CBMixAFBVV95cUxQUnFKY2FEeXpjSkRSRG9ad3lsLVRQMUo4VE4wejBia2trdWxwUmg3S3BRanF0Mkpicy1pZ1hERGtvMGJIbFNLdGczeHNudlNVUDVMRl83TGpsUTEyRXpLUk0wMElqZVA1TmhSUUFUcU02SWpYYXctYW9sUEVKOU1KVXl6NTd3dXM5WHJCYXZ2UlRsM1ViR3lYUElaZ3Vudm1UU0plVXdvYzYwQW1XSE91c0tFUm9nM1JrZUNvaTAzRjZZSE1X?oc=5,MW,"ACME Solar Secures INR 3,404.57 Crore PFC Funding For 250 MW FDRE Renewable Energy Project SolarQuarter"
2026-07-28 15:17,News Content Hub - ABS highlights growing demand for floating wind support vessels - rivieramm.com,https://news.google.com/rss/articles/CBMi2AFBVV95cUxNTm1PcVdHczVNaGpZS2hRVmp3LUU4eDhxT2F4bU9fUmg1UTd2NUh2MXlVa18za2x2NHpoSjV0a1htTmh3d0JZSmw3akJURi1HaXl4WG96R1ZYd3I2MnZac2tRZklPVXZzZEJxTERvZEhsNlNneTAxWEY0Zjg3WWZLMWpyUVA5dDNSWEUzeDg0R1N4aWlqMEMyQjFsbkJKeldrU0JmZi1oUWRGZlgyM2ZueU92NVFWdm45U0pKQnFMV3V6VW5IbTRqLVNtV3RzSVBoWW1QZUxZQWY?oc=5,floating,News Content Hub - ABS highlights growing demand for floating wind support vessels rivieramm.com
2026-07-30 08:11,CS Wind Offshore Delivers First Nordlicht I Transition Pieces - offshoreWIND.biz,https://news.google.com/rss/articles/CBMipAFBVV95cUxPQkYtLWh5NnR5RlV3bFZZdXNhVm1yN0hiMzRidXh3S2FyMjZOMTA5VjVodExiYm1pY1JsbnpzQXhKamlfS3JVV00yZ0RDV1FocTRpSGVILXRmQnFnRko3R3FnWDI0VmlEMnJKa3dHUEYwSjFNZXM2V0g4SXJzbzdFcGZuZ3ZXYXdxeUtGX2w1WGU5MUF2dlJsTGJsSG1UZ1NtRkhQQw?oc=5,offshore,CS Wind Offshore Delivers First Nordlicht I Transition Pieces offshoreWIND.biz
2026-07-30 08:21,First Transition Pieces for Nordlicht I Offshore Wind Farm Dispatched by CS Wind Offshore - News and Statistics - indexbox.io,https://news.google.com/rss/articles/CBMitAFBVV95cUxQQ19TNzFXNlY1UzNMMS0taFp5VHgtOHRRV3pGd1J1RWExM1A4TTRUbjFFSDZNOS02cnBacWZkczl3RlVzZVZhWlJsbWU3ZTNzSE5ZUElFS3BEZG1PcW1aVVFTQkFBV3NyZW9NWkgxTWhUVkdOWkhTTC1EZS1hNUJpbGRnU2szaVZkWlJpTXJSU2tWUGZxZ0FBdWF3N1UwRGpkekdrY0MyMG83cFNLNVZKMk53QXo?oc=5,offshore,First Transition Pieces for Nordlicht I Offshore Wind Farm Dispatched by CS Wind Offshore - News and Statistics indexbox.io
2026-07-30 09:55,"Europe transforms aging wind farms through ""repowering"" investments - Anadolu Ajansı",https://news.google.com/rss/articles/CBMiswFBVV95cUxPUlZ6am1xUXk2RlFvNFBDWnQ2ZkpDRXhrSXFBcTVtcTQ0a2kxRFp2MnRrb2FMY1lCYTctOENlZDRjZkN5TjJ2MlZZcm1YR05oTTJMVEVEMG4ySFpvRzdLWGQyb2ZSbDM1Q2JZX05heXNGRzZJZWxnckJwV3J0WDNyTXVkRi1iTV8tenY5Ylh4bFhLUzF1YjM4SGt5VEM0ZGVUU3RVaDFvZHBNVDU0VFJwRFg0NNIBtAFBVV95cUxOU2VpTGtUTVhzdTczWWNCQ1ZjWlJ0YWJfWmo3MThHZjA2dnFfVF8wZEp4MEg4N0ZObS1aVTZFeGFyalJ1TWRLd010d1NTanZraHRHS3h4MDZsTnM2S3V1ekVYMmhtVFZDSlJUbUJFZWRrRW1yMU9Fd1BrOThZNFI0elRGa3dNRkhlbkZmX3Q2REIxNVlZaVNTZ1E0a1R6UzNkMDc1Y0lETjlSMm94bEtIUGRvTF8?oc=5,repowering,"Europe transforms aging wind farms through ""repowering"" investments Anadolu Ajansı"
2026-07-30 04:51,OMV Petrom Secures €47 Million Loan for 50 MW Wind Project in Romania - windinsider.com,https://news.google.com/rss/articles/CBMirgFBVV95cUxQTDl6TEtGenk3Q1o3RmVKRklVdnYzTUI4aF83ZFVEQnRyOFg0U3hhY1ZOWENnbS1xck8tRmZwQnREaXZPM29OSzFCS2RuUGhCTFNMelcycnh2VW5FSTFJYjBFQTBtZ3RQM3pnNXJUU0RmTzlRX293RDU3cXhVV2dnQ3Exa1pSUXNWYklRRVF1N2pMUDBCaDVVNTBZcnNocEp6TUdvTmpFbW54Y2FBUXfSAa4BQVVfeXFMUEw5ekxLRnp5N0NaN0ZlSkZJVXZ2M01COGhfN2RVREJ0cjhYNFN4YWNWTlhDZ20tcXJPLUZmcEJ0RGl2TzNvTksxQktkblBoQkxTTHpXMnJ4dlVuRUkxSWIwRUEwbWd0UDN6ZzVyVFNEZk85UV9vd0Q1N3F4VVdnZ0NxMWtaUlFzVmJJUUVRdTdqTFAwQmg1VTUwWXJzaHBKek1Hb05qRW1ueGNhQVF3?oc=5,MW,OMV Petrom Secures €47 Million Loan for 50 MW Wind Project in Romania windinsider.com
2026-07-30 09:43,GE Vernova to carry out refurbishment works at Engie JV’s pumped hydro storage facility in North Wales - Solar Power Portal,https://news.google.com/rss/articles/CBMi5wFBVV95cUxPTERNcTNEaHotTFFRbElERTFvTDdSSURuN1V5eGR5QWFySTA1aThVU2N3SEJvSnV0RzdCV1QxTXBvN3dkN18tWHJKczN1TzFVTFlpaTFnUXJScFUxSWI0LVRFMDVrUTk3Mm1qcU5ZbmFRaHJEU1VxVnBsbTV1OEUxVGtTT0FickhhcVB0ODRzcTcxTjJpdUEyZnduV2ViZ21JS3hCcWU4WC1kbzh4VzhMRDhIVF9mcEVsM0RzWlp0b2NFY2NxcTh6VFRnUGdWdGl5cTdlOFJFNTNpTFVUdlF0TUR4czVWYmM?oc=5,facility,GE Vernova to carry out refurbishment works at Engie JV’s pumped hydro storage facility in North Wales Solar Power Portal
2026-07-30 12:17,France Funds Five Ports With €260 Million for Floating Wind - energynews.pro,https://news.google.com/rss/articles/CBMijAFBVV95cUxOUlA3dUQwQ25INnIyWmlEdnl5MmMyYkNzSnlsejhQVlRtNVNwci03anJuZC15bEVnNjJMTjJ6bkc2R1o5OHNpYkRDV0VIUW9XNWxSQUpHOUpTUWY1N3VOOHduaHhMNHRXU25vU0EwQk00dThQWlViZWtUWW1nc09lamVqakNPX3ZVYjJYdg?oc=5,floating,France Funds Five Ports With €260 Million for Floating Wind energynews.pro
2026-07-29 15:13,Nordex targets US expansion after surge in second-quarter orders - Reuters,https://news.google.com/rss/articles/CBMiswFBVV95cUxNbXJVM1dSako3dkNBUTEtMDEtSHdfR1RaeWg0RzFERlhWX2plUTVXU05YMGVvZXctdFlkSU1oQVRPVVdhTHoySDFQT1hBdkg4ZWtZQ2d5T1BuSVRiX1RqckFJQXNJel91YUxrY0s4cGVHS3lJbFpyaGJSUmxzT0p1QWhoVlUtUzNPNkJKN1FqVV9keWZrNXBZNHIycEtoQUoxOXVvMDl4dWhRZk1oMnBYN2dnVQ?oc=5,orders,Nordex targets US expansion after surge in second-quarter orders Reuters
2026-07-30 04:45,Nordex Doubles Q2 EBITDA and Confirms 2026 Outlook on Strong Order Growth - Crude Oil Prices Today | OilPrice.com,https://news.google.com/rss/articles/CBMitwFBVV95cUxQaVRMZ29XRjRKWV9TN2tfUFE3MEJZVVNZRy0wcWFWQXpzUkd0RmZmRjRySV9YNzRYUHpFS2lDVUtoRDZmT2lreW53S1E4eGpIT2o0ckdEOFkxUDZFZkdPSWo5VHVMeW90cWpobDRMTmNYb3MzNWlIaUpvZU15RnlVM2tha0Nzdnp1X1NwVE03cE5zeVdlUUk4ZG54V0xtekNBVUlvY2p3LXZfcVNaOUU3QkhIRXVkeEHSAbcBQVVfeXFMUGlUTGdvV0Y0SllfUzdrX1BRNzBCWVVTWUctMHFhVkF6c1JHdEZmZkY0cklfWDc0WFB6RUtpQ1VLaEQ2Zk9pa3lud0tROHhqSE9qNHJHRDhZMVA2RWZHT0lqOVR1THlvdHFqaGw0TE5jWG9zMzVpSGlKb2VNeUZ5VTNrYWtDc3Z6dV9TcFRNN3BOc3lXZVFJOGRueFdMbXpDQVVJb2Nqdy12X3FTWjlFN0JISEV1ZHhB?oc=5,order,Nordex Doubles Q2 EBITDA and Confirms 2026 Outlook on Strong Order Growth Crude Oil Prices Today | OilPrice.com
2026-07-30 12:05,Tata Power Renewable Breaks Ground on 800 MW Renewable Energy Project in Andhra Pradesh - SolarQuarter,https://news.google.com/rss/articles/CBMiwgFBVV95cUxQQUxTS0luWTB0VXBMVXNYY0JDeG4tRGZzNUxKN1VuRVotUmtRaTRtSE5KYXRZbDI2X3BFWk9kYmpFNnYwVDFTREFOVkgxS1c4dnFpX1dwUGtQR2ZkQmlFMExNSXdNNFU2Ti1iOXlsakxmdmp0T29ZU0RkZGtmZWNMamk1VHhZaXFYT2JSOXZfTE1kblNFVW9vb2kxOXZiOF91TEJsT1lSY0VQbW9Lbmc5QnhXRWMyS3Z4WW1tUVRNcEF1UQ?oc=5,MW,Tata Power Renewable Breaks Ground on 800 MW Renewable Energy Project in Andhra Pradesh SolarQuarter
2026-07-30 13:20,Tata Power Renewable Energy conducts groundbreaking ceremony of 800 MW RE project - Business Standard,https://news.google.com/rss/articles/CBMi-wFBVV95cUxOQ1VXQVNodnFnX2l4cHB4MEp3aEhNZkkybWlyMmEzbm5sZTBZZGR4SDZvUUFMM3N0UFJIUG5NVUpFQl9OT1E3ZXRNU1pWQU1JZUVsYmhfU1RGN2xSNkpfQ05kampZWVEtUTh5MGlsVmJadU1lTUI4b1dXNGNwbDNlYU5PdVN0aWtoOG1vV1Nranl0S3VXZmZYVmdMMjZHbkNfTEZjVFg5NUhhUmVuZXRwaF83cy1HdUVmdjJ0M2FGWGV2NHpHTGppVTBJTDNfU1dCRWxWVXZCLTNOQXozekg3cEpwbElGaHF6bjBzQ0h3TXAxa1dJRVc4c2hfSdIB-wFBVV95cUxOQ1VXQVNodnFnX2l4cHB4MEp3aEhNZkkybWlyMmEzbm5sZTBZZGR4SDZvUUFMM3N0UFJIUG5NVUpFQl9OT1E3ZXRNU1pWQU1JZUVsYmhfU1RGN2xSNkpfQ05kampZWVEtUTh5MGlsVmJadU1lTUI4b1dXNGNwbDNlYU5PdVN0aWtoOG1vV1Nranl0S3VXZmZYVmdMMjZHbkNfTEZjVFg5NUhhUmVuZXRwaF83cy1HdUVmdjJ0M2FGWGV2NHpHTGppVTBJTDNfU1dCRWxWVXZCLTNOQXozekg3cEpwbElGaHF6bjBzQ0h3TXAxa1dJRVc4c2hfSQ?oc=5,MW,Tata Power Renewable Energy conducts groundbreaking ceremony of 800 MW RE project Business Standard
2026-07-30 13:16,Tata Power Renewables Marks a Major milestone with Groundbreaking of 800 MW RE Project in Andhra Pradesh - Tata Power,https://news.google.com/rss/articles/CBMilAFBVV95cUxNMmpNc0hJOFhlbkJCZWNJUnFqYTF6ZnB2R1BCNjkzS0R2TmItd1BkaW5VTks4eVhfVTdBMTl0ZG9ielB2d3lNQnBRc0F6OGFVU21vWHhxank1UkdJZEtKdWFybEQ5T3Npb2xUSDlkR3BDdjZJRDVNczVCR00yNjQzdVNsRzhJUFdoUGFJeVJ4Q19FS2Y5?oc=5,MW,Tata Power Renewables Marks a Major milestone with Groundbreaking of 800 MW RE Project in Andhra Pradesh Tata Power
2026-07-30 12:50,"Tata Power Renewables breaks ground on ₹5,750 crore 800 MW Andhra Pradesh renewable project - ET EnergyWorld",https://news.google.com/rss/articles/CBMi7wFBVV95cUxQYWpjTHpvajlpWVZqZnMtRUNtcEFtTmRXUWhwQmQzQnNSUzJSM3lJVmNObUhQX2swMUFWZkxYb3dZMmNnVmVDT1AyaWhEWjRieXhuMjM5d2hxRElYajQ5bEdqY21fVmo4dGJ4cVVBVDFzLXZmV0NRVVR4djlhM25BNVNXVWIwWkstV2ZVZzYxM1RqNC1Ld3hOYkNkR3ZWMUJIb0pLR2tfSl9CVWMzRHJVb3dkZTVhS3ZuOWxJYWE3UjY4RDEtekhNWGpER3NPZzBLUHIwalFZdTFCZ3JIT3hjZXY1dGp5ZU1rVmxzSUg2d9IB9AFBVV95cUxOY3pKSEUtQm4yUV93WW54OHRHSk5DOWpoTDNZbHRYUGh0bnk0bVpTQXljSmVEYmlTVXBBZGZZWXkzdWNYLXEySlVuaGctemp4VFpITEZlcm5SN2ZjWVZ6Tnp1YmR2cHBreDBDOC1WMFpxanlrY0l2ZWRDS2o1OW5Iam5zUHpLOGVlbzgta3VlZmY0ZUJFR2ZQQmlVa0U5SjZzZ1JoZTllb3RZYVoxUV93T1ZYR2xpWjYzelozY1RER3JUazZZMGprZE40Q3FKN09QMXdBQ0ZyS3Jic040cG53bGMtNW5NdV9DZEVPY0JRTTZwaTVt?oc=5,MW,"Tata Power Renewables breaks ground on ₹5,750 crore 800 MW Andhra Pradesh renewable project ET EnergyWorld"
2026-07-30 05:26,"Suzlon Reports INR 3,819 Crore Revenue in Q1 FY27, Records 506 MW Deliveries - Energetica India Magazine",https://news.google.com/rss/articles/CBMirAFBVV95cUxNR08tc2J2MFZTWUl5bkZWMVVrMXFVbjVRVWVSYTJVWWFUbWY2MFJ5aTM2OFY3djAzTVNrdjFLQ3ptMmMtNTQwTU1ybVFsWTZGWkxjbURXVW9BQXB0U3hYaXFFa1FtM1hrRDFEbk1yNmJ2Q3A5bDFzSmFWZjB6RWpjMjNlZDNpVDk3Mzd4QTdReHpnRGhReUtUZzVJMTJ6aXZJTXlDbWljQURTWEhz?oc=5,MW,"Suzlon Reports INR 3,819 Crore Revenue in Q1 FY27, Records 506 MW Deliveries Energetica India Magazine"
2026-07-30 12:12,Tata Power Renewables breaks ground on 800 MW Andhra Pradesh project - Manufacturing Today India,https://news.google.com/rss/articles/CBMirAFBVV95cUxPZlhvNDNta0xkU0dseVdzNXBRUVcyUlRvMWV6UVNHcVFVLXhxUTlUY0Z3MXMyNmVZOS1ySll3R3NZWjhfOFZHYnlUNjViLXZNWWFTRG9neC1uZkZVZ21WY01wN0ZhTUgwY1N4a3Yxc0tnMjAtM0o1Nmxkc0lLN3F5YUMzcmM3Um51NjU4azYxUllrQVh1Ym9kM3gxWUU5T3dPWGs3R2U2eVBBVXY1?oc=5,MW,Tata Power Renewables breaks ground on 800 MW Andhra Pradesh project Manufacturing Today India
2026-07-30 12:20,Tata Power: 800 MW RE Project Groundbreaking in Andhra Pradesh - InvestyWise,https://news.google.com/rss/articles/CBMimAFBVV95cUxNSGJtZGs2eW5LbE9NX2RVeHFfamxZeWN1ZG8wMW1hMWZjeXhRa09WWXZRSXdFcndsRXVUZ2NYRy15akwzeXYydHlDb09Pbmx5ZThZSUJxYlN2Q2dyMlBQMzFESFVrc3pFdzZMOWs0dlNPZmNKdTdNRjBtanZMNlZqQjBJSGJnR204bXNXem9ZOTdkbjhyY0l6dA?oc=5,MW,Tata Power: 800 MW RE Project Groundbreaking in Andhra Pradesh InvestyWise
2026-07-30 02:37,Lokesh to Launch Tata Power’s 800 MW Clean Energy Projects in Rayalaseema - TeluguBulletin.com,https://news.google.com/rss/articles/CBMirwFBVV95cUxONG9TYzJnZ2psdUdsSXdyRHEyUk11bmoxaUFIc2o5RjdCT2dUakNORllVX0NmN0N2Vy1FanZpUnFwRndvb3pNUUI0STc5bjdjQWdGY3pyVm9EZjVSQjRqN2t1RjBWTGtnMDFZQ1hZYkNpc2ZXSXctLUVrbm8xRWN0bklOTGhpUTBaS2xkUGtqallBMmpYbVF3NGlxYnhSM1dkOTBSeDVpZGRNVlJ0WnJn0gG0AUFVX3lxTE5Fd1h3aTV3Z0NmMUV2SVJjSkdYbWI0SkFzaGptMjcyMm9MRVdTZ0hJcXVYUk9DNzlJVGVESlB0MlpCUjd6a0JyenozOTktWks2MlFJQ3hoS0JjOFRheDU4OEoyTERDSXlISl9HU2t3cnRPdGhHMnlCNkFsMEQxdFZraGprZG9JSS11LVZHaks1SHJuMHFvUXdNVkJUUVdSLWEteUhvWGQwb1ZBNmRQMWhQeTVLMw?oc=5,MW,Lokesh to Launch Tata Power’s 800 MW Clean Energy Projects in Rayalaseema TeluguBulletin.com
2026-07-30 12:35,"Taiwan Investment Commission Approves Nearly NT$74 Billion in Ørsted, Hai Long Capital Increases to Accelerate Offshore Wind Construction - finance.biggo.com",https://news.google.com/rss/articles/CBMidkFVX3lxTE5HVHFxd3dnSC1SeF9fSjJlbnpLVnZTVjI1OVB6R2RTLV95ZEZSZUJVV0x1SEUyT3EwQ29wM2JpS2gwTHktUDNCVU1SNDB5dHE1WTJxZXFKQzd5QndXMEtvSXo2X21HeTd2MTZneWNYQUVfcU5rUUE?oc=5,offshore,"Taiwan Investment Commission Approves Nearly NT$74 Billion in Ørsted, Hai Long Capital Increases to Accelerate Offshore Wind Construction finance.biggo.com"
2026-07-30 11:05,News Content Hub - Philippines DOE ‘recalibrates’ timeline for first offshore wind auction - rivieramm.com,https://news.google.com/rss/articles/CBMiugFBVV95cUxPSUFPOHViYi1ZM3Q1OXhSTDcxcnVOTEh6NTBaNEIxb3RZdlZhR2ZUZEJYdWtYV0tNb19vS0NFRGNMY0UxRXFxUUd0clZmMlRnQmhldzNObmJvRW53UDJKd0doMktpbXVsTjY0b05IaHFVcFdhYVM5ZV8zVG94NDNTZ3dpUVQ5cGNPcmphQVhvQWo1eWd3TS01OTU4SmF6enVXU1FSbmlLOVMtdjI1Sk5RenZ3UEtvakhkeVE?oc=5,offshore,News Content Hub - Philippines DOE ‘recalibrates’ timeline for first offshore wind auction rivieramm.com
2026-07-30 14:49,RWE raises 2026 offshore wind earnings guidance - 4C Offshore,https://news.google.com/rss/articles/CBMikgFBVV95cUxQYTlUNTlrcElkY25MQlpld05lVDk0LWJTRU1PQWM2R1hBdGd4bzlEV2hXR3hadlJkY2RRdjdaUFZoLU1vbzltM3RPZXhJTk00N1p6d3FNS09VT3M1QlFpSVpvdWVMNEV4TlFNM016d2c4RkNSV2hYSEp0MXY5aG1fcWtrTHBoOEY3anIxN3RoNWFyZw?oc=5,offshore,RWE raises 2026 offshore wind earnings guidance 4C Offshore
2026-07-30 10:01,"Seatrium Starts Building UK Hub, New Facility to Support Delivery of TenneT 2 GW and Sofia Offshore Wind Projects - offshoreWIND.biz",https://news.google.com/rss/articles/CBMixwFBVV95cUxQOFJqNDFOM2FyN0cyWGJrck5SWjFqNEc4RjItbUs0Z3EtamcyREFVTmxmc19YRnM3ZDdybUVTNVNZeXU5bkFwenhLSTJhVXY0VWtQakc3YkVTNjZTTjRyN1VqQk0ybHVDYy0tYUprUkJwX243WWtUN0dIOUZSclFlZTRYR09vdnJ6aXRfRjItXy01R2RmM1BsVmtNbDNtekFSRF9QTlJGOVRJV0xldVFBd0s4bmNYM0t2Q2ZNcEJUdWp1OW0tWkVR?oc=5,"GW, offshore, facility","Seatrium Starts Building UK Hub, New Facility to Support Delivery of TenneT 2 GW and Sofia Offshore Wind Projects offshoreWIND.biz"
2026-07-29 16:48,Seatrium Offshore Renewable Services expands opens new strategic operations hub - Energy Global,https://news.google.com/rss/articles/CBMiwAFBVV95cUxOYXFZcmtJMGFOX2Z6SWhOMGxYZTJ2ZUZoazh0dVZ0VXN6Vy1hZXRLOXBhU2hFeGhOYS1Pb0FxRnVVSHp3LTE0ZDVzVDZhenRSV3hFekhOR19ON1VkU3pvQU15RFJMVFVoMXNhbnZ0TFYyZk9OVGZMdWNIQ3lsUlFrc0FtZDI1VGpQTzBjZm81ZE0tUTR2dTEwZUp2NUxaVGM5alpjTEx2UmRRZ3VraExfZ1d5WHp1bEIzWEtMME1tMXQ?oc=5,offshore,Seatrium Offshore Renewable Services expands opens new strategic operations hub Energy Global
2026-07-30 07:03,RWE Builds 236 MW Battery Storage Facility at Hambach Mine - energynews.pro,https://news.google.com/rss/articles/CBMijAFBVV95cUxQVE1UeEZmMkJ5YWprcEJKRjlXMTdMX09PdzNwWjg5RWcteDh1ZDZCQ05IRldGR29CTkpUSHJNdVlQQVRIdkoyVHl5NXJMcHhScHNXNGV5Z0s5SDBWcE5Zb1l4Q08zaVJUcFFTOGJqT2NxWm9xcXIzaDNpVU5GWFF5ZkFvWG55RklnbWg2cg?oc=5,"MW, facility",RWE Builds 236 MW Battery Storage Facility at Hambach Mine energynews.pro
2026-07-30 10:38,Philippines eyes reset for paused offshore wind auction - Wind Power Monthly,https://news.google.com/rss/articles/CBMiogFBVV95cUxNVTRNdjhUVlJTalVjZlVaR25PUmE4WmlTcUI3bUxXY0hYSzdCZGh0cUF6RE1rQ1FKVlNuVjlHRWdDcWNvTk5YNzlFSC1HQ1pRRmtMbnBhNGdOVWRSSXJDNTFHUXY3akRXN042VEJlMTVMNzI4a1EtU3ByTmJ0NzBnelZkaUlBTFQ4S3R1dlRtdWtrNW9OT3M1ZEhHSkc0SFZKbVE?oc=5,offshore,Philippines eyes reset for paused offshore wind auction Wind Power Monthly
2026-07-29 15:08,"NTT Data signs 24MW wind PPA with Engie in UK, as part of broader partnership - BeBeez International",https://news.google.com/rss/articles/CBMiqgFBVV95cUxNLUxvbjYzcHZQZ2ZIWVNtaHBIMWlSenBDN2UtRmxndkpRMkJyVGV4YzVOTGFMM0hUR2hSM3hVcDAxTlRsN3c1UUZZNkExSVdQOTlpWjN6OGlYc2diRm13QVh4TWllUW9YSFctVjlucmFEUFNUQW9CZC1nbzVMaURpRkVxQWJib0ZQVzJUaHphZnJfZF91cHV4SmRuaGRIRjFVbVlVZVBfclFBZw?oc=5,partnership,"NTT Data signs 24MW wind PPA with Engie in UK, as part of broader partnership BeBeez International"
2026-07-30 10:58,One of Asia's most promising floating wind markets risks making a critical mistake - Recharge News,https://news.google.com/rss/articles/CBMiygFBVV95cUxQZnozSS1OYnhHZEhHeXNhZmJHclRrSXZwVGxCWUdYVVFQZ016ODZsUzFfVVNkMUw1MmhlaWhHTXNYak1FVWVoaUkzUXhud3hwS2Rzc1h5U3V1aFdOYm5mMC1jLWlMWksxcURqaHI3SHJqS2daUkpTdDNTbEQzdWpPa2xwOUxETW56cVZiLUZ2MkFJWXJENGU0UFdtMmRMVmlvVER6Q3h3ckRjb3piNlpxSUJ3OWNDR1dZNFBaU1NCUjE2dXFsVGpxSjl3?oc=5,floating,One of Asia's most promising floating wind markets risks making a critical mistake Recharge News
2026-07-31 08:19,New CCO at CIP onshore wind business bought from Orsted - Recharge News,https://news.google.com/rss/articles/CBMipgFBVV95cUxQU3B5dGRfM0otNDlsRlY0emhmMVlBU2ZNMWNKS1pSNnF3UHpqWUFLbkczc0NQVEpkeFdkbTc3ZV9xdkYtbEtySm9uWlltdHZWZldwQmlpTjVFUFhtQnYzaE9rN3lCQXRZd2JWQjVsLXpDYVQxMWxtZTZld2I0NVUtbnJXX2loRTVYLVBJU3VjWEs5WFhQcE44R01wSmx3NWo5dzFubUFB?oc=5,onshore,New CCO at CIP onshore wind business bought from Orsted Recharge News
2026-07-31 10:31,Floating Wind Turbine that Will Power UK Gas Platform Ready for Tow to Offshore Site - offshoreWIND.biz,https://news.google.com/rss/articles/CBMiwwFBVV95cUxNT3hKNElQTDB3bTItbG1NNE84U2RpTW9qamoyNWdTckw2ODh6MlZJTTNieXpwT3VLMmtkOHFjLVJXVHAyWWxleFhxYlVMTlRZQnVlUEdHMlZreXVQYjM3S3N2Zkt5S0ZyWlhXallzbGFlZ2V1cVRySHpCOVdrMnpteGtXRElUdjFlcmc1TjE2WlFGRXBXUkV0QTdGZnN6d3pYMzJlcWxZSVQyV3VLSnVwZDVHM0hONnRfdEFXT3R0Mm0zaVU?oc=5,"offshore, floating, turbine",Floating Wind Turbine that Will Power UK Gas Platform Ready for Tow to Offshore Site offshoreWIND.biz
2026-07-31 14:04,Powerica Signs PPA With GUVNL For 100 MW Wind Project At ₹3.44 Per KWh - Sahi,https://news.google.com/rss/articles/CBMirAFBVV95cUxQX0JGQjRsQnVDRWFnYjZnRWEtR1pDY2pFS3ZNVnlVT3ZTUDUzbE8ySU5iRmxIdzFZU2M5WDRpYXBfYi1MLWI1clN4eEpYSXZuRjdSbm95UElvdjN2eTVKcXU4X2VUSjg1eHVSUGZpUmxqQTRZSDE3eU9UelZSaUpocUZzNFVHV1BPX01TWTMwdWVtaWVGM0tlTzNHenhUcWRwWWxjNFZjbmROSTVm?oc=5,MW,Powerica Signs PPA With GUVNL For 100 MW Wind Project At ₹3.44 Per KWh Sahi
2026-07-31 01:18,"Two Years After Vineyard Wind Blade Failure, Government Investigation Still Not Completed - Nantucket Current",https://news.google.com/rss/articles/CBMivwFBVV95cUxPS3NFWjIxQ3lnaWlYbklmb2VObmlCREhEOEpWcTJyQ2kwQTJTSG5yWV9rYWd6eDVZZkVhbWd5MkJ1YkZqMUJ1NlI0YXlxaTg0cFc4MVREdm1IV21ZQ3lManFXSzlyUHE0ZUl3dnUxcFBHeDB6NW80NFlTZVcwb1NIMDBIajBIdy0tYVowMFF6VnpFWDFZSlZETnY0aGZCSGswMW1xOWdwa3NhSWlUZnRhWjIzQXQ3U1BnTVBkeGh6VQ?oc=5,blade,"Two Years After Vineyard Wind Blade Failure, Government Investigation Still Not Completed Nantucket Current"
2026-07-31 12:42,SK Oceanplant to Build Jacket Foundation for BalWin5 Offshore Converter Platform - offshorewind.biz,https://news.google.com/rss/articles/CBMivgFBVV95cUxOZ3RWS2FWekdiTWp6d1U1aWcxam9hMmc3WGw2dzJ5ZzVIcnZDVFVlbDN0RmdmUjBoaTIxRmE1WEcxeERLWWFJbjREYl9VMjc0VkRZYzB5MHNJN0h1SXBMSENxREozaENDTkJ4SGNFaldDRlRlME0tUWc3R3ZGdzFsckZlTDJsaXB1Q3QxZlVoa1l1YjgzZFRKRkQtVTNMTThHNkFweURUSklNQ3FTNmJaRkJoV09MUncxNDkzSUJR?oc=5,offshore,SK Oceanplant to Build Jacket Foundation for BalWin5 Offshore Converter Platform offshorewind.biz
2026-07-30 16:09,China Reinforces Its Global Wind Power Dominance with Mega Orders and Cutting-Edge Technology - elciudadano.com,https://news.google.com/rss/articles/CBMiywFBVV95cUxQWHZ5RDJIempGYVJkQmVub1pmZ3kyZ2VFYTFwUnJ0RkRDanRsbDBpUDlPamZ3d2xGN2RQaExZZmJ1SjZHZm40ek9JSWd1aHRiU0xVTEg2ajBXUTZXRFFkVFMta1RwVUQyX2t4Q0QwQ2VfTm9VOU5SUnJ1aFA2QUMxUDExS1JuTDR6bEdQWU9ZcDl4M0MzUGN3elBQU3JsNzlUeWZJTGZyNWowOE9iSzhpVl9QSFVsaUFKRnRMWXljZDVLTjBQTzIyWVBTMA?oc=5,orders,China Reinforces Its Global Wind Power Dominance with Mega Orders and Cutting-Edge Technology elciudadano.com
2026-07-31 10:09,The five key steps to unlocking Mediterranean offshore wind - Recharge News,https://news.google.com/rss/articles/CBMirAFBVV95cUxQcmhZZVg4LXJZUGc2VlRvSVlMRFdpVHdQRElKNl9YS1JCU0EtbjMyZnozX2ZXUHBaWUEwejhkODljcWFudGREb0pIbFlDOTNpQV85LVNoVDlPdTViMHdFZ3VzZnp5QjI2dHl4MzFRTnBwRmVLdDVNcjZCbWwtbnhrMXVPQjRzQ3QwVE1qQWZaQXpHMGRleUFlYW5rQVZQeGVxdDNCbWl1SEpSbjM1?oc=5,offshore,The five key steps to unlocking Mediterranean offshore wind Recharge News
2026-07-30 15:43,Trump solar attack revives New York offshore wind-gas pipeline battle - Recharge News,https://news.google.com/rss/articles/CBMiuAFBVV95cUxQdjRVd3hhLXcyN0lKXzV2T3Q1aXJXNkt2cXFYc3piaUJ4RDkwYktuN1ZPX01kM21QZVluTW9LOWR2MTlsSWJTQnVoVU43dGZKeHY4OXFhMHlRWWhURzNQaEVCMWhUWUIxdlVldWtNR3ZpRk0zQjdhS3B2NnZhU2RPblZDZFp2Q2ZnTU1IR0szZERFczAxcnpZbnVsQjlaeGpnMnhNWkljeU1lZ2pfQVBxN1NMd1FtaWlj?oc=5,offshore,Trump solar attack revives New York offshore wind-gas pipeline battle Recharge News
2026-07-30 15:43,"Enercon, CPC Germania break ground on 105-MW wind farm - Renewables Now",https://news.google.com/rss/articles/CBMimAFBVV95cUxQTjhnam1hMm1KbjlBazVZV0k2VDNxaE5HWC1mTHhydGRiZGxQbDEtQjJRS0l4bVFZZ3ZOa0RtazZ2M3V2d25qYnpaclBURXpYdW1TakNGUXhMLTJVTDZFZ2Q0SzA5VnVhcmZvYUEzT2p1VGhTU3UzOVRtaTV4dzNYUS1EbThTS0p5dHl6dWdrUlBpc0lVNHkzTA?oc=5,MW,"Enercon, CPC Germania break ground on 105-MW wind farm Renewables Now"
2026-07-31 09:43,Qualitas Energy starts construction of 42 MW Ingstetten wind farm in Germany - renewable-energy-industry.com,https://news.google.com/rss/articles/CBMi3wFBVV95cUxOenA5LWVEOWtQVEYyUzNBUG1SRlRuMVREOC1yd3F6TTF1dVZsdTlnRVZzT3VlOXM3ZFN5OEZMdVRlTUZhZWkxRnN5SnN1OHlwRkhYRGY0akEtV09SMC1UQXFnOU9sU0xHMzV5RUpmak1VbGdUTjJzNlY4aHNCSXg2eWNRSE9oUllSeF90Rks0clFkWTd4R1dFMjVFLUpuRW9jVktKcDc5VERQWEJaUEp5UExnTHAzQzU5ejlQdHpuOTZzWWtVTDNqR3FFQU05UVM1ckVwYlRFa1RZV0hnRzIw?oc=5,MW,Qualitas Energy starts construction of 42 MW Ingstetten wind farm in Germany renewable-energy-industry.com
2026-07-31 09:47,Qualitas starts Ingstetten repowering - reNEWS,https://news.google.com/rss/articles/CBMif0FVX3lxTE5scDRqMDJXanZIeVNPZkNUOTZzQUE1c01NOW9oVnA2Nk05cHdKQ1hZWG9NbzNCMHRMNFNSVFVoQk5YREZ2UlJkZzlZOGNqVTdDSV9idV9hLTMwVGlENVF2OFBLNXMtcjdJNzB3VXRmc2lTTjBxMTVTSU5McUFGNlE?oc=5,repowering,Qualitas starts Ingstetten repowering reNEWS
2026-07-31 13:36,Qualitas starts 42-MW wind repowering project in Germany - Renewables Now,https://news.google.com/rss/articles/CBMinAFBVV95cUxPdW11NUlZalp6Y1dmbDJDMGVNX29SVk1OejJkM2hhY1Fzckh3Y2Y2cFZhVE5PeHRwOXhiOEFBNm5xOU1VY0tudUxtX2tBS0cxbHkta2JidV9nZ254OURNa1JyOWpMY1FJc3hTOTdMb2JKUzVjTUNFRDlXeGIyaDdSdWI3eGFqTGF5eWxsQXdyd2pzMHB1bTFMcXY2MDE?oc=5,"MW, repowering",Qualitas starts 42-MW wind repowering project in Germany Renewables Now
2026-07-31 08:11,TPREL Starts 800 MW Renewable Energy Project in Andhra Pradesh - Electronics For You BUSINESS,https://news.google.com/rss/articles/CBMisAFBVV95cUxPd19hQ2g0aFhHTG9WdjFGZEo0Tk5iS2Y4ek1id2loRzk3MVhRSG9VZlRJSmFjM0VZdk1xdGFEa3Q4TV9kQW9RQTh2UjBlOHVha1JTYlZQOGxGX0lyVkZfTk5aRjh6bEZ5ZV84UGVDbE1QUzZPWFQ3LWFUbEVDNEdSTjhacGtoNFNyVkpQVU9LTHFUNnlDSzVYVlBiWTExSENXNjNKX3BCc0I2UjFvMXBRSg?oc=5,MW,TPREL Starts 800 MW Renewable Energy Project in Andhra Pradesh Electronics For You BUSINESS
2026-07-31 08:24,TPREL advances 800 MW solar-wind project in Andhra Pradesh - Solarbytes,https://news.google.com/rss/articles/CBMipAFBVV95cUxNenZqbzQ5OXNmWldjX3JXc2xNTy1JY3VSSm5tRVdqdTlCdG90eXUxcUtTTEo5d1dHeU1ieVYwNUp4Uks3YVJ4RnRZVEk0LXZRSldldExJQTIteUh5em95S01UUi1Vd1UtQWpOcDNpNU1fejNPekM0SFFvSWt3VUZVOVFxd2VNdnZFNWtiRnNJX2wxMURKbWhIelhaZGhmdlZiRWVqTg?oc=5,MW,TPREL advances 800 MW solar-wind project in Andhra Pradesh Solarbytes
2026-07-31 04:12,Tata Power turns sod on 800-MW wind-solar project in Andhra Pradesh - Renewables Now,https://news.google.com/rss/articles/CBMiqwFBVV95cUxQdHdzb0xrNGxGLUVGVWxDdUh3VHJ1VzZwZERYSFJyQTI5V0c5RDE0Ry1RVjZNZTFNVXViTkhFS3YtSUFTVWVUaE5mTmhMRTBZYmx4eDNKX1RJMGFYZ3VKeGgyQkkyZkM4dlJuSjhLSkRMY3VMNWRtUUlPc1NtZGZDOG1RZ2xOdHd5WHVkVW43aHNWcUZQR3JUM0xXcDJtTUYxRmxYanZ3eEJuOW8?oc=5,MW,Tata Power turns sod on 800-MW wind-solar project in Andhra Pradesh Renewables Now
2026-07-31 10:18,Tata Power Renewables breaks ground on 800 MW renewable energy project in Andhra Pradesh - pv magazine India,https://news.google.com/rss/articles/CBMizwFBVV95cUxPZFZDaDZXUTRiVW9JWVNXdEx1dm1HZHhQRTU5b3JFVXc0OFBDU29KUFNpSlZIamFPT3pRQ3BXSHF0ZGdpcWlVcjI4d1JkQVYzRzdJLUMwVWhQTmJ2cThrQmJpaVlkLW0tTjd4TEQyZGsySnhYb0ZhY2NncjJHdVJtcEZ6ODJVcl9SZVpQSGdEVm43eWlZQXdPVVNaREEyZG1QMzZsY2t1N3c1VjlaU1dmdmd4MW9JNnhRNElodVprbUdoN180c0oxVVdOdG9uZmc?oc=5,MW,Tata Power Renewables breaks ground on 800 MW renewable energy project in Andhra Pradesh pv magazine India
2026-07-31 05:36,TPREL Begins Work on 800 MW Renewable Energy Project in Andhra Pradesh - Asia Pacific - Energetica India Magazine,https://news.google.com/rss/articles/CBMipwFBVV95cUxNaGcza3FTMHduX1BTNERudGR4ZTljYlZyRmtnM29FaE5CTlZKNnRrMThrSnpzckVyQ01OcThIbWRIMmtqVGx0R0xHZl9MdUdXR0VDY1RtTHNCT1k4TWZ3NjFsQ3RUQ29MNzVYb2M5OTExcGFTM1FLOXBrempuOGxueTFST2x5VzJWNWgtZkpBclhDNzNDSHJ1QkhfQ2IzR1BBdlVrSzVYWQ?oc=5,MW,TPREL Begins Work on 800 MW Renewable Energy Project in Andhra Pradesh - Asia Pacific Energetica India Magazine
2026-07-30 18:43,Tata Power Begins Construction of 800 MW Wind-Solar-BESS Project in Andhra Pradesh - Saur Energy,https://news.google.com/rss/articles/CBMi0gFBVV95cUxQQzdUdEVYWWpkZDRVM2RDWTZDODBzMzEzZ21waU1PWE1rWDlpbkwtc0hTVjYzdkpKaFpPMlQzalZaYzV5R19aX200VlNDME5CdDVZUElhSTdsVWV6dXZ2M1JnOU0yTjhJSnNmMko3Vk9DcWxNQW1vd2F5ektMU2h0bUpfb1I0enRKYXhUd09MTjZCc0NZTG9IaWZmUU5VcDUybV92LU9wOUxxMTJhTl9GQXNIeHVkcXBIeE9BMjVoQlVvNzByWldnM3gwOGFsNWhaMEE?oc=5,MW,Tata Power Begins Construction of 800 MW Wind-Solar-BESS Project in Andhra Pradesh Saur Energy
2026-07-31 05:01,Broken offshore wind turbine blade recovered in North Sea - windtech-international.com,https://news.google.com/rss/articles/CBMiuwFBVV95cUxQeFRIOUNHMXNlV2xoUUIzbENhbjZ4cHBIY3RjRzhfQnhqWUNjMnFoMkF5bmxHU055ZVZ4V3VjWWtNUk9ISGpXdG9GU041TUJXeW5JbUNEZ3R1Y0s1U1E0U0hhX0xpMlczREdpZ2NoMTkxUC1DWlpRMnlISmEyX3J0bUI3SjhuYUw4cHpqblRyS0lqbC1wM0Q0aFRHZWhxXzNleE9xbnJYbGFkV0NRSl9GOTZXUjRfWE5QaGdF?oc=5,"offshore, turbine, blade",Broken offshore wind turbine blade recovered in North Sea windtech-international.com
2026-07-31 13:07,Windward Offshore Takes Delivery of Third CSOV from Vard - offshorewind.biz,https://news.google.com/rss/articles/CBMingFBVV95cUxOQmJNZnlCRVFkNWtwQ3V6a21hckxSZlJPQkpvMEQ0aVNsb0ppa3NkeXFtZHJnZGZmX3QzbjRZYXJEZkFpZldfcnFTNTk1M2JBU09ER3cyVUk0dHEyUkh0S0hTOXZFa1p6N3J0OEhvZlVlWjQwdy1ybi04OThvb0NDUy02OEduX2Q2OUwydkNFSkNSRFFGdm84MUlpZWNMdw?oc=5,offshore,Windward Offshore Takes Delivery of Third CSOV from Vard offshorewind.biz
2026-07-31 01:10,Reports of offshore wind’s demise have been greatly exaggerated – but in Australia it’s still far fro... - Renew Economy,https://news.google.com/rss/articles/CBMi3AFBVV95cUxQeGJKV1k1UkhJTFQwd1VDSlFycmVuWExrTW42eUh0WkdwY3ctVlV4a3U0X2hEODdudFhMdlFUNlkxVG5rNV93OHNJQ2tjY3BrZ2xOeGNqVXUxbzdJMC1hSnQyb0J6bl9XUHZEUDRuSFo1WXRYVUpmVVg4b09lNGZFcldfRFdmbzlPelkwa20zeVNhTXc0bjhqaWsxMDhsQW0zS0hEMGdXQWpBall6SFhVbDJXSGViZGV0WV9ZQ2Mwb285akpfSFpKRC1iYm5TeVZVeUFqU19sa0pSRFVi0gHcAUFVX3lxTFB4YkpXWTVSSElMVDB3VUNKUXJyZW5YTGtNbjZ5SHRaR3Bjdy1WVXhrdTRfaEQ4N250WEx2UVQ2WTFUbms1X3c4c0lDa2NjcGtnbE54Y2pVdTFvN0kwLWFKdDJvQnpuX1dQdkRQNG5IWjVZdFhVSmZVWDhvT2U0ZkVyV19EV2ZvOU96WTBrbTN5U2FNdzRuOGppazEwOGxBbTNLSEQwZ1dBakFqWXpIWFVsMldIZWJkZXRZX1lDYzBvbzlqSl9IWkpELWJiblN5VlV5QWpTX2xrSlJEVWI?oc=5,offshore,Reports of offshore wind’s demise have been greatly exaggerated – but in Australia it’s still far fro... Renew Economy
2026-07-31 11:04,"Iberdrola plans to double the capacity of Whitelee, the UK's largest onshore wind farm - Iberdrola",https://news.google.com/rss/articles/CBMiuwFBVV95cUxPcnVkRDZJRHpMc011SEVERjd2WEtGZnBzdE4zNjloMkhhOE45Y1doakdrdzBtZEpUWnBjekswXzJMVlIxS2JCWm5OcTdNUUZRRGROYml4UXZFb2VmQ2YzbDFrVGx6TGM4SlNnSUdJcXF3QWM1SkVBMG5OTWtITHNaaDJmamEzTkxQVkc2bWt5azRQSWhwYTlPREs0Qk5ZeXFldlpLS0JwWnNIcDZXUTRyUVdYOVczcHF4cTdj?oc=5,onshore,"Iberdrola plans to double the capacity of Whitelee, the UK's largest onshore wind farm Iberdrola"
2026-07-31 09:24,Iberdrola will allocate 1.800 million to almost double the capacity of its largest onshore wind farm in the United Kingdom. - Demócrata,https://news.google.com/rss/articles/CBMi8AFBVV95cUxOcWJZaV9WWVFLc0dwQlZxaE9nbGJUZUhaUmprLU55ek1tWmNvWktGMnhSbGFnc3FmOHJhVi1RZTB5U3g4YjJ1eTFnQTZBdGVkTjZvakxtdHV5dGlsYll5dkw3LVI2em1KaExvNXB1UHVUSGpzS2FTRGJNMmhrOFVhYnppWlRjTUxTdDFpcFA0TlBnRk40WWlGX3cxUjVuQVlpRjBucnBXU19CUk41SjFucS1uRlFxM0g0NWp4V1djVWI3ZjZucTI1dVhKeHBCbjJRcDFJTVBmTmY3eUdqMVdTMzJQc2dTSXY0V21DZ2NCOTXSAfYBQVVfeXFMTjQ1SjQ0QnBYa0pCM05MSDc1bnpmTXNUb0ktZlU5NVN1eUR5YWR2MWdIVkkxRkpobnpNQXAtUG9BX1Uwai1CaGJsX2JCc2RBN1ExR2hXVVVLN3ZmRXRkbnd1UFd3X09ZZ05fTERUdWNreDNKTkhvMkdra0pwRlA1Zkx0ajllUC1EWkVBblZuNHh6NVp6OUN5ak05UndHTXhKQV9JTlVfZFg0R3h1MHZmX1RFTDdLOXBsREd6QkFGMlk0OGxmZlpGelI0QjlPbzNwQUhKTno5R2dSZ0NJWW96YlVQckl6SGRvcVlSb0NnbVZjSGhfQ0Nn?oc=5,onshore,Iberdrola will allocate 1.800 million to almost double the capacity of its largest onshore wind farm in the United Kingdom. Demócrata
2026-07-31 08:10,New installation vessel to join offshore wind farm project - East Anglian Daily Times,https://news.google.com/rss/articles/CBMilAFBVV95cUxOWnJsUGdGUW5LWE5tYzBPcVhHdzFQUTBmdTd3S1p3RmlvalB4TmVhSjZreURVUDhCNGE4dDlwMm9sZWlIY3JVcUVIU1hOUnJWdnVFcE05akVwSFRVQ1VQbmFOUld1WURlWDcxRWlOczBEMmVFUjY0elJiOFpHRVFYQ2xEWGFqZ0VYM05kekFJTEp3cFpx?oc=5,offshore,New installation vessel to join offshore wind farm project East Anglian Daily Times
2026-07-31 11:34,"Iberdrola: Iberdrola stock gains 1.41 percent as UK wind farm plans 1,000 MW upgrade - Traders Union",https://news.google.com/rss/articles/CBMilAFBVV95cUxQa2lSLTAxSmhMX2VWa3pKUlE1UGxVVVV0Z1lsdkVpbzJzTzVlTkxhOUgzeWZPODRqRkRYNXRrMHFjd0ZWNnNHbDIxZ1dJMngxU2pFb1l1d2lQQWxaVzZTN2p6cTlhMzVEQXhGVDA1cmlUWUs5VjRwZUowZV9ZaFZzcF8zb3NoeWQtR1pBNmp0VF9HMklH?oc=5,MW,"Iberdrola: Iberdrola stock gains 1.41 percent as UK wind farm plans 1,000 MW upgrade Traders Union"
2026-08-01 02:07,Largest US offshore wind array reaches 450MW as completion pushed into 2027 - Recharge News,https://news.google.com/rss/articles/CBMiwAFBVV95cUxONXA3UHVpS3dZUGhPZU1va250clZHMkNORDlZNHowSGdzVmM5X042TnhNUF81VmVBQkF1NWJzRmx3LUpUZ1VIT1dDVEdaejd2OUhOaUh6X2pmNlRwcVlCZDJYVEVHc0dnUVpBdzE4VGcyVHJGS1hJY1VPeU1rV0VPOERVektlVGJ0VEpXOUl2dGtIYmtWX0hkaGZiLXpscG43NWJRQU80MDJrTF9CZURvVWtpanR0eFZZVGxYQVJBTnc?oc=5,offshore,Largest US offshore wind array reaches 450MW as completion pushed into 2027 Recharge News
2026-07-31 15:15,SK Oceanplant secures $110m BalWin5 jacket contract - 4C Offshore,https://news.google.com/rss/articles/CBMimAFBVV95cUxPSzRhM3Zpc3pIblhDelJxRlNpUHVSTEJKb0EybnVGY0FxUWc4UWpMZmxHVVBXeWR6UnZxNkM5TTc1V1YyZ2dmaTNzZHpWb05IOVNDRGNEV0Nycy1wRWFjYUllVE9rMW03MDY1dWcyM1hWdnc2NTc5OUpvME1FUjY4TzZ0VzhnZHItbEpqNnNNcGVMcEV5TTAyMw?oc=5,"offshore, contract",SK Oceanplant secures $110m BalWin5 jacket contract 4C Offshore
2026-07-31 16:44,Tata Power Renewables breaks ground on 800 MW renewables project in India - energyglobal.com,https://news.google.com/rss/articles/CBMivwFBVV95cUxNSmd6NFlmTVZIallHZ2VrcTVNYWVvWGtqbUs3TDY4Si1HLVBRVGRRSnBGdl85WVZBMzJ2VTVINDZtOFBoOWdqUWVMb3BxNG9XUElIVWh3cWM5OTBaSWlUZjRhT1B3cC1zSEFSUmpSaFgyMV9LSkNaYXN3U1Rtb25BOWk0WXJVU0NSQWpSY3NQVjB2MWRwbkpYSFU5cmtIQ2NiOUdKUkFBa29VWkxuNmJzZzc3Q0Nxd0FCcnJpS0Ftbw?oc=5,MW,Tata Power Renewables breaks ground on 800 MW renewables project in India energyglobal.com
2026-07-31 16:09,Tata Power gains as its arm breaks ground on 800 MW renewable energy project - Investment Guru,https://news.google.com/rss/articles/CBMiwwFBVV95cUxPeS1md3U3UFRNTldDZWJwdXdCdEVnV2NRZGlPQ3RJVXBEQnJ6Ty1reUxMazAtMTdIY2JRYm5fb1IyRFFKamR3Sk1BSVNZNlpvNDVMNEY1Snoxd1dTOEFxYVFJaWFyWlh2V2tTT1lQNl8yaHNxOWdXb1VEbElySWZXWVdkUGF1Rm03NC0zbGNXS1FrM0hwTHc2OVpXY1pZUjU4Vi1FekVGZGdxU1czYVpkMjZDaEZGTllUczYtLWdkVEhtOHM?oc=5,MW,Tata Power gains as its arm breaks ground on 800 MW renewable energy project Investment Guru
2026-07-31 21:27,Eversource reports another big financial hit from its foray into offshore wind - The Boston Globe,https://news.google.com/rss/articles/CBMitAFBVV95cUxOLUlJb0NyYkkxMzVPMVVEbVctN0k4Zml3aS1kX3BLY21VMDJOM1kzeUtsekU5Z3M2QmI2OXo3d3NCWE81bVJMMjJ6QVQtbTNGV2F0SUhlRUowSmstNjc0LUxJaGRJNS13bGhYdkt1ZDU0VktFTlFuRTFuMFY1R2R0NUt6ekVWYmZEVkJPYnNlMU9lbWJaU0tqRXc1ZzRoejNBVXlZSlgwbjhvdVJvTEQwY3ByR1U?oc=5,offshore,Eversource reports another big financial hit from its foray into offshore wind The Boston Globe
2026-07-31 17:28,Eversource takes $164M hit from offshore wind project it no longer owns - The Business Journals,https://news.google.com/rss/articles/CBMiqwFBVV95cUxNM1pHZU4tc25MaGhVZTJTUE9kR0kwRml3eHZJNGxnNkZNMGpXWndtdDdrWC1CRGgyMm4tMHd4VUE5dGRQVVNCb1pyUGw1OHQ1T1hmT0dBT1FZZ1R4NzYwcmhSNnNza3c2TVN3TDkwOG1GSThQZG50U0pxSEJkdnpYZExzSEVjdGV5UE5ncVkwSjF0d25TNWtBTWtLSlZfcjl4VlN5Zy1nM0dycTg?oc=5,offshore,Eversource takes $164M hit from offshore wind project it no longer owns The Business Journals
2026-07-31 17:22,Eversource reports another big financial hit from its foray into offshore wind - The Boston Globe,https://news.google.com/rss/articles/CBMilgFBVV95cUxPcF9ZR3N5RFlQME5jSEdpWE95SzdNeG5YT3dxdXdDNGtqS3pQaEhyWXRucEduMmxpYVFVbDdvVUxPWlJvR0VkVV9HZVhsbDI0MnZKNGh6enh6MjBwUWRIc0FYM2NobVpRWWpPVFNLQlVvdm9EYWxQbWpJNkEzMWlVSDNSay1TREhIVXZyS1BhV2M5dmNuR1E?oc=5,offshore,Eversource reports another big financial hit from its foray into offshore wind The Boston Globe
2026-08-01 00:00,Cadeler incorporates Wind Ace for offshore wind projects - Inspenet,https://news.google.com/rss/articles/CBMigAFBVV95cUxPMXoxa2ZucGNiS1B2Y1V0WU9EMkVsZFZWenoyZHAtbHVzMXRMSHNKTUEtMW03QlVPalFKU1d2bVJEdWlvdG9renFJOTZjZ052Q0ZkcGUyWEc1eGZOTmIzdmQ2by1YM2k5MTJnRkZKUVQzOUxlZGNEdWlJanZRMTF4VA?oc=5,offshore,Cadeler incorporates Wind Ace for offshore wind projects Inspenet
2026-07-31 17:47,Trump tariffs added over $800 million to Dominion Energy’s offshore wind project - WVTF,https://news.google.com/rss/articles/CBMitgFBVV95cUxOdHNxVHllWWtxelF3UzMtSTlzRWVfX3FUalJiY0cwd0xGbU1GR2JHamdnQXBQMGNvWml5MUhGYlRQWWdfNWx5SWRxZ25yMmt4NWl1bk1QWGRTYXUyc3ZlaGNVOHJDZUUwdHYwR2g0bVJWSFlxbWJhRVR4ZC1OMlk2T0tCMzYtNUszZlFEUnlkcHdCSTVuRjNQUTFhdk1lanFHMHpKTUdQMDVpMmxxZ1JXNDRYMF9sUQ?oc=5,offshore,Trump tariffs added over $800 million to Dominion Energy’s offshore wind project WVTF
2026-07-31 16:55,"[D Q2 2026 Earnings Call] Dominion Energy Pushes CVOW Final Turbine to End-2027, Adds $250M; Data Center Demand Fuels Record Peaks - finance.biggo.com",https://news.google.com/rss/articles/CBMiWkFVX3lxTFBmQXhBYzJVQTFjXzdJMXRWRmVJWnBqOW5KSUFxa2lzNGdUbHpyVzI1LTY5ckZ0Y2xhY2VCZ1l2YVYzcHAtWmtSRGlKRFV5VmtCREtKLUhGY3AxQQ?oc=5,turbine,"[D Q2 2026 Earnings Call] Dominion Energy Pushes CVOW Final Turbine to End-2027, Adds $250M; Data Center Demand Fuels Record Peaks finance.biggo.com"
2026-08-02 07:00,Letter: Kinnock urged to oppose major wind turbine plans across Wales - County Times,https://news.google.com/rss/articles/CBMingFBVV95cUxOSkZSSmxpV1N3NDBMWGkxNi1ubGxBY0t4eURvdzhVLUk3eEFnVkhnQXh4Sk5malJxRF9RSkxSb3dHcDUyLXVqVURPVDFuajl4Q1FUSEFrYksxVE5Pc0dNNXM2eW1NS0xkc21zNFN4clRHSFg5TzdXdDdyRURJUXNPQlFtTmM3ajhsZ1U0U1pLOUtyakhMNnlvc1phbkJSQQ?oc=5,turbine,Letter: Kinnock urged to oppose major wind turbine plans across Wales County Times
2026-08-02 07:01,Siemens Energy's 2.6-Gigawatt Oman Win Sets Up a Pivotal Earnings Moment - AD HOC NEWS,https://news.google.com/rss/articles/CBMi3AFBVV95cUxQdWVxc0pBLUtxVXRJYjFkRlhySWZZRENReTBTQllRVUR0MFQ5MF9tbnNGNU41aEFPWFBfMVJzVTY1UTRfbVB4YWl4d2VzSlUzaEl0cUFPeG9TVHNDbXNGM1J4VnZfSnpHTE5neW9EemNwZk92TndnVDdmRzBrZ1lZcWxXeU9fOUFDV3cwQmNLNWhtWndQNnp6aWtSYWExQkFpU3A5NW5hRGdGSTF6bVBGZUFlX24yZG4wbm92QUh2cjYxZUU4WTNNeTQ1dGd0QkViSF9qaURXbEdoQjct?oc=5,gigawatt,Siemens Energy's 2.6-Gigawatt Oman Win Sets Up a Pivotal Earnings Moment AD HOC NEWS
2026-08-02 05:22,"India’s Wind Power Capacity Reaches 57.4 GW as FY26 Generation Hits 106 bn Units; Suzlon, Inox, Adani Green Drive Growth - GreentechLead",https://news.google.com/rss/articles/CBMi6AFBVV95cUxOaDB5Z3Q4a0tTN2ZwRUJ3VU9BbTcyWWJTdzJaZVhtWEtsV1J4MWpyUHRobTNhV1hLclMtMGpoZTlwclh5aXVkVkRHNnZoRF9paGlPT0ZRTTd3VXlDdksyU3Y4R2ZkamFvdHczQTZNTVZNSVdRZDJQRGo3Q09CTm5MUExLaEdfcFhmdVNNWUlsUDQ1LXBNYTBGVlRobXF0SExqRlc5X1gxMjIxYmhYcWFDSURTTlh1WTJNYk5neS1IQWlfa0lXV3JsY2tLQTRkMGNwT0hCcUdBZG9Ed3cwSnlrZ0dzbmNGdmQ3?oc=5,GW,"India’s Wind Power Capacity Reaches 57.4 GW as FY26 Generation Hits 106 bn Units; Suzlon, Inox, Adani Green Drive Growth GreentechLead"
2026-08-03 10:09,Vestas appoints Shell veteran for Europe and offshore role - Wind Power Monthly,https://news.google.com/rss/articles/CBMioAFBVV95cUxNLWN3bXg0ZWtaRHVtN1hqVVRpLVUycDZRNnJybUpfRVZFaTRrRHAzaTdLQjJodW14SlJBZ1JyeXVWN2tBNUlwN0VVUU9xYkx6NGxpTVhZRVJSWkwtOTk1TDVyNjlNalhQWHZrQTFrXzZrSG5CLVdZbmVsZmlkUU5lb3ZrcG1WTFJ0Sm5RNS1ybWhySjNMWS0wVjJxeWd3MXFs?oc=5,offshore,Vestas appoints Shell veteran for Europe and offshore role Wind Power Monthly
2026-08-03 10:40,Top Shell executive joins offshore wind giant - upstreamonline.com,https://news.google.com/rss/articles/CBMimwFBVV95cUxPQTc4T2VpNHlKd2M1VW5NejI4bERuV1BuVi1adVB6SkZQQ3ZwVHU2QWlYSnQwV184dmdjX0NNLUtKYlI5OXYyd2poem5zNWE0aUxhVlh6ODdpbmpXb29ONFVVUzBNc3QtWS1oOUVNX0k1RXdrdHBreUNCeEZTNHV2UVFuMjBnZVI1RGhXZVJtQ0otQ29KRDFYRWRsSQ?oc=5,offshore,Top Shell executive joins offshore wind giant upstreamonline.com
2026-08-03 14:55,Vesta Announces Former Shell Executive as New Offshore Chief - businesschief.com,https://news.google.com/rss/articles/CBMilgFBVV95cUxQUkRZTWhZb29iYUZyNW1TQnBFb3BNdVJTeUIzd2JCYzRYWDBsb0xOM0NkaVpTQ1NJTVhDckZNM0NoelRXMGtxWFN1cER2V1hSNkVzeEctWnBxZklYSnBZOEgyOGFkaEJsdkhCakxWc2JhRmhONG9PNzE1OURqTFJhRGZtd0pqUWNlNmFPOXgxUjVvaFRVaUE?oc=5,offshore,Vesta Announces Former Shell Executive as New Offshore Chief businesschief.com
2026-08-03 10:51,"Vestas taps Shell executive to lead NCE region, Global Offshore - renewablesnow.com",https://news.google.com/rss/articles/CBMipAFBVV95cUxQd0pSRUZUZEtnZEw1aWMwQjlOSXlYVEF3Wmtsb3psUVhsZDZaelRMUmQ5OEotU0xob0p5WDBmdldqTDVOVHNhVGxiV3JHQUV6M1l4SzNCYWdwamdmTUFwT3Y4ZkxOcTF1UFVKSGthaEJUWDhTWmdUOTUtLUp3Q1NzT0N6U0Rjc3hfSUxycUdvWUhEaWhueTk5cHBBdnVFUFR2MklTNA?oc=5,offshore,"Vestas taps Shell executive to lead NCE region, Global Offshore renewablesnow.com"
2026-08-03 12:14,GE Vernova expanding Charleroi facility - Pennsylvania Business Report -,https://news.google.com/rss/articles/CBMigwFBVV95cUxQcGplZ2lnMlhVRGNrNXpJSksyaVZxTFVaRXRPS2xxZ21ONjZlekhnSGd2bm9WcXNDeFJsMlMxZkZRZjJuYUQ1NkFMZ3dSVzdHbUVQdUZFZ28zbjFUTjFBeTUwM2dfc3FXSHIzSHFRbGg4RTBUbEFtbkxKR1EzWG1Kc0FUaw?oc=5,facility,GE Vernova expanding Charleroi facility Pennsylvania Business Report -
2026-08-03 03:05,Elon Musk's AI Data Centers Need So Much Power He's Buying Gas Turbine Companies -- Who Else Benefits? - theglobeandmail.com,https://news.google.com/rss/articles/CBMikgJBVV95cUxNMEdYSW1KUk50YVN1Smppem80b0tQaDdNeTNmLXVUNWdESkVlSGE3LWY5LVlDWFpfQ3l5MEJ3cWxCMWdBalpwMFNMc1pnWHpJenJieWF0UGNLeDQ0eGVtTGN4T0RRRFNQUHpMOUJmeHJYVzQxVEZBYldlSmhUSlZubFh1azFXa1ZibVZrUjdZYm5PTl84S2gtdVNMSExsV0MwUElDbmxKbWdOdVg0Y0RseThXbmRxalhyRUZPLVZMNU1PLWlyckxKaGhSeGhxLVJXem9YVWJWOUN0VTFrcHJkMURCczR4U1J2YXdhdWlaNmhYNzg5UVk1eHFzcm9td2IxcE1jejhsbHVRalBvOUp4WXR3?oc=5,turbine,Elon Musk's AI Data Centers Need So Much Power He's Buying Gas Turbine Companies -- Who Else Benefits? theglobeandmail.com
2026-08-03 10:13,Five French ports to receive funding for offshore wind infrastructure upgrades - Baird Maritime,https://news.google.com/rss/articles/CBMi2gFBVV95cUxOTGw1RDNzcXAxeFVmRFRZcGhuam9fWm01czhkak5uTU8tdG00RDVSN2NmQUdEWXl6dWZwbTB6UWFmaTg2SWVUeV8wSlVMd2JvbzRyajVua2p6ODhkdUw0SThvTTlCam1QZ2JxQ2lCa3pocVJUR3BTRlc5Y0pwZ3IxT3FyckJFcTQ1aGFTLWN0RVZ4TG5BbS1KdVZXTmdtN0Jzb2h6ZnQtUkxST2JiN2NxTjNfOWZkeXdmcTM2cmFFRUdFZWRjZE5PQ1Q0SDZESFlod2poQ2JPZzJUZ9IB5wFBVV95cUxNcEhfRWNXS2s1dlF0UUpUVHFscXItZVViUlc1UWtBLWloRHRtaVJ1eUVSNmZsajBSaUdHeXEtTG5xQW41N0VqZlVqVno4R2hFOGx5a2QzYjdTeHJkQVFnNlFLREtVblFVVWVWc2M0ajNrLXhLTVlxbXA1akZ3aTl6c3ppemJtY0tTRnVJajYwRTduQ28yOVZPUDJWZGRGT25LbjdMWEd6RmJiMzJhb0NPN1J0Yjc3VnhoRC00c1BOVmMtOW1JOU5GLS1ZUURlRzlURmFENy1QMVJxRGpTc044dnJKcmc4Z1E?oc=5,offshore,Five French ports to receive funding for offshore wind infrastructure upgrades Baird Maritime
2026-08-03 13:40,Britain's biggest offshore wind project was quietly handed back and now a race against time has begun to save the country's clean energy future - Energies Media,https://news.google.com/rss/articles/CBMidEFVX3lxTE5YSHdhby1GUGlZcTQzSVRJM1FxU0EzVnVtVlhYNndRTnF4SlRwRXV5ZVJJcnhYdG00ZXhDSTlLek9CT29TZWxVZDJZYVBnQ0FnbVdnT3hmTWJHR0J3R2xXQ1M0djlSd3UxcWlRaEJrTXpHVmFG?oc=5,offshore,Britain's biggest offshore wind project was quietly handed back and now a race against time has begun to save the country's clean energy future Energies Media
2026-08-03 09:14,"Ummbila Emoyeni wind farm, equipped by Goldwind, reaches 155 MW - energynews.pro",https://news.google.com/rss/articles/CBMikAFBVV95cUxNZTRNN2pBWnpXX2V2WWZIaDdldjJjeVBBajFsMkxkSGZ0cUpsdTkzLWNFb0drMTA4LWFlM3NBR3p2Z21GbVYwYk5kNW5Xd0ZlellFcEpsUWN2bkg4aXlSN1pnbzhEeTc2YTBGalJMam1vempCWVp5TjhxRWRWc3dVUWpsa2d5eS0wbWZmVk9ENnk?oc=5,MW,"Ummbila Emoyeni wind farm, equipped by Goldwind, reaches 155 MW energynews.pro"
2026-08-03 12:00,Seriti unpacks big renewables ambition for coal heartland as first 155 MW wind project enters into operation - Polity.org.za,https://news.google.com/rss/articles/CBMi6AFBVV95cUxQLXhyNHVFU3FfRnpoS0gzYWxadXBUSGI3UVZMYjJRQnhwdXVBNzc0bVdTUzQ0cHhJSllyWDdkLTgweUVjU3FxdW13cWNsS2NPX3RfVkMwTEhZbmZROUNCV1h0LWtyZFNsTVhmWG1GX0J0ckVhclp6aHdKNDhkNkNsVXJaSmlsMC1CTFhYdE1vS0wwcjZQWEduYVBSbXNNbWR6RW5iMFdEa3ZxTnM4Q0JBLW91U2t3amU4WG5HMU11NU1qbW5hYXJQVU9lNHJuRWdJZmQxcTRabjBwSXFjRnRCMUo4bHJfc3dn?oc=5,MW,Seriti unpacks big renewables ambition for coal heartland as first 155 MW wind project enters into operation Polity.org.za
2026-08-03 04:29,"Envision Energy Secures Its Largest 200 MW Nearshore Wind Project in Vietnam with REE Energy, Strengthening Future Energy System Across Southeast Asia - PR Newswire",https://news.google.com/rss/articles/CBMirgJBVV95cUxNMjB6NXpabEJjNUtuNmtkdkVGajhQTjYzSFg2WGRzUUZLQkV5ZzlKNnhRWHhHYXpmUXdBVF9sdUNQZTBoZHFaMnRtY2FGdHdmOEtZV25SbWljb080V09LSUhLWWhvQWFpVWppMzhNZGh2clh0amlpMHZyZEl0S3ZlaWpzMDZnUFZTU29sWlpjb2JOMVZjU1lkdnhmaHFoR3gzMk5jZzcxaFpOaWVCYWM1WTRxbXdybkJrcEJCU21KRGQtYWFKMzNQXzlZWVJXUHNSTzIxcl9CS3pwVmhDN3pYaWlsSzcwdlQxT00wOWhNMkZ0ZEtFYTc4UEdyRWZZZi1XVUM1SVNQalpiUDBKaTZET0UzZ05ySjdxQ2xtbHZvV3RURkZGYlM4WmNCRklZZw?oc=5,MW,"Envision Energy Secures Its Largest 200 MW Nearshore Wind Project in Vietnam with REE Energy, Strengthening Future Energy System Across Southeast Asia PR Newswire"
2026-08-03 10:46,Envision Energy Secures 200 MW Nearshore Wind Project in Vietnam with REE Energy - WindInsider,https://news.google.com/rss/articles/CBMitwFBVV95cUxQYUlNS1Njd0xFZjd5RnNSNXRESElFSDVDc29vdkdVVjhoVmhhMEozNUpzNDA5XzJhb3RsbWlvR19XakxTYnA3S1dUX01yNHA0UWh6Sm1pRW5hTldEeGs5QzJQYWVBQUdJWURFRFhhZnEycG8yRnBHY1FkMDFwOFo0SHF6Z2NKdDZya0VVVFlNVklvZ2lSdzhBRXBqVWhzTElJeHhVbkxkLXVTdDRadFM1MXB3azZHQzTSAbwBQVVfeXFMTzkwajlrNmRUc0hRNGlhb0Jqci1WTTdtN016d2dKd2xiUjdpamJCb3B1TktSNzBFaWhwd3ZtaG5kTnY1OUpIdTdPMUNyLVgwUkQ3QjBxZ1ozY2JUc0tPR3VTM2dULVI1MGR2WHliVk53QU96TkUyTVhJRmRwalhKS1M4ZW5FN044LXBkYVAtc19CS3B2aGlzMHhrTlRyZnhWRW1PX2ZTX016VlpUU1dpWFd4a3UxREtZdnJ6ZUs?oc=5,MW,Envision Energy Secures 200 MW Nearshore Wind Project in Vietnam with REE Energy WindInsider
2026-08-03 11:47,Envision Energy Secures 200 MW Nearshore Wind Deal with REE Energy in Vietnam - energynews.pro,https://news.google.com/rss/articles/CBMipgFBVV95cUxQcmVZWFJkWFNaY1lBZ2ZGNUJRRGVIXzdNa2ZpSW1kOGZ1LVllcXd4MUVLVk1jYkpfNVMyT2dhVmo0RzRUcmk3eW9oLVpoaDN2UkdWQ1ZzSS1Nbk1HYUFBaVVpRk54VU1GU3JOdzQzWDIwdWZZU3A4UHJHOHh5NGZpNktGOGdlYmVWbnJwd1RMZk5BSWNjU25wMHhPbnBuRW40dk5Ua19n?oc=5,MW,Envision Energy Secures 200 MW Nearshore Wind Deal with REE Energy in Vietnam energynews.pro
2026-08-03 11:05,Envision wins 200MW Vietnam wind contract - reNEWS,https://news.google.com/rss/articles/CBMihAFBVV95cUxOQ21pR0JSYldDUW5jNldMWGEzS1RONll1YTZwRmRadjhSZ0gyMzhmdklITV9SYmc0bjNBM3NzSjBkQ3ZKMm56OWdoaG1mRTFUSU9Eb1BPWFNIWWttY3JiaVYwOTBsSVlXbVFvak9hUlhiRmVFZUZycUdTbTZTaDFPd3Fib0w?oc=5,contract,Envision wins 200MW Vietnam wind contract reNEWS
2026-08-03 05:56,"Envision Energy Wins Landmark 200 MW Nearshore Wind Deal in Vietnam, Expands ASEAN Footprint - TipRanks",https://news.google.com/rss/articles/CBMi1gFBVV95cUxNYm1VNWZIS29lUDNNZmwwSmhJQ3UxUGFsWE5QQmxBdzRGVVU2UVYtZDRwRjJXWV9QU2V1N3RhWVoxQjRDNWZWdkNxWWR4WGZQTWNsM1JMUXRKMFFRd0RvR0NEVk5oRzIycVhic2I5cFJsVE1TU3hsekZ4VHJlMDYtanBRSk0tdXE2ZUktRlR2YzVVSTh6WmNxUDJMWElUcFB4bG1vTFdpWl9xSmo4UjFrU204SUc2TFlHVkxlVk41ZEM4Yk52aUhOMnV1dUZhWDNjMXQ2TW5n?oc=5,MW,"Envision Energy Wins Landmark 200 MW Nearshore Wind Deal in Vietnam, Expands ASEAN Footprint TipRanks"
2026-08-03 13:18,Chinese firm to supply 25 wind turbines for 200MW wind farm in Vietnam: report - Tuoi Tre News | The News Gateway to Vietnam,https://news.google.com/rss/articles/CBMiwgFBVV95cUxOLWtfWThiZlBETlYyVlRKYkVhaGRPb1BPR192M1dwNi1JVVd3QlVpNDdMMGh1R0NrNjV0SktJaktWb0pmemx2WjRUN1dfMDRRcUdmcTdJMXRqN04wbnpRTWdTSklxWkFCYzZEZ0lEWU5nNzRHQ3VwNERzUmZHX203WHRhc3NGQUtwZUtXVTJFVk9FOGU4WmVoZ0NjdHkwdGVtd3pFYmNaN2I1YXFmOWd5SUtHaUVaV3NNdEh0bzBrN2pMdw?oc=5,supply,Chinese firm to supply 25 wind turbines for 200MW wind farm in Vietnam: report Tuoi Tre News | The News Gateway to Vietnam
2026-08-03 05:30,Nordex Group obtains 77 MW order in Romania - TradingView,https://news.google.com/rss/articles/CBMingFBVV95cUxPRkFJOUFQdEZ0TTBySzFJTVktSFRqTkg5NHBiZjlibmFvakcza0s2b2kzNlhSN0hZRmEwUDZySlpzb0VhZlg1VlZHUGRraVVGSmp4M2hIOUtkR3V0NnBYaElrYXpJcnRwWVZlS1VWTjFheWlvTkhkb0xQSG5iVVA2WVpCZVRjLS1MXzFOVkZwM2Jlam5aRm1rdVgtdnNBdw?oc=5,"order, MW",Nordex Group obtains 77 MW order in Romania TradingView
2026-08-03 07:40,Nordex wins 77MW Romania turbine order - reNEWS,https://news.google.com/rss/articles/CBMigAFBVV95cUxPS1NJSzJaRnhpOUdKc2JKU2lQYVl1NkRPVG1PUnlrTjVaRHZwaHdaOTF0c3YxU0NkSDh2NmZVTXVFQ21hRGtESTV3OHZ2YzRyNW5wRXpuVUptZV9QbHYyNlk4LWhXRndxMTE4c250djlxZ0IyY2hTaW9yZXozWnJTbQ?oc=5,"order, turbine",Nordex wins 77MW Romania turbine order reNEWS
2026-08-03 08:03,OX2 completes sale of 77 MW Romanian wind farm - Energy Global,https://news.google.com/rss/articles/CBMilAFBVV95cUxNR3NpWGxhRmtjZWUtTUpTZmhWOS1VenF6WFFMYk5ZUGRrc21BcVQ0YmdpZ0xkYUk5aGtjVElrS3IwZlUza20wSnFGQ2dSVE9JbU5FazdvWjEyWEFHU1ZOdndDSmJMem9STTBlMm50VHJXNkhYMHJ0N2dXeFlmamZVY2FfZF9WT25OYkstZ3J1V3UtaEJJ?oc=5,MW,OX2 completes sale of 77 MW Romanian wind farm Energy Global
2026-08-03 07:29,Scatec enters European onshore wind with 77-MW project buy in Romania - renewablesnow.com,https://news.google.com/rss/articles/CBMirgFBVV95cUxPck5lQXo3eTd6TUxBTko0bFZoZzB1d01MOG4tQkV4d05YeUR0Vmp3aVBBbUVLYzc2SXB4bWRsRjg4U0ZHTXpRSnR1OFNETlN3Z3AxU1g4UFdpV2VKNzVLUG1LbHJGTk9kYkVBRGc2Ql9MZmNJSGpibGgtSU9iNVl6SkNHb1lQQThiaDZfV0xmVGxEUmhWSWc4SmNzdEwwQzlTaXhvUEs2SlJPMXBzYVE?oc=5,"MW, onshore",Scatec enters European onshore wind with 77-MW project buy in Romania renewablesnow.com
2026-08-03 05:27,Enel Acquires 84 MW Wind Farm in Italy to Expand Renewable Energy Portfolio - WindInsider,https://news.google.com/rss/articles/CBMitgFBVV95cUxQMFNoUXUyaHgwOEl1dTRVSkFjSzdxVVpMSXJ3UjBrRm5qcDViVUk5SVpMX01aWGZocEp0azhJaGlSMGJ5cU9qWWMzMkpyRllmUDJZd0RZNmVIY0dGdGdWZE1UZTBPYnFiRmswT0ZUeS1VU3h6UDQtaEhMUXlFSFdnTU5HM3VqU0tuWHIyZkhHN3ZuTlVxa1V1T0x5Sk04bUZydWFTd2lKTXc4RXpJa2FtaDl6cjl5UdIBtgFBVV95cUxQMFNoUXUyaHgwOEl1dTRVSkFjSzdxVVpMSXJ3UjBrRm5qcDViVUk5SVpMX01aWGZocEp0azhJaGlSMGJ5cU9qWWMzMkpyRllmUDJZd0RZNmVIY0dGdGdWZE1UZTBPYnFiRmswT0ZUeS1VU3h6UDQtaEhMUXlFSFdnTU5HM3VqU0tuWHIyZkhHN3ZuTlVxa1V1T0x5Sk04bUZydWFTd2lKTXc4RXpJa2FtaDl6cjl5UQ?oc=5,MW,Enel Acquires 84 MW Wind Farm in Italy to Expand Renewable Energy Portfolio WindInsider
2026-08-03 02:45,Tata Power Renewable advances India's clean energy with 800 MW project - Asian Power,https://news.google.com/rss/articles/CBMimAFBVV95cUxNRHZoMjVlc1RickoxbmZHMkt2XzZHb2tUbXBSSUpNaWlzUUdxU0NEOGRyZXpSeEd5Mzk4bHJNTmJZdWYwWE4yY3YtSTFFRXdVeDRyZW5jdDhOOXF4QjI2Q1BEY0QtelpFVno1WHZaTUljY0M0cklJbGpjQjZ4MWpfMkFOU2VvQ1FMMEQ1Z3VIaGF6bENJSjZ2Tw?oc=5,MW,Tata Power Renewable advances India's clean energy with 800 MW project Asian Power
2026-08-02 15:32,"Tata Power begins work on INR 5,750 crore 800 MW renewable energy project in Andhra Pradesh - Prop News Time",https://news.google.com/rss/articles/CBMi2wFBVV95cUxPbzZzSjZ2cHp2UnhXbTNuSU1pWHZFdTZBQkF6NnJKaTFhQW90MC1RMVpSV2ZXT1dudEVHaHhmeFA3RW5UZ3cxN3EtdTJjVFZGRmt2dEtXZ1Axb0MxUzNRUmRyZEJUMkZFX19VcTVoSTF5RHoyXzUtdjVOVm1CM1UzMFoxVVhBUUN4UlRya3Y3TXZZNFJNRXFvRG8zLTlZVnpPU2RiNmdtajlEM0s0ZG9qcV9fZnJtT1dkTW4yNlVKdEgtYldsS0RVYnFLU1QyODQ2eUVJUkZhWngyM28?oc=5,MW,"Tata Power begins work on INR 5,750 crore 800 MW renewable energy project in Andhra Pradesh Prop News Time"
2026-08-03 14:00,Offshore Wind Projects Clear One Gate and Fail the Next - Environment+Energy Leader,https://news.google.com/rss/articles/CBMiqgFBVV95cUxNbTJTdkNLSEJ4SXNyWFVQSlJZLVJ6dENqaXR5MWlYdVBDSTRkOW5GTXNXX0JwN0ItR0tRVDBRRVhLaXhTQk83TXc4SU1sTk5RTXp1R2UxM09sS2ExY1JTc09TNXVBU0FmLWw2amFwVkNBVS1qTVhpb3BzS3pST2l3VnBVZXZMOThBNGlzNWFQbUgyTWpBbHp4cHc3enRhdmNuaEtvQTc0Z1k5UQ?oc=5,offshore,Offshore Wind Projects Clear One Gate and Fail the Next Environment+Energy Leader
2026-08-03 06:00,Incheon offshore wind developers launch association to drive energy transition - 헤럴드경제,https://news.google.com/rss/articles/CBMiV0FVX3lxTE1kMDg4X2trN3dveUlHOHlOdmJ0ZHU0OVZhc2h1NlE2UlFUbEdIX3VGNjY1bkdDMnJMY3RQd0dqWERJQmJpTmtUQ0N5M3ZxNDQwVzd5QnN3Zw?oc=5,offshore,Incheon offshore wind developers launch association to drive energy transition 헤럴드경제
2026-08-03 09:10,CIP names former Ørsted profile CCO of onshore business - EnergyWatch,https://news.google.com/rss/articles/CBMia0FVX3lxTE1aZFV4NHRZd0NPQU43eTJRUHo0clQ4Z0JZa3BRWXFzRUg1YlNvZkJSMTFMZEpUYmd0YWlGLVpyM082eUVzRmpIV1hCb0VqeXJxZzMtQUJxUngwSTV6WHc0Nnh1b0NMcWtUNTBR?oc=5,onshore,CIP names former Ørsted profile CCO of onshore business EnergyWatch
2026-08-03 07:11,North Star Secures EUR 321 Million Financing to Support Offshore Wind Fleet Expansion - offshoreWIND.biz,https://news.google.com/rss/articles/CBMixAFBVV95cUxQcC0xUDFPcDdkNHRyU0lvLXhvcXhxTnFSal9JalRtbERHakMzcUZQbnNlVkdDRFdEenFjN1QyLXJSblVRc0p3dS1LY2JXWGVhTmxWbzQ4bnV1LVlmUTBnS0lRTlV6TERIck1yWVVkOW93QnlodnNqMll1Y1BDNEpnNGFjdndSQzYtWVdqZFFfeG1ZZDhvYS1rTEVuOXlLYjdPbEM3ZzBZN2dNeUdxRGZCNWl2dVJmb3FPWWZfUUZsWUp0RXFz?oc=5,offshore,North Star Secures EUR 321 Million Financing to Support Offshore Wind Fleet Expansion offshoreWIND.biz
2026-08-03 12:14,Europe Weekly: Real Madrid x Elite Solar; Hopewind Grid Approval; RWE 236 MW BESS; Zelestra Community Fund; Sungrow 70 MW BESS; BELECTRIC UK CEO; RWE Raises Outlook and More… - SolarQuarter,https://news.google.com/rss/articles/CBMiqwJBVV95cUxNRHFGcGlOX2k1dEpLd3FIVmFkMXlEZEhWaUxUOU1xeWs5eW00NGpMMmlaeTh5bHl0RjM4NDZmVlNfeHBTejZiTXpISnhfS2hYRTZwR1hSTUVtaWcyeGQ4Z19fQkJGVnZDb0NTQi1GSU1YMGJpdVFXTEI5WGdKZkJGb1hwMTVYcTc3NEJLYll4UzBZMDJ1YzY4X2dCamZQcG9QU1FYVlBxUmFWMjlkTDcyUWdkbUhaTlRGRmFqR1VGSFFsTTdTS3B5Z2d1Qm5jSXJDR215NVhqdVFXQnVxVDJ3QXpRUWhDaGJ0Sm5zQm1kTzdDckRwQm1SbmhRY05oeWtZUllLWmhlZnM2SXNxbHZQNHl2ekk4YVRHeFhVdlpuY2VQZ0tyc285MENwOA?oc=5,MW,Europe Weekly: Real Madrid x Elite Solar; Hopewind Grid Approval; RWE 236 MW BESS; Zelestra Community Fund; Sungrow 70 MW BESS; BELECTRIC UK CEO; RWE Raises Outlook and More… SolarQuarter
2026-08-04 10:56,Culzean floating wind turbine soon to be moved to east coast Scotland - Ocean Energy Resources,https://news.google.com/rss/articles/CBMitgFBVV95cUxPWDJNLS1uMGJyTC0zSDRTc3hUVEtDMlh1UEFGNzR6dDJWa29TVWcyX1FTcm1fM0VnTzA3cHFIZ2Y5TnFteTlOQTg1VnA4WmtVdjJsQWwyRHpVWm5Hc19CbHAzay1xTkdwaDNRRlZ0bFEwY0E0N1NvV2NKb2RkWVd6NmN3VDJsVG16b281LWlYaE5ZMHliSXM1VTVIOWw1Nzdka3Z0aHctMUs2OXhuU2dWeFNxWjVjZw?oc=5,"floating, turbine",Culzean floating wind turbine soon to be moved to east coast Scotland Ocean Energy Resources
2026-08-04 06:34,"Nordex wins 77MW Romania order, secures 480MW in US - EnergyWatch",https://news.google.com/rss/articles/CBMia0FVX3lxTE5sTjVQT0RwVTJmNFhDUFVxNWJoS1RjQVNLZ1BfR1JWZFpGWl91MWtrRDNId1VPVE9GS1hQOFJzLU5sM3dVU2NzRzQ3TW9XT0wtU3lEdHJjeHl2MWZzcFRyZTRVNW5CcXFUeW5Z?oc=5,order,"Nordex wins 77MW Romania order, secures 480MW in US EnergyWatch"
2026-08-04 10:15,First Transition Piece Installed at Nordlicht I Offshore Wind Farm - offshoreWIND.biz,https://news.google.com/rss/articles/CBMiqwFBVV95cUxNdnhES0d2d25yaWJSOUtUSXAxeTlUbEdwR05YRktZVGxRMDFxM0lUSXREaVp4Tmw2NmVWS09FZGUwYjBkOF9hOHB3WmxiYlcxTjhYWmJDYWN5YXpxdDNkU2NEMmhndnBGdzNhNDVrRmptZlB0V1NXUlZpWklkVXJtbGgxMkhlQ0RlSnhwSkN1S0ZzbVRuaXdTVUdlOGNWVGE0MFBRbXBzc1VJbW8?oc=5,offshore,First Transition Piece Installed at Nordlicht I Offshore Wind Farm offshoreWIND.biz
2026-08-04 10:22,GE Vernova lands 163.4-MW wind order in India from Enfinity Global - Renewables Now,https://news.google.com/rss/articles/CBMiqgFBVV95cUxPM2V1U2R3QmJkMGcxcVU2NFRiSjkycW5McnJaQlNqU010eUxjWDg1d1Ata1Q2blRTQzE0aVNLMEhRSzRVVzhUaGRmdmRlMGJBbEUzQ3laN3VNVW9qU0hIMnJJdmNLZjdrYjU3UEd6UWV2TWswSjVKQkxtYnZHUHBaemFYUS04OUo3Q2V0OEpPMjM4aXV5UmVNd1V2bHJQN3FteWZpOTNOZDRwZw?oc=5,"order, MW",GE Vernova lands 163.4-MW wind order in India from Enfinity Global Renewables Now
2026-08-04 08:03,GE Vernova bags 163MW India order - reNEWS,https://news.google.com/rss/articles/CBMiekFVX3lxTFBaczY0RmxhbzlfNU45N2Z1aUZDUUgwVGZ4TW5tdFNjYjRxdnNabVV4SmJSWXg4X2Y0ZVFaaURLbXJDUjRzeWstZUlIdU1Ma3lUX2k2YWRPQlFWbHFkSFVibm1XVm5HUXlMZ3lxQ0JYbnhjU0VIMVlqN0JB?oc=5,order,GE Vernova bags 163MW India order reNEWS
2026-08-04 10:03,Vestas re-hires offshore wind veteran after spells at Orsted and Siemens Gamesa - Recharge News,https://news.google.com/rss/articles/CBMixgFBVV95cUxQb3p6dW04WlJicFU4NFJEeEJnX1dlNWI1RGFYdUdrYUhMWTcyeUxXWURGeFBzeWp3blVES0EwYmxiVE53aVhZa1ZNZlVaazRTN2tDUEdxcGJyT0hTMi1sRXU2Y1gxM0Vnd2xENER6cDJCTjUybUQ1aVg4cHpqZUs2NXdUX25YS19lTG5IVWlMVEhvcW1CV2lfWlZGLV9UV095NVlUNlZvZHFWWUJCWmZ1dW9hOUNGZVFyck9ncnFncUFDYzI0N2c?oc=5,offshore,Vestas re-hires offshore wind veteran after spells at Orsted and Siemens Gamesa Recharge News
2026-08-04 06:30,Turbine blades a step closer to delivery following intersection upgrade - dubbophotonews.com.au,https://news.google.com/rss/articles/CBMiuwFBVV95cUxQbmV2NTBxX0NZNEpvZ0gycFJDbDluamg5c29heE9ZbmVkZnVBWFVsME4zTFhjZ0RlUGNsclZUU0JabG9CVTZXRTRfd0ZiVHBvZ3ljakF6MnBLOFpmbGRKc3Noazc1bDdVdmFRRGhobGpBdkZaeldHX1hkUnF1eC1JZTVJWjZxSzBwLTZPSGI5MGpHS1pGeTBlNkxfbXlKV0VNSC1Bb3dxc3hoYkhaMEpYeTZyaF9ZSlAzVjRZ?oc=5,turbine,Turbine blades a step closer to delivery following intersection upgrade dubbophotonews.com.au
2026-08-04 07:16,E China's Wenzhou taps offshore wind power for a greener future - China.org.cn,https://news.google.com/rss/articles/CBMiakFVX3lxTE1qQ3BpcGU0Z1VDQVE4bGE1cVppcHpieFdIcDkzZ3MycFUzOWVvNHJ1QkRYN0stLW9iaUJtSEx4aVdUbzhuRVQyNl9oTVlSOTg4bFZRSjFKNHdqcWQzM3h6bmhsRDBXQUpTcUE?oc=5,offshore,E China's Wenzhou taps offshore wind power for a greener future China.org.cn
2026-08-04 02:44,Vietnam's REE teams up with Envision on 200 MW wind project - Asian Power,https://news.google.com/rss/articles/CBMiggFBVV95cUxOeDZjbzFBVHQzZEtJQjBjY1VvNVVjUVQ1R1BYOHk1bUotc05sbVJvSXZIdVFwemp1NGR0TWo0dmFvRlpqVWZPSlVlUGxJMWFieEROcDJaelhfcHdUVTVKdHdsOGVlQmxYdFRlTmF4cFZ5MjJhYmhrSzNNdkRaUkFLcGh3?oc=5,MW,Vietnam's REE teams up with Envision on 200 MW wind project Asian Power
2026-08-03 16:03,Envision Energy secures 200 MW nearshore wind project in Vietnam - Vietnam Investment Review - VIR,https://news.google.com/rss/articles/CBMimwFBVV95cUxQOGFZZkllZzJzUUJjNXNYcWNmc2hLa0E0Z005eGFJN0hZYnpPX2piNnhFb1RrU2JaSlVFYWotSVRGbFZsTjdWREVjLUotNElocEhUVkRxcHowU2dNdHVwYXQzaDVOTkRmbzFzZ1ozSTc5WWtHUzMtRmRKMVZqVFRxUGlDeTd0dGo0WlRBNGV3OTZrVFhQUTdEN1lMZw?oc=5,MW,Envision Energy secures 200 MW nearshore wind project in Vietnam Vietnam Investment Review - VIR
2026-08-03 16:39,"Envision Energy Secures Its Largest 200 MW Nearshore Wind Project in Vietnam with REE Energy, Strengthening Future Energy System Across Southeast Asia - AOL.com",https://news.google.com/rss/articles/CBMihgFBVV95cUxQX09NcGY4aWZYa3RMTUxkbm5zWDBJYXpWUlB5alRhODF2YzFKUUg2TWpOODJhQWNXbno4d3dVa0s3cGZVXzNLUnA5alVrRGNUZzRvYkNoTE5iU1FlWVpDOGdZLVJYWEpLMlpLS3FJcWM3ZXZQZHpSWU8xeHdwcWdfLXc4WmQwZw?oc=5,MW,"Envision Energy Secures Its Largest 200 MW Nearshore Wind Project in Vietnam with REE Energy, Strengthening Future Energy System Across Southeast Asia AOL.com"
2026-08-04 07:34,Nordex to deliver 480 MW of turbines for US wind projects - Renewables Now,https://news.google.com/rss/articles/CBMingFBVV95cUxQOG5TX2ZHQnJYMXJEVnk4bW1RWVp6S2Fya0dJYUhFMC1iZ0V3RXBhZXEtOEtMMXdEc2VzanRvUHdEdXpEd1ZCR04xTmdEYzMwcXdoRzZWUFY4eURJVTA4bEd4SGdPUlRyemxuaDRKZDk0OElmNDRVYVVkSzV5NTJDeW5wZmVHLThxUGpLUEd6UUQ0RzlTQmR5bTd6aV8tZw?oc=5,MW,Nordex to deliver 480 MW of turbines for US wind projects Renewables Now
2026-08-04 06:00,Nordex Bags Three Orders for Wind Turbines in US - marketscreener.com,https://news.google.com/rss/articles/CBMiowFBVV95cUxQcXNYaDVfYmdvOThGRUJzSzRlR0FTcjF4TndtckdKWGNQc1Z5enBOd3ZvdjhwR09lb1lHMUtwY0xRMHBXWXNWOHp3WDYyUllZcFE4aDBvX1BvZXNjTlpWX0JELXk3YkFHTmM4a0dXUGk2dEllSDZKSzFVWThhbDExY2l2azZTU2NOWnh4UXFuaGtNdXpNRnk1TFZsTl8zeW5lcjIw?oc=5,orders,Nordex Bags Three Orders for Wind Turbines in US marketscreener.com
2026-08-04 07:03,Nordex scores 480MW US turbine hat-trick - reNEWS,https://news.google.com/rss/articles/CBMifEFVX3lxTFBJS3h4aW01NTl2QkdrQUxKOWZ5bms0N1hxQUlxUS0yOGNLUGdZbzEyZ25wVWJKSzUwbWZKQzJSSnRRNm9pdGtnNmtLZXh2NUg5Qm9OeW9tQjhzMVgtOUpDam82MFdFNGFNTFQ0N2NmRUlnX09uQzZyZ1gyd3Y?oc=5,turbine,Nordex scores 480MW US turbine hat-trick reNEWS
2026-08-04 06:24,"Nordex Secures 77 MW Wind Order in Romania with OX2, Strengthening Regional Presence - citybuzz -",https://news.google.com/rss/articles/CBMiuwFBVV95cUxQNzJXM01UZUsxYVI1UjFaMXJJdXRuT3RrMUJZRFdva0VZbFBscVVCWFlBZWVvZ3FDdGxhbXc5b25BWGpGNDVhVDV4YVRJUkZZRms5U2QwZVZTcEo5bWdzalFnS25sTmZtakYtSk1YSjFwclhRclVFSnBpeWxNNEdLNGhqV2JJUGtyS0d3MFd6RWE3alJlaXp3empWY1E4LUVTZWhDczhDekFpUHpRbjV0VEpGNmxLaFdySHFR?oc=5,"order, MW","Nordex Secures 77 MW Wind Order in Romania with OX2, Strengthening Regional Presence citybuzz -"
2026-08-04 05:30,Nordex Group secures new U.S. orders totaling more than 480 MW - TradingView,https://news.google.com/rss/articles/CBMitgFBVV95cUxPMVAtZVJSNlVvTHMzMGswdmdFeG1LQUFEMWdwd1p6bDd4ZFR4Q2ppbjY2S3ZBcmN6bW1CbWxkcXJTbmZseklFZUJHengtWW9hT2tneWlvQUV5TkxfbnRFNDZRbkE0bXRmTzBfU3RFd2JwcmJHRFJVaHptREFDRTVsM05CUWhaaHJhZ2pZOXc2R2lfbmRBa0xMUkZvSUJqWXNPN2EzTWJVWGhHRHprc2JMRC01aFNCZw?oc=5,"orders, MW",Nordex Group secures new U.S. orders totaling more than 480 MW TradingView
2026-08-04 05:58,Nordex lands more major orders from the US - marketscreener.com,https://news.google.com/rss/articles/CBMimwFBVV95cUxObTVRUS03ZHpkY0xJOV90THdGV3NFb1h1cGZrZVBtMGlNX1J5VDdLQWE1ODFxazN4T1FieGkxaHNGVDE0NTZsdU43U2gxZzUtbVI2TjAtX2VkWk53VENrMGxHc0RHZU9oNlhpNUdmUWJyYWlCOUMzcVVKY1RCZzgwSk5fZjYzdjZmVkgtOEJQR0pqMU5IMm9YT3Fndw?oc=5,orders,Nordex lands more major orders from the US marketscreener.com
2026-08-04 00:33,Qualitas Energy starts construction of 42 MW Ingstetten wind farm in Germany - Energy Global,https://news.google.com/rss/articles/CBMiwgFBVV95cUxOWDViXzdKbE1xUHlwa2VkZERIQkRmd2pPckZNNm1EaDNySHAyVGxDcE1HZEJuenFEZk8ybWpjVHhWbUI3Y0dFLWdUMlhvelFJVlNnMzZkR0JyeHVHSFRvVmhpRVRnSVJjQmVnZnhnYU5VamRzM2lKLWN2LVZlSFY4TkxUeFFXQkZfbmhCSFhaU0xQYjhtRVMzQzFPdktrejdTaHJ6UDU0LXR3LU1odV9yNUxPU3hqUldUM1cyYTNPY0hVQQ?oc=5,MW,Qualitas Energy starts construction of 42 MW Ingstetten wind farm in Germany Energy Global
2026-08-04 08:57,"Suzlon Energy Q1 FY27 Revenue Jumps 23% to ₹3,819 Cr; Order Book Strong - Whalesbook",https://news.google.com/rss/articles/CBMilAJBVV95cUxPZ05ZbDVpOFV0SVZTdG4yeW5JNl95TDZLVEFEdkU2bDRlUWhrNFBEdmFLbjBKYXcweDVCN3FxZVpGX3VTYnNLSXhSbGNnU2lkVzI4VXFCLU1YOEtuYUFWcHFpcGRRTHVNWkJ1OFU0azJBQ3ZITm5mYzJpRWM1ZmpQdm5vZkYwWlk3YnJrYnF6MkJfekYtRk8yeFJPcnJDVFNVTjBIM0ltRV9BT0dYbXRESkdXem1aVUd4MFpxdXZ4Vml4Vk5Ua2wtOUt3WXJIRXhIU09fYjkzdWo4cjVQUkpyTHNKUmkyeWluVUJQdC1NUlNOVHV4NEdCd0k5VzRGdmpyX21YOXRIU0xuWXBJMGZ2SXVncGk?oc=5,order,"Suzlon Energy Q1 FY27 Revenue Jumps 23% to ₹3,819 Cr; Order Book Strong Whalesbook"
2026-08-04 04:15,"4 Smallcap Stocks With a Combined Order Book of Over ₹190,000 Cr To Keep On Your Radar - tradebrains.in",https://news.google.com/rss/articles/CBMirAFBVV95cUxPVDJMME1LbWdsVGhsN2htYWpUeWRJTkVOUVJWMFBPTzN6OUlCSlRoUWN2b1RHN0FHNmlMOGhzNmJhNXJRSlJVZTdsb1RWT3RWeDhWaUV2aXZMWTJEZi1tLU80UndXakF0SDZ0UEl2alVHYkF0dkw5QzRBLVY5bXU3RDFNUmEyanowVGJJNG9BZTVBY3FRS3BKZzAtUnVBYVBCdUFtQXdsb3J1Z1ZE?oc=5,order,"4 Smallcap Stocks With a Combined Order Book of Over ₹190,000 Cr To Keep On Your Radar tradebrains.in"
2026-08-04 14:01,Vattenfall expects new hires and investments after offshore win in Denmark - EnergyWatch,https://news.google.com/rss/articles/CBMia0FVX3lxTE5nT0hPb0plRDNfNmVTSGp2ZnBRci1aU1RiSTZNcEJ3Q0Q4d0NVWTdmVVJRLWNhWHd0N0hLT1UtQ2VvNnNKUDNDbEpwd2psZ1AxVzB5cVM1U1c2RVM1UTg4ZkNsYmlQTnlIN0ZF?oc=5,offshore,Vattenfall expects new hires and investments after offshore win in Denmark EnergyWatch
2026-08-04 07:32,UPDATED: Vattenfall wins Danish offshore wind tender - reNEWS,https://news.google.com/rss/articles/CBMiigFBVV95cUxPRzdNZG5mLWx2dG4ybHBIQjdrUHh2QnFKUjA0N0l6dVA2c2VKMzVHZXcyRVh6VTE1Vk1Jbkt6VnFZQnNYR25aRmRoUXBzY1YwQUk4RGVacWhXNjVPajVsQURMeXJkX1lkbzRXQlNSZjE0SVJ3cnBCR2hMVHU2N1RXZXdVUnExLUJNMWc?oc=5,offshore,UPDATED: Vattenfall wins Danish offshore wind tender reNEWS
2026-08-04 09:25,Danish Chamber of Commerce: New offshore wind farms could trigger investments totaling EUR 6.3bn - EnergyWatch,https://news.google.com/rss/articles/CBMia0FVX3lxTE5IMEhkLUJzOW1QVkNWV2dTRHhpaDY4REhlS1VYT3hneVpnQUZsdFF5d0NuOVAtLWozQXpPSHQ2azFYZjlEZGE4T1RycXAzXzYyTDZMTjY2WXF3ZTFwZHNxWEhjYW5UMXVUcl93?oc=5,offshore,Danish Chamber of Commerce: New offshore wind farms could trigger investments totaling EUR 6.3bn EnergyWatch
2026-08-04 10:11,Vattenfall set to more than double offshore wind capacity in Denmark on “attractive terms” - EnergyWatch,https://news.google.com/rss/articles/CBMia0FVX3lxTFBGWDgybTZsTVEzUjR6MlpJcElCR2VMb3MtaVlPNXdralpsV3EzUTJrUF9kTmRLZldPTEtzWnhsaS1rNmN0SDdXdVFQcTg4RVB3SlZ3TUdqVlZlSF9GaHpjb0RIRDcwRkQxbktB?oc=5,offshore,Vattenfall set to more than double offshore wind capacity in Denmark on “attractive terms” EnergyWatch
2026-08-04 14:09,"Ørsted's Offshore Wind Project Ended, but Cape May Still Receives $500K From Developer-Funded Trust - Shore News Network",https://news.google.com/rss/articles/CBMiygFBVV95cUxNOW5wV3daVHhuWTlPM3B4ZWdWai1uYWRSOURyV1BJN3VmNGJyWXp2NEVxTWc3dVFRLXJGLUxqaldWTDlmOXNHaEY1NHZiSDhQaGhabm5kUjYxUm9TV1UxSVlXTU5WM3BpWm16ZUl1bGFNN1k0a3JWcWQ2OUxraU9CMTIzS2JySkx6UXJvajd1NkRzVjhzTUJIS0oyeXBuRmNRSGFMLWlQUXZWRG1BX1d2N1JPUFFRN2pUeVItdUVBc0VBZXhXWWs2b1Jn?oc=5,offshore,"Ørsted's Offshore Wind Project Ended, but Cape May Still Receives $500K From Developer-Funded Trust Shore News Network"
2026-08-04 09:31,AI Boom Drives Solar Power Demand: RWE Signs 155 MW Solar PPA with Google in Oklahoma - renewable-energy-industry.com,https://news.google.com/rss/articles/CBMi5AFBVV95cUxNeHJBMGpIQVk3T2FwTnRXS0FTWU5pOUVoOW9EaXdkQUQ5a0JOalBJZnhKSEx2cHFaa0M2ZGZURWJBVXdWQ3Zjem5NRU5QbWk1YWpuVk9JeDlUNGEtV3hocnJzaVNEZjVKb081ZUVvb0FRd1ZlTWtRTTdJdWllcy1uZ0djV3M5bEtmQl9CUGxyenBCUjlST1dFeWpaQnZ1VDFCUFVBTjE4UjBVQkZLNV9XM09sRlpNVk9iZmU5MHNjbDVEX2VQNHhmN0FLTWp1THJUV3kzLWhneWlibkRkYW8wUm9HbkY?oc=5,MW,AI Boom Drives Solar Power Demand: RWE Signs 155 MW Solar PPA with Google in Oklahoma renewable-energy-industry.com
2026-08-04 03:34,"RWE, Google Sign 15-Year PPA for 155 MW Crooked Creek Solar Project in Oklahoma - SolarQuarter",https://news.google.com/rss/articles/CBMitgFBVV95cUxPVEZKb2Y2cTFJRjd0dHJyRG5EaUlwT3B5NTg3U2U3Z1VkWC0xVFNOWWVGMHU5bDl5SkZwNmxxck5LS0VoQl81bUdTTFpzZjA4SnRZYU51Y1dkQWJWRDRWdk5QUWU4SEFrOWFVZWl6V2FPRlpycXgxZTJZblJNZTBzMFZLQXN0dDhiSnRnc3JORkZYS2VkNU9iTUJuV3JBSEE3Z3NQSS1QUkp5cFpDWEdHT1lOYzdpQQ?oc=5,MW,"RWE, Google Sign 15-Year PPA for 155 MW Crooked Creek Solar Project in Oklahoma SolarQuarter"
2026-08-03 15:30,RWE and Google Sign 155 MW Solar Power Deal in Oklahoma - energynews.pro,https://news.google.com/rss/articles/CBMiiAFBVV95cUxQQkVvWDlpWTBmQm9FM2JwckJTRE5OMDU4XzRfWEVGTjNJWkxYZmJOVGc1cUpNejBJM2RqWUs2cm44Uld1VWNBMmdFRU1zRmgtODhxY0x5V2NtbWxHYnNJVXBwX0NvbS05eGZycXZVb3h4WFRRY2M4NnduZmUwRnloOTl2NHMwUEpy?oc=5,MW,RWE and Google Sign 155 MW Solar Power Deal in Oklahoma energynews.pro
2026-08-03 16:23,Dominion offshore wind project cost rises nearly $300M - Utility Dive,https://news.google.com/rss/articles/CBMimgFBVV95cUxPRF9vQkg0UFNtWTZPTmZXUUxKVVc0NWtzamJTejV3SnZ6ekJvWVNZNDZmd2dra3A0VDF6V0hQYXBvNVN2S0xabU0ycmhyMDZYa3hqckJmLTV4bWx0aXFySG9GWHdaVndQdWlPNUZoQXFXZzk4aFdtQllHY1pLZDNVTXFmOGZZeUtlYTloNXkyVkFuUnV6YmhkSk93?oc=5,offshore,Dominion offshore wind project cost rises nearly $300M Utility Dive
2026-08-03 16:29,Dominion’s Q2 Earnings Beat by 17%. Its Offshore Wind Project Just Slipped Six Months. - tikr.com,https://news.google.com/rss/articles/CBMirAFBVV95cUxOWTI5M3lxR2NEbm9UVEJPSkFJUlNJYTJFUGcxRUZBZFFJa3JlTGRZcnYtS0FFdDBBRVlSRzFsLWFRV3B6LV9rWHJkMUhtYW5VdDFFNHJfUnBNRDdydnJQZVZ0NWx5R2oxdFRLTmo2cnNHZi1HeVpwdW41dUVpY3RGMkNDTFVQSElsUk5NZkVXc3FOSmlMR1VuX0hBbllXT0VMZ2FJNk82QnFCOGxD?oc=5,offshore,Dominion’s Q2 Earnings Beat by 17%. Its Offshore Wind Project Just Slipped Six Months. tikr.com
2026-08-04 10:50,Petrobras Makes Offshore Gas Discovery in Colombian Deepwater Block - Offshore Engineer Magazine,https://news.google.com/rss/articles/CBMirgFBVV95cUxPbG9fNTdCQTIxT1B2dXpuRmRYek4tVklCS2NrQnBIMG1wNEc3SEdqRnB1R0JDcFFwdWNIUWU4S05tUG5yTW9nNE9CenFvM1dpc1JYeEs1b19uMVZiRjVxX19VSUxNeVl5N3o3WkpIUmo2aDlpZ1JUS21UbzJOcWM0UDV3TldBTnktU3VEZEtsdW5yVjFXVV9ZblVySVVfMmNldmNzWXZZRUhTYWw3cEE?oc=5,offshore,Petrobras Makes Offshore Gas Discovery in Colombian Deepwater Block Offshore Engineer Magazine
2026-08-05 05:18,First of dozens of 80 metre-long turbine blades arrives at first new wind farm in state’s main grid f... - Renew Economy,https://news.google.com/rss/articles/CBMi2AFBVV95cUxQd1dlWXJLQ0VyU0V4eFJDenQtMm0xZjNqNW1GN0RuRzRBaERZZ0pibGFTQmRmekNCVTdnSC14R0dZQkpNQWJ1dURiN2QySFlBc0pXOHJXWTFDdER1ZkRkcWh0eFFnSlJwTGNSUzlUajQ5cDQ1LW1qNEZqcUlQbHl4NjAyLXlrcWlDNVl4NUlQZU4yanVpcDBiSTZBWEt3bVVfUFd1LS15bGZfeUk0cHJHWjJSS0xiNUZwaXNEZkZjRXl6TGVKamlLWFplU3BCa3pOQUdQRHZOQk7SAdgBQVVfeXFMUHdXZVlyS0NFclNFeHhSQ3p0LTJtMWYzajVtRjdEbkc0QWhEWWdKYmxhU0JkZnpDQlU3Z0gteEdHWUJKTUFidXVEYjdkMkhZQXNKVzhyV1kxQ3REdWZEZHFodHhRZ0pScExjUlM5VGo0OXA0NS1tajRGanFJUGx5eDYwMi15a3FpQzVZeDVJUGVOMmp1aXAwYkk2QVhLd21VX1BXdS0teWxmX3lJNHByR1oyUktMYjVGcGlzRGZGY0V5ekxlSmppS1haZVNwQmt6TkFHUER2TkJO?oc=5,turbine,First of dozens of 80 metre-long turbine blades arrives at first new wind farm in state’s main grid f... Renew Economy
2026-08-05 07:50,"Floating Offshore Wind Market Size, Share | CAGR 43.6% - Market.us",https://news.google.com/rss/articles/CBMiZkFVX3lxTFBIa2JqVngxMVctSkp4MmRHZkxNZnFOWVlYSTBReXJ0VVFjbDRWU3d1ZTA3VEViUE1OclpWM0FWVTR6d0FwaEo2SU1XYlVzRkVkZW9QMmMzTFRza0diaVJMVy1BTjI4QQ?oc=5,"offshore, floating","Floating Offshore Wind Market Size, Share | CAGR 43.6% Market.us"
2026-08-05 10:12,EDPR wins enviromental approval for 24.2-MW wind project in Spain - renewablesnow.com,https://news.google.com/rss/articles/CBMiqAFBVV95cUxPaWt3UkowY2xtYWpuY1lfNW1kNUZYcldtbGUyMGNYZEswT2JLWjlIbzN2UEhTMTIyRFVkaXBWclRQQktqajNnbVhmU21vWXYtRmphUXk0dGhvbFR5N2NrM3lzYm0yb29jRkpXTGJBU3pib2c2SHNOa05UU0QyazhqZ3Y5OTVib2JBc0ZVdUtyZmhLd2o4bEZrUEM1WlduWlpsRTlOZ0ozbGU?oc=5,MW,EDPR wins enviromental approval for 24.2-MW wind project in Spain renewablesnow.com
2026-08-05 05:22,Why Vattenfall bid 'aggressively' to shut out rivals in Danish offshore wind auction - Recharge News,https://news.google.com/rss/articles/CBMizAFBVV95cUxOS1hUekxfZkY2MC1RVUlCZVk4aDllTjNjZXpja2dDaDRIMVhqWkJ2RXlWU3loRHlDVkhYQ016cVh5R0RjSnRPNnN0TDkwd3o5UjVfbUlKVjlCMkx2ZVdJX0dmN0Zoa1NOLUR5R0JkWVJZUkNvYkpGWi15Y0steDRlRUxnMU1vV0J1RzV4X2V5Z3JqbHhYZDhtSVYwVUdicmw4cjJtYVI1RTZqc3hhaFVJX2o4c25RQjJmc1VEMFRjUjVtMTRIZUh5M1hna2k?oc=5,offshore,Why Vattenfall bid 'aggressively' to shut out rivals in Danish offshore wind auction Recharge News
2026-08-05 07:59,GE Vernova to supply 43 wind turbines for Enfinity Global’s Fatehgarh site - Power Technology,https://news.google.com/rss/articles/CBMiekFVX3lxTE95ZEVnQldFT3BoYkFtUVljaDZSRmFoSUJ0empUbXR2UUJWVzQtNTlTOE5MUmdqWHYtc3F0MUpOOG93VnNvbFJxUFBOSk94d3hXZkc2OVVMY2R4dWt3SEFDNW5ZSHV4NlZ4cUJGM2s1dksyUXVsaTFLTkNB?oc=5,supply,GE Vernova to supply 43 wind turbines for Enfinity Global’s Fatehgarh site Power Technology
2026-08-05 07:06,GE Vernova secures 163.4 MW wind order - Transformer Magazine,https://news.google.com/rss/articles/CBMigwFBVV95cUxOQTFIYnRkSnF1WGNfNUNaZHZ5YldMa3hBODhyN2ZuNHBFYTZlT1pHVHlHMVlyeTIxWWY3YkNKTHdlUzZ3TUlqUVpEY1h3WkxHcUlnRmVvcFNmMjlQT0g3d20zcTRiZjVrY1ZxbkdGZ3NYN010bExsYjNmbzA3WEEwVnhIaw?oc=5,"order, MW",GE Vernova secures 163.4 MW wind order Transformer Magazine
2026-08-05 06:14,GE Vernova to Supply 43 Wind Turbines for Enfinity Global's Rajasthan Wind Farm - WindInsider,https://news.google.com/rss/articles/CBMitAFBVV95cUxQdXlnWnJLbGMwN3RlNHFlOF9FZlVQUlg2Mi1uWWU5a3V4aVhRUTVDMHBqekxET0xpU1hGdnExOU94SEdFbFVnSzFvZkxuQlFsXzM3MGdQT1NwbC1WX19rZDZaSlhGdElaZm1HYkNrZ1FxY3BvNTMydnBYZjNYOFQ5c3kzeF9ad3dnem02NXhndFJlSklvSHJseHlLUGRSdTRUSzQ4SHZCSHphWERMbWNwM193a0vSAboBQVVfeXFMT2ctVks5akV0WHlTZ29XRHliRHJCN1l2OENRQVRET2o4eVozWkdmeEFzbFVreXZjcXRxVXpKNzBLNVRZVU9Rd28xSmtWNUpvZjFmZ2lrblFlcVVLMnhEb2VSaEFnejI2cGw5MmNoRy1fSnRyRlVBWE55TnREOU1IaGQ2a2tWMllVYklRZ01hSzFlemRuSlE1M3h2Ri1vRG1ZSV9sR1h5T1Fwd1pEamR6VEZ1VVpwZmZpcDd3?oc=5,supply,GE Vernova to Supply 43 Wind Turbines for Enfinity Global's Rajasthan Wind Farm WindInsider
2026-08-05 10:57,GE Vernova to Supply 43 Wind Turbines for Enfinity Global's Rajasthan Wind Farm - Energetica India Magazine,https://news.google.com/rss/articles/CBMitwFBVV95cUxPSktRRUt3Q2NkQ09ZNHZjcTBKbFVRWTJZNUlMbmVvWGtFWWY4TzM5a1lkbW9wRVlUWUMxaUxORjVhWmdZeWNmZEtGZ2R4NlBvc1R3bnRPY19PekRBYy1DSFRNQ0hyT2ZXRGVBeXdicHU1b3pPZFNEZEw2RjladGd5dkQwbnpHSGI1dmhIQVNpdGk1MklpZUFvMlBiOF9LNHE4eDlWWjVLVzJJYXJ3LTUtVkVmX0ppZHc?oc=5,supply,GE Vernova to Supply 43 Wind Turbines for Enfinity Global's Rajasthan Wind Farm Energetica India Magazine
2026-08-05 02:18,GE Vernova to supply 43 turbines for Enfinity Global's India wind project - Asian Power,https://news.google.com/rss/articles/CBMimgFBVV95cUxPSGdnWlJhbVVmWk55N0tsMW5BZHA5dDZsTGRHX1owTEhKM21ESFNzXzlEN3NTWlZPSlh1NkJtd3RBNHpGZm1wV2lnaHZjTk1ieEFOejNZLXJheGFvRXhybmF0ZXRsdks3UFpFTV9mSl9fMEVUS2tBdzFrTzV0WDBHOTFjVU5zc0gtSXVXWkFRc1I1UlhIOVR5SzBR?oc=5,supply,GE Vernova to supply 43 turbines for Enfinity Global's India wind project Asian Power
2026-08-05 03:44,Rajasthan: GE Vernova Wins 163.4 MW Wind Order for Enfinity's Fatehgarh Wind Farm - Saur Energy,https://news.google.com/rss/articles/CBMizAFBVV95cUxQeEpiQWxWb09jUU0zb1g1UEQtTXdyYUhsUjdGSlFQOHNPbXlhQ0dUMEZBRFFtejR6cnJQQ3ZDbVhhaTRWek9ZTUFDUmI1MTFpRkdYbXY1NDJ2cS11dmMtRG9xQjREeFlfa0Ntejczei1DZEc1dTVKa2dXdnJDTjgybWx6ckpNQ1JPTEFaU1BDdVdHM3hOVEZ2LVhVNGt6Y3pTMUhGMzh1dnNvTDhsVUNWSVFWdXBhU1JPckFZRTRXaFVIbzZSUk40d0NxUWs?oc=5,"order, MW",Rajasthan: GE Vernova Wins 163.4 MW Wind Order for Enfinity's Fatehgarh Wind Farm Saur Energy
2026-08-05 13:04,Goldwind installs all turbine at 206-MW wind farm in Georgia - renewablesnow.com,https://news.google.com/rss/articles/CBMiogFBVV95cUxQTVJxcjBtTXN5OG9mVS1reHRtb09iWk9XZEJoRG4tRVpfc3dWdzVRX2xfNmlxLUs1cU1uNmtlZzhheFlLZHNRN0FhWGdiWDI0ZkZPV3hEa1VvMmJIUk5BZkFVX0NVb0dYQnpwLXQxN2FYNnh3M2hHVDdyUDRaMVIxTVhMVVUzd29DeFh5VzlDekFyY18xaEZpU3ZsWWtLT1BwNmc?oc=5,"MW, turbine",Goldwind installs all turbine at 206-MW wind farm in Georgia renewablesnow.com
2026-08-05 09:24,Goldwind to supply 90 MW of turbines for wind project in Thailand - renewablesnow.com,https://news.google.com/rss/articles/CBMiqAFBVV95cUxQNk5vdUFWaDBsZXZ3WlNWMkdDbkxUOEpHQ0t2eTNnYmNScnJ4Y3lReFFzTzEzMlBIMnlLWGt0TTRxSlhSTzlLdDFTOWdpRGhrTmtxUzd6OHNkdHBtVEdyWE5ORkp4bU9ZRDVQenowR1JhZWRVbUp5VjE0dFdwWW1wVm9IVWxKVTRvSmlpcEhRd1NnNE92MVNRa25TYmZVZHdPZnVkT0tuRTI?oc=5,"MW, supply",Goldwind to supply 90 MW of turbines for wind project in Thailand renewablesnow.com
2026-08-05 11:18,South Africa Backs Sasol–Envision Partnership To Advance Green Hydrogen Production - SolarQuarter,https://news.google.com/rss/articles/CBMiuwFBVV95cUxNLVJSSGY0Wk1tMnVETFBKa1BZcG9NWnJvLW1pelRtbkRLOW4xU2hIVmlHX19WU0lvOTVWd1Vfdmh0a2lGR095N3ZEVk4taTBoeTdBM1hoaTRBYi1XV2RrMWxQRU5iWFBEODlZQ1l6VVEzNHczd2JWemxJWDFPa2IxMWl6ajJaYWV6b09YMWoyS0FhMUZiODNjUV9FOUJTdDBaNWdKR09Ld1l3OVZZcTY0TVN3VVZ2WUE0bDNB?oc=5,partnership,South Africa Backs Sasol–Envision Partnership To Advance Green Hydrogen Production SolarQuarter
2026-08-05 10:10,Utility strikes 'near-gigawatt' UK wind turbine supply agreement - Recharge News,https://news.google.com/rss/articles/CBMiswFBVV95cUxNV3c3RmdZc0diYkZRb2N3V1dBMlFMWlZvZENwdHcyREFYd25pY1FoVDJLdDExenZoSW95VXRxMTAtN2s1X1YxWnI0TDU0T2ZKZzY0NF9BaGFSRlFwaFNlRFRBOU1TMlVtOVg4LTFudS1FaW5DLUxPTExYUS13dXZKYm95ZHpOR3g5WjlGWjg4XzJhU0t2WDhrV3lFZGdQRmZHWDJRUjFDVXFkVHZIUVBGdkFfVQ?oc=5,"gigawatt, turbine, supply",Utility strikes 'near-gigawatt' UK wind turbine supply agreement Recharge News
2026-08-05 08:03,"EDF, Nordex ink 900-MW turbine deal for UK onshore wind projects - renewablesnow.com",https://news.google.com/rss/articles/CBMipgFBVV95cUxNRzZhZDYya3NmbFFWazljQUhYTWJ6NVpYd19OcmZKT1VNTFFtY3RGaTlOaXdkR3pBdXY4MGhBRWEwZkhkYzhyUnFmeW1QQW9HbXBNZFV2RGVfY1dac3QxX0tmODhhWW5WMjZpWkRpZW5oLTZ0aUpUWU9jVmR6aWtCQmhkdmNDZFpYZm0xRmk4UFh4YnoyMlptTmRubjZtVGM4NEszZTFB?oc=5,"MW, onshore, turbine","EDF, Nordex ink 900-MW turbine deal for UK onshore wind projects renewablesnow.com"
2026-08-05 07:13,EDF signs 900MW Nordex UK turbine deal - reNEWS,https://news.google.com/rss/articles/CBMigAFBVV95cUxQZEdEU0t0bmNYcXc1ZGNfblJOaGRBcUhoeVdHVF9HRzVZSVdnZlB4dTVkbVJtSFNLcjh0RzR0ZnRadTdVX0JuOGV3YktBSVJta3pCSW9mdlZmdFFIRkFKSHRfdWtvZUZNeGd4VmFGZEpZQjBxUGt0QUZFT2xYTS1qdg?oc=5,turbine,EDF signs 900MW Nordex UK turbine deal reNEWS
2026-08-04 20:32,Nordex Group Secures New U.S. Orders Totaling More Than 480 MW - Yahoo Finance,https://news.google.com/rss/articles/CBMijwFBVV95cUxPRkxab3h0U2pNZ21TZ0RaVkJudXZYXzlKMTR2eVliU1RHa0pwT3ZjSUVKemo0aXZrWTVmVzZ5aU95Y0NVc1FfMnIyc2x6eUpmUUFjWEpkMndDYVZ5ZFBVQ09fQ3BDNWEtWVA3Z2JRTHJ3UGNPZTU3Wlhwd2RSZzFQWTV5WElVM285dl9naDQ3WQ?oc=5,"orders, MW",Nordex Group Secures New U.S. Orders Totaling More Than 480 MW Yahoo Finance
2026-08-05 05:53,"Wind Turbine Manufacturers-body seek export-linked incentives, PLI for forging facilities to make indigenous products competitive - The Hindu",https://news.google.com/rss/articles/CBMijwJBVV95cUxNblRjWWN3UllvUDBLSWZJLUhlVFNLY2doWFpxVEhtS2VjNWIzQ1Q1T044bHZSQlFhOWJkckNLeGlkNER6TFF1VXlXY1FheXZjODJsOUtKWlVHVXI3dXhINDlNTkstWGRjMUpkWkNaeFowbTlWLWNQWS1BanM0bWRSOUsxcllPbWxydlVmZWJYQk9VVXhkbU5SRWVfYm9TTnA3bUJmeVdkemQ0ZWZtemRNV3R0OE40QmRrdGJudDd2emZkTDFsamsyMlJQYkV5WXJSamZNcHNrYkJqZGhqZlk0YnFfR3VPeWpWRC1OOXF5UTZLUDFTcXVqREZZLVJnamdQSjRkNW5HMy1PZktYdlVr0gGWAkFVX3lxTE5nUDBDTElOTkhXc1k5cmNpOUpqbGxsOGstYy1abGM4VEtmdzJtTnBndXpmcFAyRDRJN3ExN1k5NGF4Nm52NXZCaFVhVDJmcTNvVWYxX3BRTG9nQjJzWWZIUzJLblAzYnU1MGtPMVhMeENHU3JHOTNFZmpRUGNvZ3VUdDFUUldDcm5HVWtwZ0xKcm9nOGxqejJ3bm4zcV9zTjlMYVRZWU5JWnpHLTR1Y0NTWE1rNTBfS185MkFZenMtQkhEUVEwcXNZdkNFLVZNUm9weHdkU3N0aG1yYlE5VFczdHdidUt4Q1hHUFpXQ2RtRno5WUp3UWdOMTRWcUtuQ2F4eFk4cXBVbFA3VVI0NU1pVXk3a1Vn?oc=5,turbine,"Wind Turbine Manufacturers-body seek export-linked incentives, PLI for forging facilities to make indigenous products competitive The Hindu"
2026-08-05 10:23,Offshore Wind Projects Clear One Gate and Fail the Next - DredgeWire,https://news.google.com/rss/articles/CBMihgFBVV95cUxObE9yNTlxR0pmTlhqRlpjRWVXQnpkMnViSVFORmhMRHh0VEZndks3MElQc0Z2UjVMRlpjcEQ2bmx6UUpxVl9oZWhqUTBXWHltV1dQZTRpd1kyY3RjOGxDX1ZHRFRjcEJKc0NsZTRDcWl1MmxTSTBHbF9fbmJUWndCZzRKOGU4Zw?oc=5,offshore,Offshore Wind Projects Clear One Gate and Fail the Next DredgeWire
2026-08-05 12:00,"The 1,840-ton steel tubes going under Britain's biggest wind farm are arriving from Bilbao and from a Chinese yard that finished its entire share in June, and the factory built on Teesside to make them lost the contract before it rolled a single one - Autonocion.com",https://news.google.com/rss/articles/CBMigwFBVV95cUxQaUpWSEQtX3RUWjZZOU8xdkxkYXdndVpuZy1kTktzcWI5X0VqdXNLR3ZWc1FyQjlfeEJoTlp4UElpSjFTMUp4UXRhSllEUXBadHF3enFucFJmaElKcExKYTNhZG5rT0ZmU1pKMDI1WFhuSHh4V0ZONjRLSzUxT3F2YW5jRQ?oc=5,"contract, factory","The 1,840-ton steel tubes going under Britain's biggest wind farm are arriving from Bilbao and from a Chinese yard that finished its entire share in June, and the factory built on Teesside to make them lost the contract before it rolled a single one Autonocion.com"
2026-08-05 10:26,North Star announces £275 million financing for offshore wind fleet - 4C Offshore,https://news.google.com/rss/articles/CBMirgFBVV95cUxPaXM5MW5XUkR5V29yN0Zpd0ExUHptd084Ykl0S0NGNGxSY1k5VkxYMjRXRUpHRDBhWVlwcnZUbFIwc2RNcEozQXItYzJCaTE0SGRmMzZDaXhxMlB6X29zZHdyVTFRQ3J5RHhyOGwtN2xfTEpFa0xoVE1ZenRrbldyanVuQ0FmUzNsSFkwZzMtT2o0OXJvWTlUR1F0aDFzR1pFeUJwQ2Y3cGtZYTZIYlE?oc=5,offshore,North Star announces £275 million financing for offshore wind fleet 4C Offshore
2026-08-05 12:35,Google secures 155 MW Oklahoma solar project in 15-year clean energy agreement - Interesting Engineering,https://news.google.com/rss/articles/CBMigAFBVV95cUxQX2M0MEVBa185R0Y0UWJJbnNtTlZBY1RWVEl2a3UzMUxSbjFqU1g0TWd2QjRoYThyMWdtWHd4dy1zMUt3dXprbmtDLTNOSThlOElaQ3B6SGlJUzFBcUFFMnFpay1KMTZWX2t1a1RlZlNnR0FMQ1JYU3pMcVgzN2lIeg?oc=5,MW,Google secures 155 MW Oklahoma solar project in 15-year clean energy agreement Interesting Engineering
2026-08-05 08:50,50Hertz Sounding Out SOV Market for Baltic Sea Offshore Grid Platforms - offshoreWIND.biz,https://news.google.com/rss/articles/CBMisAFBVV95cUxNMldUWXVYcHZDR0VNUzBOUnBfTGpxNjNkVmhocXozaDZIYnc5X1RsYnBER25FRk5obUNxdVFWODc5MTVmdHZMQklQZEg2RVBtMGRWUjA1RHhoNWdXUUNYb1ZkVFBnQjRMTFlPSUlNTWVQdFlwRS1XeUxoNmd3RU1ZNVBzc1Y0bGFYemJoakNOczVHZGc3SXg1Y1lBQXJWWXBYRjhvSFJSNE5TeTEyc01QTA?oc=5,offshore,50Hertz Sounding Out SOV Market for Baltic Sea Offshore Grid Platforms offshoreWIND.biz
2026-08-04 16:47,Dominion offshore wind project cost rises nearly $300M - ESG Dive,https://news.google.com/rss/articles/CBMijwFBVV95cUxNOXNCNWxPdHR1aEpndjl5RE9nc1hNc2pJWFlwQ2x5X2RoTEY5NnVyMjVlSkp4U0RVYkhoX1YzRXZFTzNXQ1cyajd5X1ZZN0M5eG03bC1yUHJXRkJxOWVZLThVbXZoRFlpNUtaejAzanptbE5MUEJPci1mUU1tOEJzcFVheHhDX1ltZnphamNyOA?oc=5,offshore,Dominion offshore wind project cost rises nearly $300M ESG Dive
2026-08-04 18:21,Dominion Energy’s Offshore Wind Cost Overruns & Delays Just Keep Coming - nlpc.org,https://news.google.com/rss/articles/CBMitAFBVV95cUxQanR6dHZoeUViVlFoU25vZHR2cmo0MFRZSVFXQUhobWZ0dURQX0dVN1ZzSUNoVnFQbXJHVHpPcDBxbUtlTnpaVWs3N0sxTmhKa2NBNERUQVZaOTVtTG1UUE9Ic25CaFNDb293cTNOakdJZTRPaGJHcE5MclZSV2JLS1dyUnhUUHRFMkNxMVcydXdnX2Y2Wlg4NUZWZEg5TDZTaXBtVWpycHNTOXhTWDhOOUN1dm8?oc=5,offshore,Dominion Energy’s Offshore Wind Cost Overruns & Delays Just Keep Coming nlpc.org
2026-08-04 22:59,Logan County Commissioners approve battery energy storage facility - Sterling Journal-Advocate,https://news.google.com/rss/articles/CBMisAFBVV95cUxPSGVFUGdGZ2NaZW5xUVgySXIxcUhTOXNER0JIb3lNdlZqZm1fek85ZnpZNnlPNWpxWXVPTlU2VFNCQVhaaVBlMEhMelRZSWNrMHV1ajZ5MTJ0TkkwYTYwdTBNYzd5V1J3QVpQZXU5U2VEenpDeGRWd3lrMFRaTHN4ZTA2RjVLQjBBYTcxX0VOZmJYbUM0SE5tOHVnTlprNFBpbml5SjlCbjNWdDB6NDBPNQ?oc=5,facility,Logan County Commissioners approve battery energy storage facility Sterling Journal-Advocate
2026-08-05 00:19,Dominion Energy Raises Offshore Wind Project Cost to 11.7 Billion - sekbernews.id,https://news.google.com/rss/articles/CBMiekFVX3lxTE1QaWctczJtTUt4aHBtM0VlN1RsQzdVbzlCTUp3cjloZHlINEJWZ3ZSeFB4allMeWluY0xfVGtLcVVLSkdBS2NxU0VIUGYxNjVVRmZ4SHUtajRrOUt4TUdnYU52Y3RPcjlfVWxNYTlfZUVaVEJHalVnTG1n?oc=5,offshore,Dominion Energy Raises Offshore Wind Project Cost to 11.7 Billion sekbernews.id
2026-08-04 18:00,"A Dutch contractor just dropped 300,000 tons of rock onto 52 offshore wind foundations off the Dutch coast, more than four times the weight of the steel it is protecting, because the water running past each 30-foot pile digs a pit the tide never fills back in - Autonocion.com",https://news.google.com/rss/articles/CBMie0FVX3lxTE0yakpMYUM5WGRZZ2dKX0hWQ2J3OHFoaWljdFA0VEdZWVg0YW5DNFpDWXpIMW1XNldFQ0ZTX0txWC0zLW9td0x6M1ZXN1NnaTVMeS0yb0xGTjg0RXVlZnJfbGtuem42a3ZXZGh3eTBhaEk1VGxvNGhRT2Zicw?oc=5,offshore,"A Dutch contractor just dropped 300,000 tons of rock onto 52 offshore wind foundations off the Dutch coast, more than four times the weight of the steel it is protecting, because the water running past each 30-foot pile digs a pit the tide never fills back in Autonocion.com"
2026-08-06 10:18,"Export Cables, Offshore Substation In Place at - Offshore Engineer Magazine",https://news.google.com/rss/articles/CBMiuAFBVV95cUxOaERSMjRwbDhZc1FtTmY4TWNvdTZEX1V3dzVkMk82a3dIR19JcS11NTBEeGpzMGswTVN0blFPVThEQ3ljVFoxZHlxZnJsSjZ4bDloTjQ3eWJtTTQ1UDJJMTlJNWVkMUJsaXQ4cFAtWnlUSEdwUVVUMXBrVU9RQ05ESW82RDZYWWNNMThpMElTemlxRmVOVWc4ZlgwQ0VFVVQybFlHNHhBV3JYQkN5Njk4UVp4amI4c1Zu?oc=5,offshore,"Export Cables, Offshore Substation In Place at Offshore Engineer Magazine"
2026-08-05 19:51,GE Vernova will supply wind turbines for a project in India - Inspenet,https://news.google.com/rss/articles/CBMibEFVX3lxTFBHa0t2SzVNckxZZGJjc09DVjAwSEwtY3U5ZDB6T3hfQ0VEU2t0cGN1WlhnQW5QbnVGQjVFY0Q5U0o4bk1MTHJnQmxCNWp1STV5TDVfLXMyWGVMVTY4YVhGMWMyVzd3TXJkSmVsMw?oc=5,supply,GE Vernova will supply wind turbines for a project in India Inspenet
2026-08-06 10:24,Eurus commences work on 29.4-MW wind project in Aomori - renewablesnow.com,https://news.google.com/rss/articles/CBMimgFBVV95cUxONWpNRmU1M3pYNG9PZjdYRHZ4bjR6dUpxNXQxRlRjbUM4TjQ4N1g2aXQtVmkzX2xpMGpYa3BhT3FRSjhXemlEQVR4T1ZPbFBxbS0tMmVxVThYUVRMSlhudnFMY0NRYXRia01iV0NEZDhQSjhQWWZoYUNlWHpQQ2ozYmZ2b2Vvbld2N3NOUExmNE1JbHFiLVVaUldR?oc=5,MW,Eurus commences work on 29.4-MW wind project in Aomori renewablesnow.com
2026-08-06 06:21,Terra Clean Invites Bids For 200 MW ISTS-Connected Wind Project In Karnataka - WindInsider,https://news.google.com/rss/articles/CBMisgFBVV95cUxQX1VoeTRRUTNZdUNvMXJyRFVXU0pEdDlNVC1VWWlKSHNFZTF4d2dVZ05wZ2l0cV9IcGZOTzFNQTRiM2JWOG1PQ1VnUHpTQ2JYSXJXdWtMT3Jrc21LVnNWM04zMGczTlAtcC1KcDBrUHhnY201R1FTUS1EWEY4Q092WjhER3J3enFHWjY3eXVNNUNuTDBUNjYyUzkxdVFhTFh4VjVlSHl4RDJsQTVTWnUtZS130gG3AUFVX3lxTE9UY3Q3S3QydUhNcWhLYzl2S0pBT3NmcnpzX2V1WldSTFpSNHBBN1pKcjBYQmIzb2plVU1OZFdyaFA4alhRT2JNS0dJcm95S2lxOHNCREhxQm9OXzdwWFcxTGpZdTROOGNKeF9Zd3phbGtaRUlMVU1vdXZ1Q2otdnlWZnBoZktQUEJjcGEwOERPVk10NlVWYzJLdUZKSDRXUVVKWWhfNlljT2M5ODlFN2hKYUg1MG5zdw?oc=5,MW,Terra Clean Invites Bids For 200 MW ISTS-Connected Wind Project In Karnataka WindInsider
2026-08-06 10:52,Envision Energy Secures Its Largest 200 MW Nearshore Wind Project in Vietnam with REE Energy - ANTARA News,https://news.google.com/rss/articles/CBMiygFBVV95cUxNMUFGMWozSElJVkQ4N0JCR3pYSzNJTk5NdXNKMGFsMzRVOXBHMkZ0cGxmZFFqYUh6Mm1SX1l4Y2Q1S3YxUGIyUFdISk5JSFpLeU9ua1VvUnlGMzlDWU43VFVQRVZGajBuZ2xWdUQxQjFNNlNnOW1vS1EtMFVDLUZGM1NDbGNUUnFjQkxCRHZnd21STF9xN2pvbnBCZ1U4T0lwclh5LVVPeW92UUxzZ3J1R3NDUGtFSGE4azVELWZUaXFnak4wcUJuMXZB0gHPAUFVX3lxTE1NT0RGTkFJTVZDbnZKWThYQ3JyOUpOdUFQd0VSb1R0cklhbVowMWhhMUM0WlNKQm13VXh2ZXg4eGVQVFQ2RVNfbDMxQng5ajdna29pZllibnlxYkh6b1Q2MlRmWEpkUlo5LURTbFlMU29uWkVueVF0dTJkeVdwbGRYQTR1RXNiUmZBYzRNSC1NLWdHVmVaWDZGUGdxRVdfUmRac1IzRGVfVE1zbC13SnBuNXlvd3BZdzJSXzdsWHZ0YXdrSVV1OHpEZnFyNzViYw?oc=5,MW,Envision Energy Secures Its Largest 200 MW Nearshore Wind Project in Vietnam with REE Energy ANTARA News
2026-08-06 08:26,"Envision Energy Launches ""Galaxy Base"" in Ulanqab, Creating World's Largest Single-Site Green-Powered AI Supercomputing Facility - finance.biggo.com",https://news.google.com/rss/articles/CBMidkFVX3lxTE1SUWs1RUhRV21pUEljMWtYcWJMSEpuY09heV8wekJkS0kxN1l5Vksyb19UbnItVXYyUlJWbi1GVzNaeFZPUmNOc1hVR1IwQlZLYzF2Ym9rTndZX2pUZVdFdHBKRk00MTBkYURCVXN3aFQwY2d1UWc?oc=5,facility,"Envision Energy Launches ""Galaxy Base"" in Ulanqab, Creating World's Largest Single-Site Green-Powered AI Supercomputing Facility finance.biggo.com"
2026-08-06 09:53,"Envision Commissions Galaxy Campus in Ulanqab, Establishing a New Model for Gigawatt-Scale AI Infrastructure - PR Newswire UK",https://news.google.com/rss/articles/CBMi-AFBVV95cUxQSDRNTUtBQXJlN3Z6cWd1RVFNbXd5My1EVnItck1nWEFEOHlIRlJJWEI4YXFjMDkzYjBFMG1uSzllSXE5cm92ZnMyOHRha3kyUzJDdmxDbmFtd3lnSjY0MnI1Vmk0NThpOXFiNzM2UFNDcFpLeXBlNGQ5VVFjMDB4RlhTQ04wWVVHUHpVRkNReW1QbTdKT014VmMxZVE1QnNNTEhfLVVlREJmbGQtTDNqems0M1BwRF9hZFR0YVFybmFGSGtHdXM5Z2JwX3JZOXFRV25lWTVLTDY5dG9Cd2tnclNVTzBtZ0FIYXVSc3dxRFNybzhaSFM2Zw?oc=5,gigawatt,"Envision Commissions Galaxy Campus in Ulanqab, Establishing a New Model for Gigawatt-Scale AI Infrastructure PR Newswire UK"
2026-08-06 12:58,Ming Yang has expressed interest in upcoming Danish wind projects - 4C Offshore,https://news.google.com/rss/articles/CBMiqgFBVV95cUxNVFQwWUhVc05GaTBqZUdVb0JrR2ZPbWVCNFEwVGR6c25sc3Ezb0dpMWRHYTNTMW12ekZLTHVVWlpBRmh2M1I0cnBqR1BPTWxKQ1hkRk1VdDN4Rm82MGVQT0VaN0dwQTFNSFBLUjJiMW40a2doNUZOSndwclAwOVVTb0xCenluX29QVkE0UW5seDd2M2hMMFN4Q1ZVT1NnNm50Um9iOEhmcVY5UQ?oc=5,offshore,Ming Yang has expressed interest in upcoming Danish wind projects 4C Offshore
2026-08-06 07:22,Ming Yang ready to supply Danish offshore wind projects - EnergyWatch,https://news.google.com/rss/articles/CBMia0FVX3lxTFB2dUlfalhELTBYWGdJOWpmS0lDQnlIUVZ4STdRUmVtaHhaUTdtSzRPZm1nMXNURkNERF9tRDlYXzlZUTlvTGhSV0pnUExKRHIxWmJkVFNheGlSMEIwWWR5V3otZF9KN3NYSnJB?oc=5,"offshore, supply",Ming Yang ready to supply Danish offshore wind projects EnergyWatch
2026-08-05 18:10,Chinese Turbine Maker Targets Danish Offshore Wind Projects - Briefs Finance,https://news.google.com/rss/articles/CBMikgFBVV95cUxNaE9UREhvMERncFhBZ2hNWlphdWFyU1VOblBoS19aTW9FYS1rOU1zMFNDVEZGR3JvbTRjUVprS1llcVA1R24tX0FOcGVxMC01WVBjNjZReFpUOG83VzZ1TktuWld2MzRXMnJwWWlSVE9sSXBGWHFYVHQwQ05VUDYtZDVWM1JrU3ZYdEZHVkw3dHNVZw?oc=5,"offshore, turbine",Chinese Turbine Maker Targets Danish Offshore Wind Projects Briefs Finance
2026-08-06 10:51,Mingyang Smart Energy Limited and Guangdong MingYang Electric considering investment in Serbia and opening of factory for production of equipment for power systems - eKapija,https://news.google.com/rss/articles/CBMizwFBVV95cUxNMjlBd3lYbTBiY3NSVjJySHlmamFuMlkwYTFGZGlyRVVuRXBVMWpnb09Ec20wNGM5QjRWMUlvbzZ1NVg4bEZ5b3hTMkI4bzR4dnJTZ2xsLXhpbHloTS12emEwN3ZRZmFHemh2X1dCUXlSS19Oa3B2clR6cl9JT0R5RUdvX2pxTnJqWG83ZVJKRFMzOEhROFFoR2JLQjNkRUk5OXQtcEx4VFVENndzV2dWZ3RBY0h1ZmZYQWNpN2hIYWJyY2NmS0JBU2FLWHdHU2c?oc=5,factory,Mingyang Smart Energy Limited and Guangdong MingYang Electric considering investment in Serbia and opening of factory for production of equipment for power systems eKapija
2026-08-06 10:39,Mystery buyer for UK floating wind test site revealed - Wind Power Monthly,https://news.google.com/rss/articles/CBMinwFBVV95cUxPNUplREFoOGhVa3FpY09EUGpSbjlIdEFDanNvdmFEa2pqRnFNN2lteVl6Y2U4Zm1tcXdSYUticGRmcUpKOGhqeVd6dEtaa0s4QjlqQ205UEcxekdNZ200ZERyX3RqdWtGS21KS3FxTmtyWEpQVjc5SkJrOWd3a0lRdW5qS0lRM1duX2kycThSZ1NmMXctdl84alQ4MEN0WjQ?oc=5,floating,Mystery buyer for UK floating wind test site revealed Wind Power Monthly
2026-08-06 12:42,Nordex wins 525MW order in Türkiye - EnergyWatch,https://news.google.com/rss/articles/CBMia0FVX3lxTE1vU0ctSHZJOHpmU3pJMUlsV2xSNGtfb0NhSXJTdTNDOENrbTQtaWN6ZS1OOVZsczRoQ0VYNnBQdDJnTTRVWExlaUtBSHNkbDl1N1JrVmVXR3hPdTlxMmd6aHZoOHJYX29FZ253?oc=5,order,Nordex wins 525MW order in Türkiye EnergyWatch
2026-08-06 08:02,Singaporean giant buys Swedish floating TwinHub project for GBP 1 - EnergyWatch,https://news.google.com/rss/articles/CBMia0FVX3lxTFBjTVFLMzRmR2JkZmtFQlRUNnF1dzB3eVNMX0lpY3lsVklNUXlBM0NzMXNnVVNNRWFUZXFlTTN0bEtHZkpnUGotUHhOSG9TN1JiOHlOS3NoOHVLckxmU3BvZ19DTVVEaExGa3Nn?oc=5,floating,Singaporean giant buys Swedish floating TwinHub project for GBP 1 EnergyWatch
2026-08-06 11:20,"Nordex records a 32% year-over-year increase in second-quarter wind turbine orders, reaching 3.1 GW - Energies Media",https://news.google.com/rss/articles/CBMifkFVX3lxTE1aY1pTVTJNaTVlWTYzU1NXQm1MdEQ0bHRmOGFWNVlkcEVJVlF2N1AtM3loc3BEZHV4LU85di1wWEhvVWZ6UHdyUGJ6aFFGYVhZb0FQWnVRa1NGMGFvTm13Z3J6RnB3ZjJQa3NzVDV0SWloTUI3Y2puV3JiOTh6Zw?oc=5,"orders, GW, turbine","Nordex records a 32% year-over-year increase in second-quarter wind turbine orders, reaching 3.1 GW Energies Media"
2026-08-06 07:37,Nordex lands 525-MW wind turbine order from Turkerler - renewablesnow.com,https://news.google.com/rss/articles/CBMimAFBVV95cUxOWEtSc0FKSDU3R0pXckhOdDNtSUhtVUJJS01IVDNQSkNyOTFndjgzSFAtRUdhQmpHbEJrTlMzVjZTQ01fdWlSaGVuejNjb3NKNW1wS2ctNGVLVVRKbGc5TXZzRTdBMENoUnBYQnVKQlBya2pYZDN3d3pVZFVjN3d1eW5wanNOYUR4djU0eWRyaFh3U3ZVQzRDSg?oc=5,"order, MW, turbine",Nordex lands 525-MW wind turbine order from Turkerler renewablesnow.com
2026-08-06 07:12,Nordex Group secures a major order in Türkiye totalling 525 MW - renewable-energy-industry.com,https://news.google.com/rss/articles/CBMizgFBVV95cUxNd1pJd2hzYm5iVEVvUGdFYUxiS1dzcVB4NnQzbHdyNDNSV2RXV2NyYjNQNDlVYzB0dlFocWw5aVJzVFlRQUpaeXpEZmlCcERLbGdpRTJEU3hBUWprSmdGU1FfcUFXdE42WVFmT2NGRFJ5TGZ0WVI1U2JSRjJTVjhwLVBGaXJvZFhUQzFqdWtjT3EtdFp1aDBGY3UxUTBCWE9VYUdlRldKclh5aFFmaWtfRlBtd2w4MVdMY0RiSE5XcDNHQ2tDTTlmUjlnU1pFZw?oc=5,"order, MW",Nordex Group secures a major order in Türkiye totalling 525 MW renewable-energy-industry.com
2026-08-06 11:25,Nordex secures order for 525 MW wind project in Türkiye - Anadolu Ajansı,https://news.google.com/rss/articles/CBMiowFBVV95cUxPZENXQXRvNXYxM1J0UlFnaGNRYjFzem1Pb2Zqb0NqTkEwMElXdmlnM0xiaUZKZ2hrMGpKLWpjeEZXWFppeXBraWkyRHEzREtVRXFwQnhhZHZyUlBFdkctZlBUcy1laElDek5xRWNUS1dVRnIzQlRULVpoTXMyb0RfVEJxUFpHM2ZhWXI5UFEzVks3MTFyeVBxTkduT1R6cG9uaV9n0gGrAUFVX3lxTE5aVnJSaDBrUU1sWmdFeEQtQVFrVFJmcjc0dmJTQ2ZlaWtYMnpRSlFVb0xMaXZBLVB2WlNnMFNLcWZMSWZrRlRUcDAzaUQzdm1qMmcyaUU3VmdEWWNPaXFyT3J1RGJUWDV3dHliVkRUUFhyTVlPNG9HXzB6bDdPbnp0bVZyYm9SZVFUbjMzbTJyMDNlcS15WG83UUx6QVRJckd3c0V3UDZVdVNxWQ?oc=5,"order, MW",Nordex secures order for 525 MW wind project in Türkiye Anadolu Ajansı
2026-08-06 06:59,Nordex lands 525MW Türkiye order - reNEWS,https://news.google.com/rss/articles/CBMieEFVX3lxTE9TSG1UZmlFaVRzX1VGakoydGZld2Y4ZGRiZ2k0a1NRRnpnc3pkNEViV2hZVFZlOFJ4SDBoVWg3ZnZ5ZlJYTE1vNkduVFhKVm1hZEQ4MXVLUlpnOUVzaUM5ckUyQjRDQkIzaVoxNmxVMGtsOUQ3eU9NTA?oc=5,order,Nordex lands 525MW Türkiye order reNEWS
2026-08-06 11:50,"Over 720 worn EV batteries are now plugged into a San Antonio energy storage field, and the autonomous vehicle company that just agreed to supply more of them to Texas is the twist the grid didn't see coming - Energies Media",https://news.google.com/rss/articles/CBMibEFVX3lxTE5DcnRrakRZYktKV3dua1NLanMyYzNNc1ZPZWVHT0dRSFVyRmQ2WV9kREdSREx0ZnVLelR1UFZudkY1eGJ5Wk5wQ3YzMFdSZUxuT1djNEZIdGo4OG1IMWxzM1gyc1g2dHNKaGZUcQ?oc=5,supply,"Over 720 worn EV batteries are now plugged into a San Antonio energy storage field, and the autonomous vehicle company that just agreed to supply more of them to Texas is the twist the grid didn't see coming Energies Media"
2026-08-06 08:29,Ørsted investors look for new offshore wind wins after Danish tender setback - EnergyWatch,https://news.google.com/rss/articles/CBMia0FVX3lxTFBTa1RaYjNaUm1OV0YxX3NWX3A3dkxSczd2WDdDUFc4OVRaTXphcElzNmF3YXV1QXR0aEFneXZNV0N6UFkzS2lFeVVnYXB3M2FZZ2JtaERuUlZ2R3E0d0VsTTVMOE96bUFYYktB?oc=5,offshore,Ørsted investors look for new offshore wind wins after Danish tender setback EnergyWatch
2026-08-06 13:44,Haizea Wind Group announces monopile delivery to Hornsea 3 - 4C Offshore,https://news.google.com/rss/articles/CBMioAFBVV95cUxOZVNWeUtNcG5JblNPemdkeWN0LWZfQ3hSbnE0cHJfOGtzQTRsSEpXbWttNF9ESXhpTHA3R1hrcFRqN2ZkbXpzSlZJYTlFR2FJVVBTd3RPUlNfa0VYZVVBZ0xrZ2xjOXBfZFd4em1NcVM0T3BCZ19TRVZNTWV0WkJsMkFpb3hzdzNYYVYzRTlaUGVwSFhRelRjUTlhQ0h5bWVY?oc=5,offshore,Haizea Wind Group announces monopile delivery to Hornsea 3 4C Offshore
2026-08-05 18:25,Survey seeks impact of offshore wind power on seafood businesses - WorkBoat,https://news.google.com/rss/articles/CBMimgFBVV95cUxONWx2Zm5aUUNPOThSYUJYTE9CZi1jQ3k3MlNhTm5ndHBGZGJXOVdZazdDZTY3c2Q3eGZQdVhMakwwRFY1NDNHTTlJLUpxQy1LeDJNZF9FX29jZU5SSk4wRnF0ckc4emlaT2l0ODNFUVd0bjZxbHJ4VWVOdV9BUmVqX0ZuWko3WDNqMmNnS09VMlU5YXVBVXA5RmlR?oc=5,offshore,Survey seeks impact of offshore wind power on seafood businesses WorkBoat
2026-08-06 14:08,RWE says reached $1.22 bln deal to cancel US offshore wind leases and invest in gas - Reuters,https://news.google.com/rss/articles/CBMiwgFBVV95cUxNd3dYT2FnN21qMy1yZFBKZFMxNEFiUDVXUlZaVGhQZW1SUkRRQjNjcUtxTUVHQngwRURMeVNmUFg4LTYzelREUS1WS04xTnNGbHhIRmJTb1I3OW9mcXBhQ0E3ZkplcDgwMEw4QmhuZDJfRjBlQnRZUC1VbG9pZ2VvOVd5dVpmb1BLb0ZwNmNDUlpjMGxma3hjQ0ZwZlVCbGpTajc3UHBZOHpBcHZLbkNldHE3OElES2Frb254OWpTbVU2dw?oc=5,offshore,RWE says reached $1.22 bln deal to cancel US offshore wind leases and invest in gas Reuters
2026-08-06 14:00,RWE U.S. Offshore reaches settlement agreement with U.S. Department of Interior on offshore wind leases - PR Newswire,https://news.google.com/rss/articles/CBMi6wFBVV95cUxPYnhaUlI2R3hfMnBSTXQyQWd4VEkyUWxBMDZURkczSjVfTG9Ec25TMzA1SVo3akE1NFlTWFR6eW50UVZLd21mUGw5R2hlYlpqV1ZiUTVjZG9hdnU2ZG1hdm51UVBBWGx6THViRC01QUVaVDhpUmsyYy15a3NELURnLXdVV0RaX1E4QnFtOHNFOTdBUGdjTHhadDh3b3J0ZG1zbjdJaU4yWXhsNjJKV2NMd0duY3drUG1YY0dHS050Y3gzSV9qM0E5ZXE3aHgxUmgwTWI2TDh6X2FvS0w5dUZQaFRmbHBBcnA2V3hz?oc=5,offshore,RWE U.S. Offshore reaches settlement agreement with U.S. Department of Interior on offshore wind leases PR Newswire
2026-08-06 14:52,RWE Reaches Agreement With U.S. On Offshore Wind Leases - renewableenergymagazine.com,https://news.google.com/rss/articles/CBMimAFBVV95cUxOcVp1N0NjUEZtUjlxTTBQdlpDci1XOUQ4ajZ1Tk5GaFdKQllUN1pUWDlCdDhBY2ZGSGJfNHc1eW9UNlFGTjV6VDJ2S0ZaRkNsRzlLSk9LSkhtdVZQSGxtNDktNXQ4d3pKS2JUNGE1bmg0RDFhRHg0YW5EN19hQTJaTVhMUEdmSElnYVZpTDJHdnl5ZFN2UjVQMQ?oc=5,offshore,RWE Reaches Agreement With U.S. On Offshore Wind Leases renewableenergymagazine.com
2026-08-06 14:38,RWE in $1.2bn Trump deal to give up US offshore wind leases - Recharge News,https://news.google.com/rss/articles/CBMiswFBVV95cUxNTFUzZEhVLVdvZFFjWHk2M25UWld3YlBoVURrdzktV1EzRkp6LXZCOVpNNHZzOGpWT1hsZjlnNHZUNGtIaU9pcHhKOUF6cTRyTUZmX3E3R3FweHJIRDgxd3R1UDR1enFJT3NSRDRmZ3c3WU10N3Zsdnk1SmhwS0huMDNsblc5bjQwcE52dndVN2FmcURTNi1aQUt4Nkx2RXBuWG8xUWJERmNmRHlOWEtqZ3ZYaw?oc=5,offshore,RWE in $1.2bn Trump deal to give up US offshore wind leases Recharge News
2026-08-06 14:15,"RWE Cancels US Offshore Wind Leases in $1.22B Deal, Shifts to Gas - globalbankingandfinance.com",https://news.google.com/rss/articles/CBMiowFBVV95cUxNa19rZUx4bWJEUHk3dkdXQ3cwUDg5dDFJbkpxcTF5aHRDOEpHR2JSNDM3OWRyeWZPRnRPbGlJS3FDSUxOTW9uN2xwNzFJRE1rMEFoaGdIcEExU1BVZENmbWF3bzIteERSSzJvTGdnZjR3U3BOTktmWFN3YkE5QVFwZjl1a2E4V3V1UGlnWlgwOU5FdjZsamIyX2dqQV9VOU01Q25j?oc=5,offshore,"RWE Cancels US Offshore Wind Leases in $1.22B Deal, Shifts to Gas globalbankingandfinance.com"
2026-08-06 14:20,RWE to hand back US offshore leases - reNEWS,https://news.google.com/rss/articles/CBMifkFVX3lxTE5mUGVFU3U5cmFFZENEY0RwV0lxR0RwMjA5cE45NHRkM2l1T3d2LWlNTWVjem9NS3NJQzc4M0hRcVZmOUVvVjJIMnJXZm9VN0VfeFNIQ19lVVdEY1J4dEFlbHhWVnpVUWZzUUstRVlNU0E2WGpWLWpPTkRwWVNEdw?oc=5,offshore,RWE to hand back US offshore leases reNEWS
2026-08-06 14:39,RWE Settles U.S. Offshore-Wind Claims for $1.2 Billion - marketscreener.com,https://news.google.com/rss/articles/CBMiqAFBVV95cUxOVExtd0RHckZVeU5ha1gwTFlhRGpkY2xBQTRTMGtNZkdPT0F2Y0wydlpMcmx2NUxEVWw2WFZiVXcyczVuNnV1ZzRESE0yVUhBa1NUODJCeWRUSG14QzczU3dhWVJWVGY4SktKYjM4THVMZEt3Vm5Gc1l0TWo4Q012aDZQY1daNW9KLVJlSkpQX00zWUlEWWd6cDU3XzRiSU1kQU9kTEZNR2M?oc=5,offshore,RWE Settles U.S. Offshore-Wind Claims for $1.2 Billion marketscreener.com
2026-08-05 18:31,"Iberdrola will upgrade Whitelee to reach 1,000 MW - Inspenet",https://news.google.com/rss/articles/CBMigAFBVV95cUxPWFpyQzZaUVU2NGZEenIyel80VzlwLUY5Ykk0VFJ5X2dsUEdPbVdBNGJnZlZiOElKUmU3bGs1X3RuRWJSZDBKSWZId01xaXRMU2tVWGNfQ3lOWkRXbTY1djBlUFgtS2dKangtUWlvRllFdk0zTTFQV19LRmpKZDBqNw?oc=5,MW,"Iberdrola will upgrade Whitelee to reach 1,000 MW Inspenet"
2026-08-05 22:46,Dominion offshore wind project cost rises nearly $300M - dredgewire.com,https://news.google.com/rss/articles/CBMigwFBVV95cUxNTW1fVDRYSFVtaEIwR3pCMTlyazVEZjlzVEVYOFhjMW5MaFllbWYxMW1LY0c1YzhWNENLTkVUUm9ubV9TampYdHpYLVVfX2xvaUZlUXl1YzRJaW1teXZkU1dvTE5CYmV3OFp5akM3WE15Y2Nvd0tRZl9zeWhsS2I5bjB6bw?oc=5,offshore,Dominion offshore wind project cost rises nearly $300M dredgewire.com
2026-08-07 12:38,Vestas Breaks Record for UK’s Largest Onshore Wind Turbine - Energy Digital,https://news.google.com/rss/articles/CBMikgFBVV95cUxPWWxkRjMySTBhOFZSTThHa0R1SnE2SENFVXJLVk1MY29DNFhURWdPVXlpU1NybWVGWjZ5NDNxelUyOC1xNWJheXVMVkNpb0htWU5adV9VTGNVcVRQNXY3eVdrNmxKbUNhSnlteGpVT2NsM2dsNE14azNXUnloWU9remJKZ3MyWEFuVW9VTkxhS1FLZw?oc=5,"onshore, turbine",Vestas Breaks Record for UK’s Largest Onshore Wind Turbine Energy Digital
2026-08-06 21:10,Wind Blade Recycling Market - Future Market Insights,https://news.google.com/rss/articles/CBMifEFVX3lxTE96eDdUYVlZTEpKZjd1ZjUzalhFSG1TZHo2bGJXVVFCa01tM2hia0wweU9DZFhrNXg1aWJyRVBtUHdBeUhsVDAwSlA5VTRfcHFlV0M1NDdkdnJwU3ZwZFZCaVJqWDRnTG9vY2R5SFp0Z2VhY3lFSmN5a0tlOEY?oc=5,blade,Wind Blade Recycling Market Future Market Insights
2026-08-07 11:01,EnBW pauses ‘certain activities’ after He Dreiht blade failure - reNEWS,https://news.google.com/rss/articles/CBMinwFBVV95cUxNRVd1a2RtT0hGMWY5Vm81UXlscmI4M0dKV3cwQnBRaWQxWTBGbWtLeHpULUk1WkRGWkFLV3J6WDNPMUpkQnp6cTMwellydVA1aVFZdi1rYTFHcEtvTDJBRTVub0J3RFREeTNXekRETk9MQmhIZkxjOVRhMC1ETUN3ZHZHVTZzUF9JMjNrT0dvV0ZIdnFyYWh3RjAzaGVXSHc?oc=5,blade,EnBW pauses ‘certain activities’ after He Dreiht blade failure reNEWS
2026-08-06 17:02,GE Vernova (GEV) Wins 43 Turbine India Order With Local Manufacturing Focus - simplywall.st,https://news.google.com/rss/articles/CBMi0AFBVV95cUxPSS1YX0JzSy1GLTdYZE5VdU5zYkFHTllCWk9LOWlDalpxazRkS3BVODlEblFlSUxwOGNzYmVZTUpLNnRNaElPTE8yR3NlbmF6cUF2WnVkSjQ2a0ZUZzhFZ3g0X1FEbU9EYXNRVGpqNlU5bE1NRnBDRjJabG1hTGQ5QzEyQjdaS18xT3VuVUM4ZjdUUjFHRmVPd2psWGtBaDRlZnlhQWRTa1hjWll6cUJvUFJ1VVdfVk1tNXlObWxnczROY1k5WWtiQmJOY3prYjdP0gHQAUFVX3lxTE9JLVhfQnNLLUYtN1hkTlV1TnNiQUdOWUJaT0s5aUNqWnFrNGRLcFU4OURuUWVJTHA4Y3NiZVlNSks2dE1oSU9MTzJHc2VuYXpxQXZadWRKNDZrRlRnOEVneDRfUURtT0Rhc1FUamo2VTlsTU1GcENGMlpsbWFMZDlDMTJCN1pLXzFPdW5VQzhmN1RSMUdGZU93amxYa0FoNGVmeWFBZFNrWGNaWXpxQm9QUnVVV19WTW01eU5tbGdzNE5jWTlZa2JCYk5jemtiN08?oc=5,"order, turbine",GE Vernova (GEV) Wins 43 Turbine India Order With Local Manufacturing Focus simplywall.st
2026-08-06 18:08,RWE in $1.2bn Trump deal to give up US offshore wind leases - Recharge News,https://news.google.com/rss/articles/CBMisAFBVV95cUxQUGJNRkFoTmdLRE45X09zeGR2SVhrbWN3d2hGWEFkZlFUdUcya0s5aVZXT0NwTWxINTFuTkFTWUVnWGtjcXBqdUhDaVVXTXUwTkNBRmxBLVRDWkh3Q3hWd29BSUppZVo0NU94QTllVmw4RmRnNGt1Z2Z5YUVQVlNOczdRdTg4UlJsQ25kbXlieVpvanBkU3BIa3I4Q3p5RmZSTHhEdVRQbmswV3hKT0FzZQ?oc=5,offshore,RWE in $1.2bn Trump deal to give up US offshore wind leases Recharge News
2026-08-07 10:52,Envision commissions 2 GW AI infrastructure campus in Inner Mongolia - W.Media,https://news.google.com/rss/articles/CBMijgFBVV95cUxPVUxiTUZkZE5UNVFqRm5rYWk0TER5VC1CQ1pCenZOYi1EenZrZnktenNmRnptOUlkZFdkVF8tMGpyNFpNMFdMNU1zVVZMelAxb1VuVFMwY3V5VHdhbW1nUHg2OVA1dTBHU1BPVHd0X0kyQURhN3dKUVMxVFlWOFo2SEh0ckFSUGx2WE1YY3V3?oc=5,GW,Envision commissions 2 GW AI infrastructure campus in Inner Mongolia W.Media
2026-08-07 11:59,"Envision Commissions Galaxy Campus in Ulanqab, Establishing a New Model for Gigawatt-Scale AI Infrastructure - Macau Business",https://news.google.com/rss/articles/CBMizwFBVV95cUxPWXR4Zl9IekNQTDFzMjNrbjBtcHRnV05WdE5hNGc5SUVXNk4zZnlncXVfZkRKOWt6X0ZRUWRfLXlOYVFoek1waEhzanlYODZRRk5CaEFIYzRSUVM0eE1Sc210QWs2aVNwRmtFeWNjajBUR2k5aTdfR2N2SnpMSjNiMDY1bHdvWmVISGh1aV9TYmJ3ZEdwWmlhVHJfdE15SXc0dExpd2JVR0JIWXFFWDlHV3IzdkpaalJoT0RhcTNBRHpnZi1qS1Jxb0lwczhVY1U?oc=5,gigawatt,"Envision Commissions Galaxy Campus in Ulanqab, Establishing a New Model for Gigawatt-Scale AI Infrastructure Macau Business"
2026-08-07 05:55,Green Power Denmark opposes Chinese wind turbines for domestic offshore wind - energywatch.com,https://news.google.com/rss/articles/CBMia0FVX3lxTFB2VU14NHlOZVhzM2xWRHc2a0I5QnpMT0lOWi1fdC1oX3hEV28zaGU4alQ5dHRoRGtvSWt6UlBySjBFTXk4UkZ4ckxLTnJNQ19Mc0pTSGExSUVYVTZRZDBOYV9uV3BzMlR2SzZj?oc=5,offshore,Green Power Denmark opposes Chinese wind turbines for domestic offshore wind energywatch.com
2026-08-07 09:45,Ming Yang commissions 16MW floating turbine - reNEWS,https://news.google.com/rss/articles/CBMiiAFBVV95cUxQVi1Pd1dUOUhtSkhPTVVZdzdneDRtOFhtNS1vVnljN01iZTF0YTJNcUtVN0Z0VjRvVUNYbTF2ZWZIeHRTWGJGZ3pXUmNMMVBGb0szWjl6aVNNNlJfZE1BaldYdDNtZlhyWnJuVloyUTVqX2pzbWlBYkR5ZmxfVE56MWNpMENRQlZY?oc=5,"floating, turbine",Ming Yang commissions 16MW floating turbine reNEWS
2026-08-07 07:31,Chinese turbine maker challenges Nordic dominance in offshore wind - Scandasia,https://news.google.com/rss/articles/CBMikwFBVV95cUxObERBYzJGQlNSSlc4c0xCY0JBWEhxc0JPZjJ6UjZxNG54VnBIRkpyVWNIdEw2dXdmU1RRT3J0ZlJsUllHQmxqVXhqa0VDeFFPMnA1NGJCZ2R2dzhWMjVib3dEUW8tdnIzRzJYdE5LeVBIaWxvbURYdU1WWi05Rlh4SzRiYWJFb2ZhdTNTcWh6NENTREk?oc=5,"offshore, turbine",Chinese turbine maker challenges Nordic dominance in offshore wind Scandasia
2026-08-06 20:20,Nordex Group wins 77 MW turbine order for Urleasca wind farm in Romania as OX2 sells project to Scatec ASA - Energies Media,https://news.google.com/rss/articles/CBMie0FVX3lxTE1KVlAybXFUUEh0R0dDVDlEMXFVZkttYkFiRVRlN0w0ek1jaW5aazctUGo4bjFLLUVsUUs4cHBFZllDVHk3M19OaU1TenFNbU9GU0VINE9QMVpjcXhVdW41UGw5VG5wRWw5czJMMVpfZm80RG9QelBDdXI4TQ?oc=5,"order, MW, turbine",Nordex Group wins 77 MW turbine order for Urleasca wind farm in Romania as OX2 sells project to Scatec ASA Energies Media
2026-08-07 07:52,Nordex Wins 525 MW Wind Turbine Order in Turkey - energynews.pro,https://news.google.com/rss/articles/CBMifkFVX3lxTE9uQWlrZks0aUxKalBHcUJZRVgxc2tSeV94OERaXzdBWDRRekFyVUZjV1k2X1VzY0ltUmRZX3dlaXVZa2toU2x5VEctUmxaLUFFWmpTQXRhektUWkFqRnVrcGZub3FMZ3N5YkkwS0JiLUkyU2JUS2g5RzZjblphUQ?oc=5,"order, MW, turbine",Nordex Wins 525 MW Wind Turbine Order in Turkey energynews.pro
2026-08-06 15:05,Nordex Group secures major order in Türkiye totalling 525 MW - Energy Global,https://news.google.com/rss/articles/CBMipgFBVV95cUxPXy1qQWJqd2NQX1U2ejcta2tuWTBzOWgtWllNUU5zOC1qYXFGUnowOTlxdWxsOUQtNWkzNW93aVZ4cVpUS3lCWklHR3VPenRCZ1dKcWtxVFZnQlJJN0htbjR3bDFENEozcTNUamk1MnhpeTlia2hqNGd2cGlINko4UG03eWVWQ05YYm9UU2laWHo2N1BoS1otSkpZM1o4Q2RNcUM2T21n?oc=5,"order, MW",Nordex Group secures major order in Türkiye totalling 525 MW Energy Global
2026-08-06 17:03,Nordex Secures 525 Mw Wind Turbine Order In Türkiye With Türkerler Holding - megaproject.com,https://news.google.com/rss/articles/CBMitAFBVV95cUxOWmMxdjdKT2xpNks3SFNwM2dlTFY5dUhLVlREN3NVQmpmTnRSRndqaXk3RlZPU2ZaZEpzQkZJallkQW1SX21KZFotQ1VCajM5cl9VakR3VXBTTVlkNGo2VTlqdndXTUhmbjZqZThZWnhjSEFmcDd6eTRfRXRsUDF0UndtQUFuMFVsd0JkTUViVTd1dmZRb2tCY1VRdS00WlJBZjdVSVVQSXY3bmlwa09OSks5Nzg?oc=5,"order, MW, turbine",Nordex Secures 525 Mw Wind Turbine Order In Türkiye With Türkerler Holding megaproject.com
2026-08-07 10:01,Nordex secures 525MW turbine order from Türkerler - Power Technology,https://news.google.com/rss/articles/CBMieEFVX3lxTE05Ul80b19UbllhaElJWUl5UG1LeThrOVdNN0VZTjNfcC02a0NqclplNDZ5c0xYQ3MtOVBuTGpYYlNGWktFWFBEOTllOU02aENWaWM5VVMwQkFpdVl0SHNMSUt1MDNlLTdtUHRSanpJak9uRXQxYmNJSg?oc=5,"order, turbine",Nordex secures 525MW turbine order from Türkerler Power Technology
2026-08-07 07:52,PNE Sells Two German Wind Farms Totaling 45 MW to Private Investors - energynews.pro,https://news.google.com/rss/articles/CBMimAFBVV95cUxQOUVTSk5HUFY5QWFlYm9xOVZjLXJ1eWlVdWhCQkNydEpzbDJTY05vbmVkdERUSS1XWHItSXpnYzNJM1YtNXBLc2VnTG4xdGRkSWR1TTRmM3ZIaWZhVktqdXB5ajE2OUNmcXBRd2hwbWJnYXNRaEY4ZkgxRWNfcUN1VTIzMmw5YTdqN0lNUXpGcVNRSl9wUU5vMg?oc=5,MW,PNE Sells Two German Wind Farms Totaling 45 MW to Private Investors energynews.pro
2026-08-06 18:00,Why Trump’s claim that offshore wind is a security risk is ‘ludicrous’ - Canary Media,https://news.google.com/rss/articles/CBMijwFBVV95cUxPS2Q5bno2Q2Y4OWh5ZDd4dkdxaVo3SE1Sczlqa1RhOEZrTVFZRjJjenRFX015WG9TRGtGSV9pNlU1UXpvRHdqckpZQ3dDNjFuQzg1bjVaNTNhWkc3R3NWZWEtdkZETjF0VHdXemtMY3hKbzJ2eG1WZ3BIcWFKX1diNG1UalNWb3lDX1NOeWt3Zw?oc=5,offshore,Why Trump’s claim that offshore wind is a security risk is ‘ludicrous’ Canary Media
2026-08-07 13:10,Baltica 2 awards CSOV contract ahead of offshore construction phase - 4C Offshore,https://news.google.com/rss/articles/CBMirAFBVV95cUxQWDJMdV9QVjV6bGU4bXM3eURZMkhYMnBsS0t3M3J2MlJhdzNqOVRuaGgzUnRKOU45V2ZEYVFOc29MVDZCMlBoMjc3bnAtTWtyVkpidG1FNkhnbW01cTFNVjB2SEVzWTJwQ1o5SEQ0azZRZ3JWRkJHeFlxdTNfa2F4OTNaTG5rYVBnZm9pRnVmeEJKOGZNclJrbUpuRV9obEMxMXZ4cmhOMlhXbmZM?oc=5,"offshore, contract",Baltica 2 awards CSOV contract ahead of offshore construction phase 4C Offshore
2026-08-06 18:55,Trump administration will buy back company’s offshore wind leases off 3 states in a $1.2B deal - TribLIVE.com,https://news.google.com/rss/articles/CBMiVkFVX3lxTFBwcTZkN3lCSGlGYktXbjQ4dU9naTFsMy1zOXJEbE9XM2JxbFRlMEJBS0otWTdPcXk2RW9kYlRxdkhtWm9WYndsa0pxTkNtQ1ZMSWV5QXVB?oc=5,offshore,Trump administration will buy back company’s offshore wind leases off 3 states in a $1.2B deal TribLIVE.com
2026-08-07 10:50,"CEO wants ""clarification"" on sweeping offshore wind rejections - energywatch.com",https://news.google.com/rss/articles/CBMia0FVX3lxTE1SbjYzMUdaNkl0UlJzMlpIQWVtNWNhd0hBRnhJQ0E0S09FS1FYczFtcFRvRjBfQVZ5UTJjbnZkVUxic2t4OXItRXBGdkpqQUxUelRubUtWRG82c05KLXUyeEpabjZTTF9IVFZN?oc=5,offshore,"CEO wants ""clarification"" on sweeping offshore wind rejections energywatch.com"
2026-08-07 11:30,Trump is keeps spending US tax dollars to kill offshore wind and boost oil and gas - Mother Jones,https://news.google.com/rss/articles/CBMiygFBVV95cUxOdmp5RmJJZTlMVkNOZUFNc2tWc09MM3B3VE5TRzNnNXN0cVNFR0ZZTWNVMDRMb2c0UXFSRGRZbnVUbmZxd2h1VmFPS2xvQllPVjM5MmpUSlk3VlZZbUplMm0yZk13MFd4WU02OTdTWnFMM3VscmNmTU1PLVhtTEF0Vk9vWWpOR1Qta1FQalJHM2M2SXQtd2o0WXRSWl95RnU1d2EwRTZIYWwxZkMtLWZZUEw2ZkVYWDNyUTFfUHU5RE42d1JNSnMyQ3R3?oc=5,offshore,Trump is keeps spending US tax dollars to kill offshore wind and boost oil and gas Mother Jones
2026-08-07 04:22,RWE bails on US offshore wind; Trump administration pays $1.22 billion - WorkBoat,https://news.google.com/rss/articles/CBMinwFBVV95cUxPNElDLVlnQUFGRldPRmJrMHg3NlVlTnNWYURaLTRQdnBJOUFESWpxTXgtQlFOZ2wyeGd1Z0VzcmJxc25ycnNUXy1OaXpieGpZUW5PUnJnS1dJYl9GYUhYM2ZOdnZaUUY4SmFLLVhPdTVMQlQ3MFpMMWNUa25lb3hzaks2eWl2REN3ZDdmQTdYeGxGTFBLd2o2Zm5pcXU3SFE?oc=5,offshore,RWE bails on US offshore wind; Trump administration pays $1.22 billion WorkBoat
2026-08-07 07:14,US Government Reaches USD 1.2 Billion Offshore Wind Exit Deal with RWE - offshoreWIND.biz,https://news.google.com/rss/articles/CBMisAFBVV95cUxPSE1NTklpZ0ZuNjBjaXd1MXdrdU8waUUtZ2hyb19fM0V5eVRYRUMxX3VfN1NsMGNtMmJoU3p6NHh0dnhIUzh6WHE5bXNzazQxTmhTay1vS3JVM1BIbDltS0pCQzZobDZuTlVuOExUd1FiZXQ4Wk1TZmJHdS1OdTlxNnBveHJIbUJrVjZYLWgtRjZxNHJER1FKZDl3Z0tOUnZ1dTJ0eEVCbU9pWmZsT00teA?oc=5,offshore,US Government Reaches USD 1.2 Billion Offshore Wind Exit Deal with RWE offshoreWIND.biz
2026-08-07 08:06,RWE returns offshore wind leases in the US – gets billion dollar refund - energywatch.com,https://news.google.com/rss/articles/CBMia0FVX3lxTE80R3hEOUsyelZWcHFTY2x1bndLRGp4QmxYZzZhYVVISUpoaVc1MW03ZXVGMXctMlcyNWE1NXlFQ25idEQ5SFVwNHNhTUJDc3BKUGV0RUlKZ1NDbXBQZm9lRnZZam5RZDlST0dR?oc=5,offshore,RWE returns offshore wind leases in the US – gets billion dollar refund energywatch.com
2026-08-06 23:05,"‘Gift to the fossil fuel industry’: RWE relinquishes North Coast offshore wind lease, part of $1.22B Trump admin deal - Times-Standard",https://news.google.com/rss/articles/CBMiyAFBVV95cUxQazBXMDNPZFBNQjVIM3NUWkZMZUMzQVo0QWtpek1kcjljQlpMMk9IUW5hNnJtcml1VmlQUUxGYnRlY2NUVGNuMDJVWUJjYm11elhTLVlPbDQzOFRFcE0yekN1NmhlampFaFhXNHlwQjllZ3BKUkdWTVBGQ1NCZ1VNdmF2SDNqQXp2VVZjVmtsWWFyZUxoVWJ4ZnIwSVdibjVmMVc2SGUtenBRbXA1RVBZWVZPcnhNaTM0WlJuN0xfSzBpbHJuS25YWA?oc=5,offshore,"‘Gift to the fossil fuel industry’: RWE relinquishes North Coast offshore wind lease, part of $1.22B Trump admin deal Times-Standard"
2026-08-07 02:07,Elected Officials Outraged After Developer Vacates Humboldt Offshore Wind Lease - Lost Coast Outpost,https://news.google.com/rss/articles/CBMilgFBVV95cUxPTm1MN1FPMTBoQUxRVnFTLVUwX2IwemJfdWxCbXZXbDVKRGg1eGtGUVhEUkNibXF3NVFRcUtkZThycnJ3bDJHQ2xseUQzMTZyY3NLaVMxTDh3RWktcVZpOFZQVjJVd1lPbEFyZTN5RzNVOVV2UkN0bFJhUFdqVUZDR0tWM0VWX1JxNnpydC00R0Z5Rmt4SGc?oc=5,offshore,Elected Officials Outraged After Developer Vacates Humboldt Offshore Wind Lease Lost Coast Outpost
2026-08-06 20:22,RWE accepts $1.2bn Trump deal to return offshore wind leases - Wind Power Monthly,https://news.google.com/rss/articles/CBMipwFBVV95cUxQWHd5cThmWjZzckw3NzRnWnAwbHdoR2s0ckkya0RWdTY5SlRtTG40UTZKa0pYaUloQXo0TG1zazZGa2xFMjZzVFVoMHJJWW03bU5mbnYyYWZCbkpFamp5cHRXZnVkMWoyZUJQSjhYNjlYYWhVWGprLS1kcFU1UWlqWmQxSEtLREFpYmYxVVF1NzBiV1VYTC1Dc3NncEQyd2ZMbjJFQThuYw?oc=5,offshore,RWE accepts $1.2bn Trump deal to return offshore wind leases Wind Power Monthly
2026-08-07 03:03,Germany's RWE drops US offshore wind projects in deal with Trump - Yahoo Finance,https://news.google.com/rss/articles/CBMikAFBVV95cUxNTnJndTFMQ1owekxaVU5BNWtTdUFoZEo0YjBWOFJVYUZlYmNHdDRwVVRQMnByWW9Fd0lyRi1uTC1kR0Y3N3RLRzZRZDdkLW1aOVYwRWJjTUxQRmZ0bmdfSktfYXFEdng0MS1FREMwc0M1aTlCYm5ORGZ1SkI0VzNkOWVGRVNBc0FJZ3gzV013aWc?oc=5,offshore,Germany's RWE drops US offshore wind projects in deal with Trump Yahoo Finance
2026-08-07 07:23,Federal settlement drives RWE out of US offshore wind - Splash247,https://news.google.com/rss/articles/CBMiggFBVV95cUxPOWN4V2VnaTNuWmViMm5jeDczQjh5Wng3eTJwdXpqbEdOb0p5dUE3WmFYLTdPSUJVV1ZyUGdlZFRiYjREQkNpUXBNYTdHWV9oWEcxcEFueHZaWVJxRjJNZWpJWUFFUFJKNWtsT1dTWkVoM2prSkxMcEVQQURGRlFCQTdB?oc=5,offshore,Federal settlement drives RWE out of US offshore wind Splash247
2026-08-07 02:43,Trump administration's latest buyback of offshore wind leases brings total to nearly $4 billion - The Washington Post,https://news.google.com/rss/articles/CBMi4AFBVV95cUxNdnNKYlNCTXhpdndtUXVoODMycUZ4QXdNLWFtVHVIT3lvQkZQNWE4anFEOHVQSjA1NDJVUUt3UU1iUW9wOFRQc3JwMDJQZ0t0emk4MmptWXF3OWRZSGJWaWMxWVFpcHZsaXFRanJ0VVZ0X3pnOEF2ZHF1bWNiU1lUUDdOb1hmTWUtWkVXLXFWNDhZRUo5anphdlhCWU9DUkZRa20yYkU0bGFMY3M4eUZhcEtSRzY0QzZ0VjIwb2U5c1pTek4tMjFSTnJrMUtoLVBQbWlDV2w2al8yMzNmYm5paA?oc=5,offshore,Trump administration's latest buyback of offshore wind leases brings total to nearly $4 billion The Washington Post
2026-08-06 19:23,Trump pays yet another energy company to give up offshore wind rights - The Hill,https://news.google.com/rss/articles/CBMihgFBVV95cUxPNnJSN2dVRGpPYWtXaXdxbmI2NTZxQmtOYUc4ano5OXBpd0dQdGRfYWYtSkpWTUo3ZjAxQ0Z3SGdzaWFYZmNEaDJXQUd0dGdVdXRmTHVPUVNkTnZObWR3VUl4WGVIRUxSQWpTRURWc1Y0ZGJET0p3LU82UDRhb1FDdC00Z2xid9IBiwFBVV95cUxPRzR2Zkkyck41LW5jblRtSXVEaTFWSDJNOFBEYjNzcWpoRzBqS3ZYOHdZMzQxQ1JSekR6TE1Xc2xBUkczZFRjS2RHZWZpTUYxSTB5WWV3VlY5R3h4bUdVMmdHOC1xcGs5SGRGR25RUXhJUnYtbDQ5ekV3LXdhZVliVzdwWjFpZWJNVTdz?oc=5,offshore,Trump pays yet another energy company to give up offshore wind rights The Hill
2026-08-06 19:39,RWE Is Latest Energy Giant to Pivot From Offshore Wind to Fossil Fuels in the US - The Well News,https://news.google.com/rss/articles/CBMixAFBVV95cUxPOHBNS203SWZXaGVMNHFGNUYyUkJsdUQwM05JcGdtNWRoTkdyc3QtU09rMklmamFlaUUzOGhSV1JMdmVWcTVDVGNDTEo2RFJSVmplQzlJMEg5SVUxNTJBdktzVWNIdmFQbExhWmh0YnZKX3U2LUcwNGh5dnZWcjZlMmRucGJzNjFVS1NaZS0zNW10Vk5PWTJZS2lHaDU1RW9jUFBUZkZpdzdXUU90emxOb0NSSHJsVjBTOUFxQW82amFoSGJ4?oc=5,offshore,RWE Is Latest Energy Giant to Pivot From Offshore Wind to Fossil Fuels in the US The Well News
2026-08-06 15:48,Trump continues paying to cancel offshore wind projects with $1.22B RWE deal to ax its wind leases - Fortune,https://news.google.com/rss/articles/CBMi9wFBVV95cUxNc3IzV0NXbWFjZ2VrTlkyVDhHOWxFWGtfbDVmM0RiZnV6SzBUcFkteWQxWXpOMGNlRV8wcW9Xa1VaVEp6OUNqS3d1QUVzVmdfWl9QbzU2dkYyZDE3X1A4MFRVOFUyUnV3Q2JTODM3SGdtNnBtVl92UHB2bVRoYXBQV0N6MElxbDVTUEJLT3MzTk1naVc3WlVvVGEtek5DdG5TYm1Zd3VydkZhUWJwdWs0ZFJjZW9DZW9heUhhb1BJaVJZRWpUdE1URE5Nc3hSa1NOSUN2MzZYYUM2SEJXVDNwRlBka0cwbllIY2VCdDZjbUlNY3B5ejcw?oc=5,offshore,Trump continues paying to cancel offshore wind projects with $1.22B RWE deal to ax its wind leases Fortune
2026-08-06 20:02,Washington to pay €1.06 billion to cancel RWE offshore wind leases - Euronews.com,https://news.google.com/rss/articles/CBMirwFBVV95cUxQZ2ZiODlnY2Y2aTFSUWtFZUdfazlySXc5QUVtcXVwQl8wU01qRklobEFSdXdCN3FiM2VDd1liYXJrTkM5OE0yWjVqV0RBR0hMMWRDU0tJa01DS3dsTDJzQlYyd0g3VWlkUHVyNDFFR2psR0hpSkdjdDMyQkdtVEV0N29kSUUwX0RDb1FmRGp4dDlKbEdIZDV0Rkw5a1FZblJTVW81RFhVZlV4TXdDREM0?oc=5,offshore,Washington to pay €1.06 billion to cancel RWE offshore wind leases Euronews.com
2026-08-06 20:42,Trump Administration to Pay RWE $1.22B in Fifth Deal to End Offshore Wind - The Maritime Executive,https://news.google.com/rss/articles/CBMisAFBVV95cUxNUGJHckd0UjRnWjhlcFJ2U1BESlJKNzdvNW91ZUk2a1RMZUNxOTR3SXY0OWU0M0x4U19CeFM3V25ZRzZPZjY2MXhMTHN5VVR2TDByQ2dqRUtHT2R6VlRHODJnc2Q5Tmx2YVRKUFQ2YkQ4OEdtTDdhZ1dWdG9VemxpMm9aZmFIWnhteXc0a2h4ZF9hU1lHSHdmdnc2Q2x5YjFOZW1iMS1Cd3pDN1ZFdGpYVw?oc=5,offshore,Trump Administration to Pay RWE $1.22B in Fifth Deal to End Offshore Wind The Maritime Executive
2026-08-06 21:12,"German Offshore Wind Developer Sells its Humboldt County Lease Back to the Trump Administration, Promises to Develop Natural Gas in the United States Instead - Lost Coast Outpost",https://news.google.com/rss/articles/CBMilAFBVV95cUxNQjNkNklzOXVydm9rdDVIOHMwODZIeW1fRHd1cDRvLTVoeG5XenBEQ0F3Qi1ua3pBeGY4ZGExX1NfbTdrX294Rms1SkNfTGFMOFB6NU9xeHYzWjdwY2FkWmJxdS1qMnJ6Q205OXBCMnNOcEVBTGloaXV5OGhYQ2lqUVRHVS1GUkw3YWZLVjhhWmJ6Nmtu?oc=5,offshore,"German Offshore Wind Developer Sells its Humboldt County Lease Back to the Trump Administration, Promises to Develop Natural Gas in the United States Instead Lost Coast Outpost"
2026-08-07 00:38,Trump Admin Pays RWE $1.2B To Drop Offshore Wind Leases - Law360,https://news.google.com/rss/articles/CBMiVkFVX3lxTE5HZkJISm94XzUyLTBVcnQtSkdVUWhkSGZ0aUZNQ19oMnBqMVBjUWR1OG5xNVpvNXI2SnUydWRMaDE1NzJTNHczeFFZZE1xTUphbldfaWN30gFWQVVfeXFMTkdmQkhKb3hfNTItMFVydC1KR1VRaGRIZnRpRk1DX2gycGoxUGNRZHU4bnE1Wm81cjZKdTJ1ZExoMTU3MlM0dzN4UVlkTXFNSmFuV19pY3c?oc=5,offshore,Trump Admin Pays RWE $1.2B To Drop Offshore Wind Leases Law360
2026-08-06 16:05,RWE reaches $1.22 billion settlement over U.S. offshore wind leases - 4C Offshore,https://news.google.com/rss/articles/CBMirgFBVV95cUxOa25ISGdRc3c5TlhCRDRVWXRnMjdQV2c0WTNqNC1QWVVzSkJYclkyQ2RiX3VuLTVobm9NSlJBZElvUWJIb0pVTjZWRDNOOVhLOXp1S2c5QXR2MzU3eTNRcGR5Y1ZRb292X1FaUE50LVctZm11bWpIVWNtMDFnX3dZWTFYODlOMEdrUV9MNjNwVEFpNElpR3JtMWFyeTZGMi1HNm9BSktSSUdGLXRPRmc?oc=5,offshore,RWE reaches $1.22 billion settlement over U.S. offshore wind leases 4C Offshore
2026-08-06 17:41,RWE Reaches $1.22 Billion Deal with Trump Administration to Surrender U.S. Offshore Wind Leases - gCaptain,https://news.google.com/rss/articles/CBMitgFBVV95cUxONjZaX1ZUT3doalZBN19JODEyc0VaRXZfS1ExMjlJYjc2WmpsNDR4S3hlWlJfaTljUlp1RF9tektMSGEyTWhQS2UxMDdta2ZkMmQtVXU5a3pCdHNTb3I5dGtzMFpPdXZGcVR4MHFRc3BqeldRVlFWaHZqOGtENW5ZckhyUDdwblM5am5tV2UwVVcydjljaXpTWjBDdkE1ajFIVGhLam1Xb3h2QlF0VjFvbXNvYVE3QQ?oc=5,offshore,RWE Reaches $1.22 Billion Deal with Trump Administration to Surrender U.S. Offshore Wind Leases gCaptain
2026-08-06 18:00,"RWE, Trump Reach $1.22b agreement to Cancel Offshore Wind Leases - Marine News Magazine",https://news.google.com/rss/articles/CBMifkFVX3lxTE5weUJiVklXOTJqMGh0VG52SHYwMGx0VHVHSlZfcUdmSTBOSUFmVDlJbmZXa240cmNneTdCMVA1TUp2c0FZOXpsbmRVSVY0aHh2amNIVGhOdlROblNkZ2JLaThxOHlQSlBmeHlIbEp0TG9ycTZUb29aZ0NYdnEzUQ?oc=5,offshore,"RWE, Trump Reach $1.22b agreement to Cancel Offshore Wind Leases Marine News Magazine"
2026-08-06 23:04,News Content Hub - RWE does deal with Trump administration to relinquish offshore wind leases - rivieramm.com,https://news.google.com/rss/articles/CBMi1wFBVV95cUxNdW9CWl9MYlVkaTBYc1FnWmY2enpMT0VNSlBCRFNLbWlQeHlqV2lZYXI1eWRDS2tCQnBQQXNtRGZITVVkWko4c1pmX0d6QnRXbnAyVUFJMmVLS1JSQzJvYTlyRlhOWUhVNXNNWHV2X1Y3Tk94QXhkTzAzRDNVc0c2THNMX3phdlF0OHk4S2VpSkxaN1lzcEMxemxLWExMOFQ3Y0ViWEJPc1FxeDVzU3hfSlZObDNOT29Ya19IemVjWTQ3R01yTEthcDR4ZE9rM0NCTnJzMjF6RQ?oc=5,offshore,News Content Hub - RWE does deal with Trump administration to relinquish offshore wind leases rivieramm.com
2026-08-06 15:00,RWE walks away from US offshore wind after $1.22 billion deal with the Trump administration - Review Energy,https://news.google.com/rss/articles/CBMixAFBVV95cUxQSC1oVzQwaU90VlZVNzZoOXJpQmpPTmU1RnZzdWVMWXRzTFVQbmVaQ3RXajZFTUstMzlqRFcyYXJlLTIwLW5DV2k5d1haMmVSUW1SbUtabXpPeUlrWEJIQkxlS2loOTRGNDNIdGVCNFM4S2dxNFlKdkdCRFA3NXZseHJSOVlwRWFsR0pseUdjd3Q5a1Z4NkdpdXl1N1AyYkU1WjJQV3RtTWdralhWUnJqNC1EV05RTEdaRVVBczhCMTlZbEI3?oc=5,offshore,RWE walks away from US offshore wind after $1.22 billion deal with the Trump administration Review Energy
2026-08-07 04:12,RWE Secures $1.2 Billion Settlement Over US Offshore Wind Projects - marketscreener.com,https://news.google.com/rss/articles/CBMiugFBVV95cUxOa3J2R0dwd2N5ajUzTm82RVlxWC1od1RORkc0bW1jQ2lCaFhMdXBlcXVFRk1NNUFjdjBxTldlZHNHdFl0MG5uS0JCYVhHY3VDdzQwdmdOQ0MzX3BlNUhma0JQaGxGN3RxWUczTDVjMlktdHNha2t6QTRkYmJPZWJ0MGkxa1dTdHQyTTdEN2E4QlFKWlpoS0NFTkQxYUY3Zi1nOGV2Y0IwSGVxeE1ZVnQ2LU9uV2kzYXdZRXc?oc=5,offshore,RWE Secures $1.2 Billion Settlement Over US Offshore Wind Projects marketscreener.com
2026-08-07 09:50,US strikes $1.2bn deal with German firm to halt offshore wind projects - ca.news.yahoo.com,https://news.google.com/rss/articles/CBMib0FVX3lxTFBxQ0NyMnV6UEZpUm9WTE5INFV3ZWVQdGZ5T2hlVzZ4aHNmdnhBQnpaUzFjMzFnc1hFMzBBZjRYN2FuS2stQS1YMnQ2N2U0YWd3azM3N1dFZGIxMDJTVXhyUERCcS1Qd2xHOFl0NGlqTQ?oc=5,offshore,US strikes $1.2bn deal with German firm to halt offshore wind projects ca.news.yahoo.com
2026-08-06 20:13,"RWE, Trump administration reach $1.22 billion agreement to cancel offshore wind leases - Westlaw Today",https://news.google.com/rss/articles/CBMi3AFBVV95cUxQb2tOMlRkYnpxM2VSYmJHX0otQU1BUjVuRDVKSnBjR2xxRHQ1QVdfc3lmM2NpdkczaHlzUjZ4WUlGYUtoN2k4R3hMcU4wQlJMZDJNOHJKdVVHSTd3SWxYdHlHMHJwdG5WOGhocld5Z1ZieV9QU0k5ZURITTJXck5BbGVrRlRpamxpYVV2RW5fYzA0SGl6RFktYTEtRloxN0o2M1BGRmRnQWRyX3k4QVU1ZFJQWUJLQ3liQUNKaVE1OFM3V0VQVzlVUjQ4SDZVdzh6NEFoVDRrZi10dXpa?oc=5,offshore,"RWE, Trump administration reach $1.22 billion agreement to cancel offshore wind leases Westlaw Today"
2026-08-06 15:02,RWE to scrap three offshore wind projects in $1.22 billion deal with Trump administration - Washington Examiner,https://news.google.com/rss/articles/CBMi1AFBVV95cUxNa0pDa0dXc3lKUUJzN00wZnVqUUVpdExTTWNrNWY0b2tQSnpQQWttU0ZMQ2V3a0paTUt3ejgwTDdZU0REbUc4OEE1REVjb3F2YmJWN19TOXNfOW5aMHdOdDRtTzdBSldOWVNkMlM2VVNkOHhrMmFSUjVWT1NSRmpuZk80YnlEcTdXU1N3cnJYaEstOC1pZGdqMHFxNkYtSjNpN3A2R0FWekpDaFlpSDdzbkZBQkp6d2FMR1pHVG9DbjVMZUxGSmJtdnVabHdZaVVNa2tXTA?oc=5,offshore,RWE to scrap three offshore wind projects in $1.22 billion deal with Trump administration Washington Examiner
2026-08-07 00:17,RWE’s $1.22 Billion US Settlement Clears An Offshore Wind Overhang - Finimize,https://news.google.com/rss/articles/CBMilwFBVV95cUxNSEp4TmJZQ0czNE10aTlDNnN2R2k3N2lWaXdrZTVhdGUtRl9PSHAzVTVJZHVzUmFDcW9xUTBscTVFXzAwdnVpMTVCekROUDM5a0IzX3p4c3M4ZThjaXBveFJMbXFwTDY1QVcyRWhpVTVFNU9rbk5ZMldmVFY0cFNfckdSTFVOUW5lZlpVS2dVNnBVTGhxUGVv?oc=5,offshore,RWE’s $1.22 Billion US Settlement Clears An Offshore Wind Overhang Finimize
2026-08-06 15:14,RWE to relinquish US offshore wind leases in USD-1.22bn deal - renewablesnow.com,https://news.google.com/rss/articles/CBMiogFBVV95cUxNR0lPeVZMbFlzMnFQemdCdUp5cmgwMDFjSzdsOUZVcExHOUd6R2VGeWI1WVIyWEZNdlFIczNvRWhmQzhqUnBpU0RfMUJmZ1BlX1NEQmFPSktNdHduYWxmTVNQVFRtR3dUeTlZd0VLWkFZRFZ1VFJvbTk2OXdDTjdUS0xzNFI2SHhhSG5kTnN5R0RKdjloVkVvYkZ0aUxKTGRvbkE?oc=5,offshore,RWE to relinquish US offshore wind leases in USD-1.22bn deal renewablesnow.com
2026-08-06 16:44,Trump administration will buy back company's offshore wind leases off 3 states in a $1.2B deal - Bozeman Daily Chronicle,https://news.google.com/rss/articles/CBMilAJBVV95cUxOUkVtNWxfa1BHYW9sVDJmMVVhQ2pmdkhGUUw5ajRYeHhKUElFRGh3Q0dCVUxoQ1ROb05wZ2trR3d3cmFSMHZwMGF5TmJqT0Q0WTc5dUdHeUlDbVRTSC1DMU82alZNQVFYVUVtY1ZxWExYZTYxWkF5S0FqbWdTLUdxb0lGc1lGZkV6YktpUWotaEJ5RVpYdDNiYVE5a1RGMmtpYnhFZXJlSGlteVhWNV9kSi00bk9lanVraWRwcF9KMmg4TXY4WFpDOEgySkNrUmZUQ1RFTUxUV0NUc1RCQ0czTHVjek5ERlc3Vko5aTVFTFU2MHJTOWxyVTdDeUhObG0xWXRWcnB6TzR3NkNhUjNEZDlFUmI?oc=5,offshore,Trump administration will buy back company's offshore wind leases off 3 states in a $1.2B deal Bozeman Daily Chronicle
2026-08-06 18:26,RWE: RWE says goodbye to US offshore wind for $1.2bn from the US administration - marketscreener.com,https://news.google.com/rss/articles/CBMiygFBVV95cUxPeHZBUHlpVFBIMlVueWh3MmlISXQyTkZranhyX19KTzRkWDM1b1VYWjEwbUtCRURsOVp0Z3JaQ2hhc3JHN2x0UmhfandnU21QdmlJelN3NGotdWx2RXo4d3d0RmNKT0w1ZkdlN293TjhRc3dhVVo4MGlUMllxb29uRDVZNTcwbTVTWEVxQ1B5TTA5RDRGYVZUdjBjYUdWZjFyWm5LWlEyVXFhRURzR212eFQ5em5zWmZiTjdZM0RZeW1GT2oyTFBNY3hB?oc=5,offshore,RWE: RWE says goodbye to US offshore wind for $1.2bn from the US administration marketscreener.com
2026-08-07 15:58,Vestas blade break disrupts North Sea offshore wind farm construction - rechargenews.com,https://news.google.com/rss/articles/CBMiwgFBVV95cUxPNmtXOW1PZU0yRHRYTEVLMldCR3praWU4bVJxZDJzekNVM3JYYUVDc0xGNnN1T0xMN3dvQWVucEMxWDhhbDhnOFBVQjVINGVvYVlyVWFiOV9ZQTlwVjZHWGxCU09ua0t0Ui0xSU1HNl9OSi1zdzVDSHVKYmpfdjA4VURxUHRPTjFLYTg0LXhFTXVFdmxVSHVtR0lwOG93MFgwalcwV0JPM0MxczR3cVVvaFNZdTY4a3BqY2NpbTlDNkQxUQ?oc=5,"offshore, blade",Vestas blade break disrupts North Sea offshore wind farm construction rechargenews.com
2026-08-07 14:11,"Yaw Bearing Lubricant Market Growth Fueled by 2,000 GW Wind Capacity by 2035 - News and Statistics - IndexBox",https://news.google.com/rss/articles/CBMiuAFBVV95cUxNOXEtR2tHdWN5WUI3YW5ZckpHRGM0UGltVEdTaU1JWTZhXzVNbXlkQnFiQ0JFVnd0Wk5jQjd6YUoyVnpCdWN4LTROZEJrM3ZiOHRiZ3RTaVlteTJKNzVQRUpvN0IzcklIVmNrVjV2Y1lWTTdISzFhbXo2bHVGc1NEQVR1SnFnS25LdHZzMlFfVEhPZnoyclhwY2JWdmFlbko1TldNWFk5QmZUeGFIUjd4TmJLRTI3MExB?oc=5,GW,"Yaw Bearing Lubricant Market Growth Fueled by 2,000 GW Wind Capacity by 2035 - News and Statistics IndexBox"
2026-08-08 11:01,"Siemens Energy's Order Book Hits €162 Billion, Yet the Stock's Rally Keeps Fading - AD HOC NEWS",https://news.google.com/rss/articles/CBMi1AFBVV95cUxPenpPM3BmcnVVQzY4NVJaMHB1anZ3R3FoSGo3SUg2cmFYX0trN0o2Y2hBOHFtZGNmSFlsclV4cllLSms0Mkk5V2NoTHd1a05zMk40c0ZiQTcyM2FBSk9WSFYtQXZFcFNhOGk1eWsyMGdGNGxKLVVkUXViaWhrVTBndnJFNEIwYVN3bWpSRk94WHdTeEt6UUFvbUNTSVpyRndrcmVOS0UyWHExUE85N1A3SzNUc1R1U0VOcEY3aGpvTU5jbklhazRXTGpJRjB0SU1JYlY0Wg?oc=5,order,"Siemens Energy's Order Book Hits €162 Billion, Yet the Stock's Rally Keeps Fading AD HOC NEWS"
2026-08-07 17:12,Nordex Group reports 10.3% EBITDA margin and 32% order intake growth in Q2 2026 - Energies Media,https://news.google.com/rss/articles/CBMic0FVX3lxTE1HQmlSaUxXdFRha1FReFZwalBTZjhwZGVPSVdsVXllU3dmT3JxbDBkRVNLR1Eyb1JLNHl2N3JUTUdzV2UtT2NrcUdmemEzOFdkR3M4U1RSbDBHT3FpYWdqcG5OZnJPNUtfa0s3OVNFNVdkYmc?oc=5,order,Nordex Group reports 10.3% EBITDA margin and 32% order intake growth in Q2 2026 Energies Media
2026-08-07 13:46,Nordex Secures Over 480 Mw In New U.S. Wind Orders - megaproject.com,https://news.google.com/rss/articles/CBMikwFBVV95cUxNQTdoX3NiSEQ2TlZlQXF4M3JUeTYzQkRLd1Izc0w5RkhLS3A5ZHJTeWpRVWhzeVlrbzEybzVvSXJlSHpPMFRVeVdUczhzSldZNjhJM2IzakI4Q3hRY19mSXIzZTZaRFVUTHdJM0h5LVVVcFk4OUY3MFlTazNQMGRvVUFjalgtNTRUU3ZHX0lqN1ZsTDQ?oc=5,"orders, MW",Nordex Secures Over 480 Mw In New U.S. Wind Orders megaproject.com
2026-08-07 14:55,"Inox Wind Q1 FY27: Revenue Dips to Rs. 814 Cr, Profit Falls to Rs. 64 Cr; Order Book at 4.4 GW - Saur Energy",https://news.google.com/rss/articles/CBMi2gFBVV95cUxOVFpQem4yMHBRSktuTi1kTTJnZE9DSXN0eWhpeTY3WHdhODZwa1cwbncwd1J4UW1UT3NLU1FUU1oxcnQxV2JsSl93S1dhQWpjajQ4ZkJQd0RRVmJwUVk1NWt2ZVBhbEk1MmFMNTZqcGJ1VWJjWFo0eG1mdzRnejV3M082Y2xDOXVuMXhRWHJNQ0RxN21NeTI5ZmVtSFBQX0psdXlsa2V0MXF5MTc2RV9CZkcwM3kwZDNPX3U5eEJadUdkNEhFOUM1aFhFck1pRTRPS3BydE1yd1dRdw?oc=5,"order, GW","Inox Wind Q1 FY27: Revenue Dips to Rs. 814 Cr, Profit Falls to Rs. 64 Cr; Order Book at 4.4 GW Saur Energy"
2026-08-07 14:10,Trump administration pays billions to scrap offshore wind turbine projects - EnergyWatch,https://news.google.com/rss/articles/CBMia0FVX3lxTE1aX29qSkpvb2ZOcEI0RDRqUXgtTGR0NnR5WUY3dFBaQzNPX1RiWkltQi1jejNiTFAwN041YW1QdDhPeUJvVXdSdU1PajBZVDdBRmFJMEFLNFJOWU1fWXZxN3EzTVNyWDlDOHdN?oc=5,"offshore, turbine",Trump administration pays billions to scrap offshore wind turbine projects EnergyWatch
2026-08-07 15:13,Trump administration's latest buyback of offshore wind leases brings total to nearly $4 billion - Oregon Public Broadcasting - OPB,https://news.google.com/rss/articles/CBMi1wFBVV95cUxPUTUwaEloa2FoR2Fmdm5uYmJwbzliSTlWVGpnQ183djRFQlBDOF9vQy10NWRoQlVGR1J4OFZzaUg5VWNsUUgzdTJOVUp6U2pMSzBTMERlNGVQeHFoNlY5OFE4c2pIVXdZa2xHblZtWXQ4NENpRldMZWtPTk1Ca1NtaEtzakFFZmg4cElTbWJvXzlWS2pwTVdCdjdvMGVhUmpqc3FrdE5PRzdrLTNXN0FzcjhoblRnakhXc0x0bFVEbVQxZEd6djhFdUZLNTBEeHlBbHQ1bkpvcw?oc=5,offshore,Trump administration's latest buyback of offshore wind leases brings total to nearly $4 billion Oregon Public Broadcasting - OPB
2026-08-07 22:05,RWE Reaches $1.22 Bln Deal To Exit U.S. Offshore Wind Projects - RTTNews,https://news.google.com/rss/articles/CBMiowFBVV95cUxQbVlwNXo4SVVpNXRCQWtfeDUxWTZlNi1oNkZhWTZBS2owa3R5Vng0WmJpVGxrWkxlcFVXQjR6SU1xNzk2ZU9Ra1ZMNFBpTEYtOXpuVXg3RVRsRTFDLTZkcEhwT0dJQURrR0ZDc0RpVktLdUtjT2NhSzh3YXlJTFFuUFIwUmF1Z2RxaG85TWtfZGhoaFN5QWRleV9mekdBTjVrRUs0?oc=5,offshore,RWE Reaches $1.22 Bln Deal To Exit U.S. Offshore Wind Projects RTTNews
2026-08-07 16:20,RWE U.S. Offshore reaches settlement agreement with U.S. DOI on offshore wind leases - Energy Global,https://news.google.com/rss/articles/CBMiwgFBVV95cUxOZWlpNlZvbUxXOHo5OXQ2VHNLY0hZOUVhN3UxeHFzYlpEZ3czQzBZN2ZTWGhxc1VpbFJIUlMtSDl2VktRLUZ0TkE1U3FpcXF6VnNxdVZrU3d2bjIyZU51cTEtMGdXYVh4RVpMODBlY2ZVUDdURkN0WVQtNDl2NUxmSUpPM1lncW8tcGJQcXVGcFRqZ3M4R3lsRFkwRFI3TjhfZ0VjMGtYblEteGszVmRfM1gxclVCcXhiN0VTbXRFYzZ0dw?oc=5,offshore,RWE U.S. Offshore reaches settlement agreement with U.S. DOI on offshore wind leases Energy Global
2026-08-07 14:01,RWE Reaches $1.22 Billion Deal With Trump Administration To Exit U.S. Offshore Wind Projects - Dallas Express,https://news.google.com/rss/articles/CBMixAFBVV95cUxPN3hhRVVYVmMzdUgwQU90RHVxU0hfQnpBVnVwV1U3STUyNmFDMEV5VVFpdkJ6SW0tNmgxX3lkWHdmZy1EUWhwbExYYXBkaUUtaFBQUjZnTUNOLW1aNUxDWWNlVDJGQmYwclJpZnlGcENYeGZpaFhjand3Y0wtdzRSTEdQYmR3Q0habjgwd3JCXzg0aHVTZGhjNWNCNjdCUnhmRTlZLXYtWlVKWW9HQjZja3plc2Q4dy1RN25pVFVXT3d0bTFw?oc=5,offshore,RWE Reaches $1.22 Billion Deal With Trump Administration To Exit U.S. Offshore Wind Projects Dallas Express
2026-08-07 15:55,RWE agrees with the US DOI to relinquish its offshore wind leases - Enerdata,https://news.google.com/rss/articles/CBMitAFBVV95cUxNZHlVX2Fwd0FydE82TU1qZFIwbU9TR2xtWnNVeHVKb19vbkdiRmhoSEc5TmxIWnZEMk91NlJKLVdPdDlTeXNCdC15RngzVzJWNUdVX183dmV2ZGxnOUcyUVpWZzlPZG54c2FfaEt5aEpkbmxGNTJ6YnY1NFh2eGNpQ180ajVacFZReTd2cXVMUDM2NjVZYTQyczFGNWszbURIc0lsN01LdDlxVjViSnVGRW5rbE4?oc=5,offshore,RWE agrees with the US DOI to relinquish its offshore wind leases Enerdata
2026-08-07 20:41,Trump administration pays $1.2 billion to cancel more offshore wind projects - Northeast Times,https://news.google.com/rss/articles/CBMitAFBVV95cUxPcS1qYmlKS2lLUVRMVFh1X01obWNxeTVIdUZlN3JqVmEyclBCQmZzeGdEQlZTa2VVak5BRWl0WG9yWWdNMUk5N3Y4azVEcXpyMmZ2dWZzenRtNGlLUk5kTkMxbVotLVZFMzdBb2EwWERZX01XSWlxVFpON0U5dlVSd1daSmtya2JDLWJlejhCOF9MMXAtUlpSSVFiRF8zbGdyRENteXJ4d203VDlwczU5QzFIbTE?oc=5,offshore,Trump administration pays $1.2 billion to cancel more offshore wind projects Northeast Times
2026-08-07 16:10,"Trump administration will pay $1.2 billion to cancel more offshore wind projects, calling it 'common sense' - Reason Magazine",https://news.google.com/rss/articles/CBMizwFBVV95cUxPLTdnbExzcmdhekpUdEFFRjBpdEIzYmMwYjdqTnBNZEp1LVh6ZDFETkpuNXJQeHRUMUlXYjBUMWpEM1Q0NVpoVXBNZkh5TTl5LVRsanNyQzZIbEFMcmhRQzFjVXBZVlRUblZTVVVRMkxqc3JYbHN4S0ltdm1wYzM3MG9ScFNGMERKLWNqNDVBT0pFUnc3UWFKN2d1Z01TX01LOUV5ekt2SEdvaloxdkROdnVDMDBJRTNOcHVpNGN2ejc0MWVTZTVfb1dFMEpmejQ?oc=5,offshore,"Trump administration will pay $1.2 billion to cancel more offshore wind projects, calling it 'common sense' Reason Magazine"
2026-08-07 17:57,RWE (XTRA:RWE) Could Be 15% Undervalued As U.S. Offshore Wind Leases Are Relinquished - simplywall.st,https://news.google.com/rss/articles/CBMiygFBVV95cUxQMTNDQmx5bmxtUVlZWi1ETXdCZzhLaFBMSHJHSXpOc3J1N2llTXl5ejlXS1QxR09hUld3Y2t5VDlpWEFnMDNwTWtWZkhzQTZfMUR1Zy1PRjN5bXMyOUFSeXMwZWpTVU9xRnJoS0NZM1NxZmdyaWloZ2dvVUtLYmxxLXdnTlpkd0hUZ2RwSTF0TW9aQzk2VFJybU9aOFNidDY1YlFpQ2RjNjkyMjNJZlFjSWVsMUp0dVRpQ1hEMkM4dHlBZU1wQVhJeVlB0gHKAUFVX3lxTFAxM0NCbHlubG1RWVlaLURNd0JnOEtoUExIckdJek5zcnU3aWVNeXl6OVdLVDFHT2FSV3dja3lUOWlYQWcwM3BNa1ZmSHNBNl8xRHVnLU9GM3ltczI5QVJ5czBlalNVT3FGcmhLQ1kzU3FmZ3JpaWhnZ29VS0tibHEtd2dOWmR3SFRnZHBJMXRNb1pDOTZUUnJtT1o4U2J0NjViUWlDZGM2OTIyM0lmUWNJZWwxSnR1VGlDWEQyQzh0eUFlTXBBWEl5WUE?oc=5,offshore,RWE (XTRA:RWE) Could Be 15% Undervalued As U.S. Offshore Wind Leases Are Relinquished simplywall.st
2026-08-07 18:04,Trump Administration Spends Another $1.2 Billion To Kill Offshore Wind Farm Projects - Engadget,https://news.google.com/rss/articles/CBMiuAFBVV95cUxOUzVFRGRld2s3M2pPemZRN3VtdURwRXhncExXaWhEU3NOcHZla0FMR05hUkNmNUcybW5UNmtQaDF4OExnNEtQYldIeHVSUER0LU5KVVUtY0FKOHY5MnJqYnBlZVZqX2hDa3ZCeUZhZXpEZzhtcmlNdFhiNUh0TkVETDBuWjRKS1puOTRSaFZ4cGdJMHd1YVJMMWc4b2EyOHh1eXRZdGEzYk0wWjJrZVZxcFVWNFBsTi1M?oc=5,offshore,Trump Administration Spends Another $1.2 Billion To Kill Offshore Wind Farm Projects Engadget
2026-08-07 15:53,Trump administration pays RWE $1.2 billion to cancel US offshore wind leases - Межа. Новини України.,https://news.google.com/rss/articles/CBMicEFVX3lxTE1pUG1RcFR4eS02LWVZTHMyeTNhM3BONU5Rd2tHWWxNQ1RJZXVBSTdfYk5IZ0ptQmFiVVFSa1ExWm9vRXV0WDh2SHVqYl9HNTBGemI4MWR6dHd2TjRkdXdKMHZ4bTdodTZ2dUxxc2dDMzY?oc=5,offshore,Trump administration pays RWE $1.2 billion to cancel US offshore wind leases Межа. Новини України.
2026-08-07 18:34,Germany’s RWE drops US offshore wind projects in deal with Trump - Ghana Business News,https://news.google.com/rss/articles/CBMirgFBVV95cUxNSnJxMGlRd2VxQjhZWHRxYVVEOFM5akkxelVDV2hHRy1COWdSM0ZkamxUeWpwaFVnY0phaVdkdmhzZ0VXNzRXNnFYV3A5NG9QMWFrcWFWQWNuZjdWRU9uTDRNRndRbWh1RVdWVWRpU0FrWHJnVGgycW1FVzVQazFZWmNMSUJZa3ZUbm5nUDFsYlVqNE5OR1M3ZVlFZjQtNE5ZQzBDT1hwYU1TZmYxaXc?oc=5,offshore,Germany’s RWE drops US offshore wind projects in deal with Trump Ghana Business News
2026-08-07 15:33,RWE Takes Louisiana LNG Stake Amid US Offshore Wind Exit - Energy Intelligence,https://news.google.com/rss/articles/CBMickFVX3lxTFBxNkpYWDhmUC1aMUk3VV9RVENhSWljTC1xZjFDTGVoYzV0OTFyeE5oV2p1XzhuQVN4Y1FfdkNtMXdfUUVuZDZDWGdOTzJ6XzVuZTVDRGhSZmF6UWdKYnRHQ2N2Q1hCaW1yYndKMDNDU3VoZw?oc=5,offshore,RWE Takes Louisiana LNG Stake Amid US Offshore Wind Exit Energy Intelligence
2026-08-07 19:55,"'Relentless in Its War on Offshore Wind,' Trump Admin Kills More Projects - Common Dreams",https://news.google.com/rss/articles/CBMid0FVX3lxTE9wX1R3MHp1WWthallfOFNNRURjUXhXcXI2ay1WbEt0MHBSSlktcGF4OTY0QWc3SUdvMDViaHNXVVNaYTlFMFQ5SXpUQjhyc0l0WnpYc093c3h6QVJ3dUFoLV8xMkJIQ0dsOFQ5UmNXdFNzSThxMVdJ?oc=5,offshore,"'Relentless in Its War on Offshore Wind,' Trump Admin Kills More Projects Common Dreams"
2026-08-07 19:33,The US will compensate RWE with more than 1 billion for renouncing three offshore wind concessions - Diari ARA,https://news.google.com/rss/articles/CBMi3gFBVV95cUxNQjYyOUNzX2l0Q2lmQjU5SkVIRHBnRFFyWURnU0JZSDVrd1Voa3NvZ1p4VUlZMVdVOFlVWFJTTldWTDEzbUxHeEZGZXFDYUhNbHYzUnhLNU9LclJwWTNkYXZNV3RNcWNSeElMWl9VYkJmTzA4bkZWdm9CSmpzS1ZFLVE0RDJYLXhmNnBlR0xHQ0xlU3dvSHhsZXpZTjNoXzZvcGFOaUticUhkVXpsWFc4bFNNbUc5Wkc1VzdZWmhTck1KTlZGN25CLWRHZ09ESVI4YVVTaTUyRjhEYUpDWHfSAd4BQVVfeXFMTUI2MjlDc19pdENpZkI1OUpFSERwZ0RRcllEZ1NCWUg1a3dVaGtzb2daeFVJWTFXVThZVVhSU05XVkwxM21MR3hGRmVxQ2FITWx2M1J4SzVPS3JScFkzZGF2TVd0TXFjUnhJTFpfVWJCZk8wOG5GVnZvQkpqc0tWRS1RNEQyWC14ZjZwZUdMR0NMZVN3b0h4bGV6WU4zaF82b3BhTmlLYnFIZFV6bFhXOGxTTW1HOVpHNVc3WVpoU3JNSk5WRjduQi1kR2dPRElSOGFVU2k1MkY4RGFKQ1h3?oc=5,offshore,The US will compensate RWE with more than 1 billion for renouncing three offshore wind concessions Diari ARA
2026-08-07 18:07,Trump’s Offshore Wind Crackdown Has Cost Nearly $4 Billion - Gadget Review,https://news.google.com/rss/articles/CBMijgFBVV95cUxOSHFCQVRtdTdTX0xLaHQ2MF85M0pjVnVLcVZES2FqNWJnckFka01VN05BUVphMDh2YUFOd1RkRGFEckZFRWwzWWN4bWhHLXFWVXN0MjBXMzc3cDRBLUpqSUxzWDFTaGhxUU0tMUlob0dQdUczNGtIMWF5U0RiM3RPb0JQT1pyNmVZN0t3ZGdB?oc=5,offshore,Trump’s Offshore Wind Crackdown Has Cost Nearly $4 Billion Gadget Review
2026-08-07 15:25,US to pay German energy company $1.2 billion to abandon offshore wind farm project - ProtoThema English,https://news.google.com/rss/articles/CBMiugFBVV95cUxPNjIyTjB1azFzWThUZ1RwRXZXVm5GN29qdEE0ZHhLaTZMX1hjVllOTU9YOTR2Y3VselB0SVdTVjNNVHpSLVk0aUFSLXRyRjVVN0JmQ0hkeHVPX2dtb010Y2V6Z2RsdURoTmFOVWxCYTd3RkkyYU94YlE0WElvQ09YZDRIVG9HRlpYeTQ4WW9qQ01SZ3BZbTJsSC1ISWlUVjRDekM5OWVTMlg1dDdRZUhialRybzZxTTNEaWc?oc=5,offshore,US to pay German energy company $1.2 billion to abandon offshore wind farm project ProtoThema English
2026-08-08 04:52,Trump spent nearly $4B to cancel offshore wind lease - NewsBytes,https://news.google.com/rss/articles/CBMipAFBVV95cUxQeFg5dXFPMXZ2OEF0VjhOUWNNOXZwenJTM0JLbC1CemVLN05sRll1d1VKcDR1dlMzWlIxMkpGcnB3SFJmOW5Ja2xQVUFpck5CQ283ZTBsOXpOd1doOWtxejhEbS1PVHlzX1FxTWNPZTJjTU9oeFRkTEdOSE42NnBkSHN0MlotbTN1Unh6NDRRakhqeWpuSXVVTm1mamREVHkwZEtJRQ?oc=5,offshore,Trump spent nearly $4B to cancel offshore wind lease NewsBytes
2026-08-07 15:24,US Spent $4 Billion to Cancel Offshore Wind Farm Projects - Zamin.uz,https://news.google.com/rss/articles/CBMioAFBVV95cUxNTEJnZjBJdjh5d05oNWIyNmR3MmhGQk5XaGE1YktyN2dyQXJpUURoY3NqWTBCbkxmaEdWYkJ4MFNLTVJGTFhsU3Q2RzlhbUNIUkVSUGowR0J1MnJManRGZmhzZGdZc3pSZGdjVks3ZnpxQ3ZFbGhRa1B3dGFWVFNRWlF1dm5seVFNZVJQbXhpT183aVhLdW8tRkthSkRkeUpK?oc=5,offshore,US Spent $4 Billion to Cancel Offshore Wind Farm Projects Zamin.uz
2026-08-08 15:40,"Sailors crossing the North Sea had no idea a ""ghost"" wind turbine blade the size of a city bus was lurking just beneath their hulls - Energies Media",https://news.google.com/rss/articles/CBMibkFVX3lxTE9MSGFXNExRWlZaQlNQcE5CQ2txenlMcU5scXFkcHJsdmtWNmJrbURKYVFpaWV3eW1tdkVsQzFCbnQydUtsaUtlMTFVNU8zVC1BRm85eFNONnZYclVqYkt1emVyVEVYN0gxSURoNEdn?oc=5,"turbine, blade","Sailors crossing the North Sea had no idea a ""ghost"" wind turbine blade the size of a city bus was lurking just beneath their hulls Energies Media"
2026-08-08 23:22,Hawaiian Electric selects six GE Vernova turbines to modernize generation capacity through a 250 MW repowering project - Energies Media,https://news.google.com/rss/articles/CBMif0FVX3lxTFBwUXZwamxuWFJoVEpwM2Vub3Rzam9SM2FYd2xIUXY1aE85cFBPWEJvVFluQ21obmZUZFQyS3dHZ0hVSi1jNGhhMHR5SEhoZ2cwQXNScmtPOVhwMnRveDEtOUdfT2tJQTFBWnJRMkFYWHhyMy1qN0VMQXpibExhbHc?oc=5,"MW, repowering",Hawaiian Electric selects six GE Vernova turbines to modernize generation capacity through a 250 MW repowering project Energies Media
2026-08-09 08:55,"As US Offshore Wind Disappears, a Generation of Workers Is Left Behind - insideclimatenews.org",https://news.google.com/rss/articles/CBMimwFBVV95cUxNclpIS1dyajJoS2dyR0c4YXRxWmpUQzdVV29XQjNub19QSk5KSkZfaFdtMFhTa19QRVpLQjY1T01iQ3d1NWJvQTNlNEhoeWVwZzRFWUZkRk54bEZFUDNGQ2xVZ2pYblJRQU83d09vMktoOGlWWXNZLUtrTDlUZU1fcS0zSExYY1IzcHAyNUNia2hpdUJERlhadlFCRQ?oc=5,offshore,"As US Offshore Wind Disappears, a Generation of Workers Is Left Behind insideclimatenews.org"
2026-08-09 03:00,Trump administration's latest buyback of offshore wind leases brings total to nearly $4 billion - Texarkana Gazette,https://news.google.com/rss/articles/CBMioAFBVV95cUxNN1BhSHdVc2dfUkNXSUo1cWhFWW9sUWwyNm91OEFpd2dweWhtZlZCZFFHUmNKS1JkN2gxWlF1bEU0alg5Zi1URDk2NGxqV3BuODlIbU8tSWk3VzB5d1ZxcW1KY3NQbzJQVWtJcHdHa0JlWGtLSjJJd096ZkhBR25Nemlja2VWbzNOd0dYeEJkV0RGZGY5dEZjb1ZMVlBmZlVj?oc=5,offshore,Trump administration's latest buyback of offshore wind leases brings total to nearly $4 billion Texarkana Gazette
2026-08-08 15:25,US Government Reaches USD 1.2 Billion Offshore Wind Exit Deal with RWE - Brazil Energy Insight,https://news.google.com/rss/articles/CBMitAFBVV95cUxQdmNTTXZtRERMT2g2RW1CdU1rQ2xqNTByZ1ZGLXAzaGhQMDdvNElfdU1HS3ZGTFluaGxLWkhsT0Y2ZUp6c0pGRVlCbFB3TXlHejZDR1dnWUxJOEY0aFRwUzVIaWR6eVcweUowTk9PQ2ZCbDdwbzJRSEVTcGZVSjRPSlpKbkJRbGhYWGFFVnNfTkNwWWt4bVJjZ2tmbERHX2FBV2hfV0hRSnRTS1F4VjBIT3lIMm0?oc=5,offshore,US Government Reaches USD 1.2 Billion Offshore Wind Exit Deal with RWE Brazil Energy Insight
2026-08-08 17:57,"‘Relentless in Its War on Offshore Wind,’ Trump Admin Kills More Projects - Alaska Native News",https://news.google.com/rss/articles/CBMirAFBVV95cUxObFdGMG9qRHlnQ2ozWlg0ZGRqNjY1Yl9TN1dOSnMtWEZnNXlDTzFCRUJzajNnRVBiaGNwaHVidkhJaEpHVHM4cjVya1RlcFF5WGZxTXl0ZXNRX3VpLU1NOVVjRDVSM2Z2T18yd1RSOGRfN0Fka3hyQkxneWRUZ2NjR2l0WEFvX2lianR1WEcteDFIbzREMklPMW4xZUZIa2hHVmdPbXhhWHREakFk?oc=5,offshore,"‘Relentless in Its War on Offshore Wind,’ Trump Admin Kills More Projects Alaska Native News"
2026-08-10 11:12,EnBW reveals blade break impact on He Dreiht offshore wind farm construction - Wind Power Monthly,https://news.google.com/rss/articles/CBMiwgFBVV95cUxQM2pBY0h0d3gzN3F1Vmt3R244UDVJSEZFMzU1c21OZHZWZ29KY0xUTkpSbzdCbXpvOWpqbjNFdjh1aFg1YlYxRWt0Sk9xd29FdU9sbFQzTVRuaFhGZ0tQZlFZVnNndVFmMGk4TXBZd21ZbnJGRXowOHVlMEQySVkyeU5uTDM2QVl0TlJlX0Foc0Zaa3NUVGFEdmRWdXRFc2JudmJVWWhxb3BjWHoyLU8zVW1QNkZYMVdWUnZ2MjJ2Ul9hdw?oc=5,"offshore, blade",EnBW reveals blade break impact on He Dreiht offshore wind farm construction Wind Power Monthly
2026-08-10 06:36,Detached Vestas blade partially disrupts construction at major North Sea wind farm - EnergyWatch,https://news.google.com/rss/articles/CBMia0FVX3lxTE5nb1NZUE9CZTBqY2ZQSURCT3BlZHV5N2N6UGc4UzA0NXhDS2xpNTI0OThLOW5fWlVKY0dWa1pYS2JyZTJCalA2dC1DRWgxUnVsV1lEX2hyc3I3Vkl0bVE4ckFKYlVkNHRSQlFR?oc=5,blade,Detached Vestas blade partially disrupts construction at major North Sea wind farm EnergyWatch
2026-08-09 18:18,"Vestas turbine blade breaks off in German North Sea, halts work - eciks.org",https://news.google.com/rss/articles/CBMiYkFVX3lxTE5rQk1PcXE1dTBJWHpZSWl5TVZ5aFhqcklnUE1nOFZpV185MGNuLWhjejMteTN4SVhBYWdwNHRfZDNoWi1xSjNSUXgwelRnVFBPMGFLN29PZmRWMGZyNFh0c1RR?oc=5,"turbine, blade","Vestas turbine blade breaks off in German North Sea, halts work eciks.org"
2026-08-10 06:07,The likely winners and losers in UK offshore wind auction - Recharge News,https://news.google.com/rss/articles/CBMiqwFBVV95cUxQaldpekJERjgzQUhTUUlsTHNGQmZ2dGNEQ0lXNjlVcURid1JUckw2ZDg4azRENEVwcmJUdW1fVkp4LW1xS281Y3dlV1hsTkZsWXBWRi1wR3ZrRDR3amxEckNfM05memsteTBNU2JUMXdreGVqUmlqcVVFdUF0SXA1a2hrZkx1Rkw0SFJld18xUGp3bHhKWDdKVGVnWFVBT3lJWjlGUk9KMmJVbTg?oc=5,offshore,The likely winners and losers in UK offshore wind auction Recharge News
2026-08-10 06:27,Tilt Renewables Greenlights 108 MW Waddi Wind Farm in Australia - energynews.pro,https://news.google.com/rss/articles/CBMikwFBVV95cUxPMlpXX3F1QjZ5clZmS1RaWUFDZUd0dlJ6LTVlN29VM1JUME5xT216WGxHWjNOQlRyOVZNcEhKZDBmbjltME5CLTRKT2FPRll0NUlRQklSMmNUS05YRGZYdWxBX3NOYmE1RGZHc0pEeGdpZUNNWVJsTGpEdEJ2TUNJMVJNc3NjZU01cDJ4aDlJN0lESzg?oc=5,MW,Tilt Renewables Greenlights 108 MW Waddi Wind Farm in Australia energynews.pro
2026-08-10 10:50,Wooden turbine tower developer targets a global market share of 10% - EnergyWatch,https://news.google.com/rss/articles/CBMia0FVX3lxTE5yc1ZSaXh3QTZLWkZTRGIwbzQyZUxmY0MzS0ZqeUJfSlRNT1drR0ZkQzl2TS1GRlktbDRINXpMM0Zmb3VadE5BS01ORGZBR1RNWVZaWHFLOTMwanZ3QjZwM1hNWnJMS2t4SnlJ?oc=5,turbine,Wooden turbine tower developer targets a global market share of 10% EnergyWatch
2026-08-10 13:55,GE Vernova Expands Wind Footprint in India With 163.4 MW Order - renewableenergymagazine.com,https://news.google.com/rss/articles/CBMinAFBVV95cUxPcjNtQ29SVzZjTkJIWGdTbjRSSEF4Tmp4dS0xc1F1Q3RqOGpSRXVMT19UeUJFbm5pVzhtMnN0M3FBS1U3d1JzLTBHNko3OVk2R2JTT1RCeEF4eFJIOFJKOU5RRW9RaDJjYVVRb0hTd3FVaGh0bFFPZ295X01oMGJ4MDdvTlFpMmpUenVOa3BhcDkwaWZ1cF9NT05obDY?oc=5,"order, MW",GE Vernova Expands Wind Footprint in India With 163.4 MW Order renewableenergymagazine.com
2026-08-10 06:01,"GE Vernova T&D India Retains Rs 5,675 Target As Nomura Cites Order Pipeline - Whalesbook",https://news.google.com/rss/articles/CBMi8AFBVV95cUxPamJIYlFfWE9ZMFo2cjhvcTBESWFyNDkxejdlYzNuYzhsazEwOEhrV01GMTc0ZnFoZXF0Z3NTNktWREs4dy1sdGpEZ1AwWXBRX212eS1EN3gtREZ3MmxDT1RaVGRvMTVxb1RPVG5GNFBWbEUzV1Fqenp4X0xzRHhIX0U5Rk5lS2RfVE5hQWpVTWdjTGtyTGVEa3BfMXpSRTU4VWEtYl91TVBhVkRPVFNkMExUaW9zeHNEb1ZmSDhKWTdwc1FrQzA0OHhmQkMwZS1tZV94QjRiZ3VPMWUyZ012SjgyN3FLMkdvQV80Wi1RbWc?oc=5,order,"GE Vernova T&D India Retains Rs 5,675 Target As Nomura Cites Order Pipeline Whalesbook"
2026-08-10 12:20,CNOOC Brings 16 MW Haiyou Anlan Floating Wind Platform Online at Lufeng Oilfield - News and Statistics - IndexBox,https://news.google.com/rss/articles/CBMitgFBVV95cUxPQ2haVW5Zc3hLdFg4UE9Ib2JqVTFnakx6QUNuVDFqa1N0MFVUNFdJY3BhUGZjX0pqWEViNlNRTWF2dkhxbUwyR1ZnaFlkZnNtSGRZSnl6QU5JMVYyTHppRGRsNVROZFNDcmtuaUF5VVBlMi0xVFUxaUpuMEd0Sm9jN25jc2FFbmJuVWNwR2YzemNvM09jcHNpR3hFU2tMekprTFdFVmFUTDFCSGx6X2VfeDdEUWdGQQ?oc=5,"MW, floating",CNOOC Brings 16 MW Haiyou Anlan Floating Wind Platform Online at Lufeng Oilfield - News and Statistics IndexBox
2026-08-10 13:29,Mingyang woos Burnham in his own language over UK wind turbine factory plan - Recharge News,https://news.google.com/rss/articles/CBMivwFBVV95cUxPSEtkaGxRcml6UEJlelRmVlZxcmVlZHhweXJYMGR6djBxOC1JVnJPUmlJbHNiUHpHUnpVNFBTOVJtN3pjVlpOeTNnQ1QyZkdSRjBfcmtoQnM5S2JaN3M4QWVfVmE2ejIzeUVmeEVFMVA0XzN6Q3gwMXJ5d1hUYlJldk1VTlJkVEpJbnNKRm1seG5seTAxRU50MFVtNDNUQ00ybFNkZWEwWEYyTzRxdnZQVS1CRmJTNFl5QmVWT0NBOA?oc=5,"turbine, factory",Mingyang woos Burnham in his own language over UK wind turbine factory plan Recharge News
2026-08-10 07:46,Chinese wind turbine giant urges Burnham to overturn security ban - agcc.co.uk,https://news.google.com/rss/articles/CBMiowFBVV95cUxNOTFGcUo0eE5jRnBpM1FJWXU4d0dsMktVUkJNaUN5aFY0aEhKV1QtYUtBa0JaTjQzRGFRdzVlWlNyOEhLSHFwSmxwZEFRazE3X0F2LUFCaV82RHR6dnNGV0NjU2tSR05uRUgwRGpKbHV5UFhfMmt3R3U3YkRaQkREcy1vZHRta3lXb3FBUGtQV1Vkblp6d0xIcXJtRzk3d3BVamQ4?oc=5,turbine,Chinese wind turbine giant urges Burnham to overturn security ban agcc.co.uk
2026-08-09 14:30,Chinese wind turbine maker urges Burnham to overturn security ban - The Telegraph,https://news.google.com/rss/articles/CBMirAFBVV95cUxQSzA3aEdhT2daT1VUeUY1NTB2ZEQ0MVRiQUlKcS10Mm9lS2ZVVUdLdExOTEV5dzV3TW9OYVFnYXZMSUV6SUpuTm42UzJ5Y0tfREk5Tk5PbjYtZF9zcGhUMl9IWTlfR1RlR2lDeUtpNGh2WC1RRGFoSXptLVBPczE0Q2kwMXFYNGFhRVRCN0wwek9DMXZNZkh5Ym9abGlBeEhfTWd5SVlsMU5FVHZo?oc=5,turbine,Chinese wind turbine maker urges Burnham to overturn security ban The Telegraph
2026-08-09 19:00,Nordex secures 525 MW order for wind project in Türkiye - Inspenet,https://news.google.com/rss/articles/CBMic0FVX3lxTFBZODJueG9ZZTNDNThuVUc1MTZZRjZGbWw0YVhudVhoeEh5anR0alhwR1lXNm16THBkZW5kZzFhcFpBUnRIYll0VUYzYzdReHVzVnBoVmV4d1hHbnVzYk1NNXZaeDhpTnV1a0h2Z2xRTEhKSlU?oc=5,"order, MW",Nordex secures 525 MW order for wind project in Türkiye Inspenet
2026-08-10 10:27,"Offshore Wind Installations Market Size, Share | CAGR of 10.4% - Market.us",https://news.google.com/rss/articles/CBMibEFVX3lxTFAwdURpZFJrdmh5UXd2MFVfTHpVeFl5bnNldkdveGtLU2hhZW5maEZ2WG5VS3lfbGJBZXN4TDNNTV9Ta3h3SUlKOUVKR25SS1hmNWFwWEpnLS11aWd5T2RoNEhOME94ODZnTWFxRA?oc=5,offshore,"Offshore Wind Installations Market Size, Share | CAGR of 10.4% Market.us"
2026-08-10 10:05,Vestas says goodbye to procurement and offshore support managers - Recharge News,https://news.google.com/rss/articles/CBMitgFBVV95cUxQQXMtQk9mdVluNTJ3QWhsbS1ncEpvdS1nNktkTVhFaXg4anRtUFZfblEwWFdqbnZaaEQyZjctMS1lWVc4YTg0RnM3Z2N4NE0yY0tOU045Rm9xS2ljV0tZbDJvOWFYT1VrNUdyQUxYZ1g1OVpZZzU4SGtpOHNubFZRYkZSZHNnWkpvcXp3dTAzQzEtRmg3b0ZMRHNjRjAyTDJTYVZPV3ZBb2xyQnlLelkxWGE0aHZZQQ?oc=5,offshore,Vestas says goodbye to procurement and offshore support managers Recharge News
2026-08-10 13:53,Enercon's order books filled through 2028 amid return to profit - Recharge News,https://news.google.com/rss/articles/CBMisAFBVV95cUxPSWJEeHowdXpKTzUyM2FDam1TV2dDc29RLXdEMXE2NmNiNGt6RW9HWGhqVHdRQ2ZZaE44NjlwR2ZVeS1xVEZQZ3NybU03Wk5PVjFkeEhndlNhQy1zTFhFVXRlZU5uUkh3ajN3QndZeG1xM0I0azI1N3BFcWhhLWE3NDAtQmcyRE54QmxQZmhsOG5NbWpJT3lqZU9ORXpsb1N1VVJFbkNZbXRuaEhzQ0lSRw?oc=5,order,Enercon's order books filled through 2028 amid return to profit Recharge News
2026-08-10 13:51,Qualitas Energy Starts Construction of 42 MW Ingstetten Wind Farm - renewableenergymagazine.com,https://news.google.com/rss/articles/CBMinwFBVV95cUxOQ3FCLU1kbWwyMnU4M1dkWFMyd245VWxpSGdOUlZUN210OENsUXktcmpMNzM3WmdQWW1KaVhjazBLRUt0dkh5VXdwaFVfek1FXzNkVGUtYkRSS1AzeUYtRlN2Zm1ncWJoVkxfblJUUVVpUzRWaExjbldkRnlvRzF1eXZNUnR6MHAzbHZjZHVEVXdjUmhTc3E5eFNnX0wzSVU?oc=5,MW,Qualitas Energy Starts Construction of 42 MW Ingstetten Wind Farm renewableenergymagazine.com
2026-08-10 01:37,Qualitas Energy begins construction of 42 MW Ingstetten wind farm repowering project in Baden-Württemberg - Energies Media,https://news.google.com/rss/articles/CBMicEFVX3lxTFAtalNFQ2tXMU9lOHU5Q3hXTmtfcml3ZEkyVm1NbE5YdlVLMW5BY3oxT0g4TWpxVnZud3J6U20yODJBaFNWLW5sMjBzdFVDYXJjS1BtWnN4ZDFYNC1jUUhtaU9PazZZZDdZNWs1blZLRHc?oc=5,"MW, repowering",Qualitas Energy begins construction of 42 MW Ingstetten wind farm repowering project in Baden-Württemberg Energies Media
2026-08-10 07:58,Jindal India Power signs deal for 160 MW wind turbines - Manufacturing Today India,https://news.google.com/rss/articles/CBMieEFVX3lxTE5hRTNiaEtJcG1uU0RwV2hFaG13QUVudGtMc0RLcDdwN0JJNzg3dGNkRXcyaHM2dU92TW9kc3FSZlFPVEgyWkxaSDlxLXN2b0pBZ3NSNzJadDhwWC1CX3BXU01rdHk4MmZJWTducVhFQkNRUzhVNkh4VA?oc=5,MW,Jindal India Power signs deal for 160 MW wind turbines Manufacturing Today India
2026-08-10 06:18,Haizea Ships Record-Breaking Monopiles From Bilbao for World's Largest Offshore Wind Farm - Breakbulk.News,https://news.google.com/rss/articles/CBMisgFBVV95cUxQWEF4Q2RPbHV2eXlFM0dHbEtwTE1ucjF6RC03VElFRERqYUxGZGxsWHBsaEI1V0dNWDBQdWhyT2xkLXU1bVpQa1Z5MElrVm5Idmdqa0hOVTlreEJ3UjZUMDk1NHllOHFTUW5rd2NqMHZ1UGhFWTJSNU5lZ1piVUx6MWJSWTBIeVZabGZiTmJmU3dqOXJ1c1d5bkRmWl96TzdMTlNndEF1anAzNlJRVWRhLU9R?oc=5,offshore,Haizea Ships Record-Breaking Monopiles From Bilbao for World's Largest Offshore Wind Farm Breakbulk.News
2026-08-10 08:05,The semi-submersible vessel “Trustee” transports monopiles from Bilbao for the Hornsea 3 offshore wind farm - Puente de Mando,https://news.google.com/rss/articles/CBMihgFBVV95cUxQRFF6VlFTSDhNbVJXbm9FcWZ3OTJFSnVtVFloUDV3NU8xM2N1Smd2aGZ5Q2xGQlpjQ0dGbUpKM1lLZkZBNDB6Mk41Q2k4ampwWldQQ21NcWd6Vk12VDVCLVZGV3ZRQXFLbkFlRC1vaDd5MWE4OXUzMGlRSzBRbjJVTVZsM0dsZw?oc=5,offshore,The semi-submersible vessel “Trustee” transports monopiles from Bilbao for the Hornsea 3 offshore wind farm Puente de Mando
2026-08-10 13:20,Trump hates offshore wind so much that he’s using taxpayer money for billion-dollar settlements to kill projects - DredgeWire,https://news.google.com/rss/articles/CBMi0AFBVV95cUxQX2oxVHdESEhzdHpLRlNVMVAzYW01OE9mWER6SDFBRDFSUDkzLWg0SElCU2hjVlZaMjk3VjRTSnFtS3pkRjBoaEtOOFpDS0ZaVTJRR2YzUTJOR2FPTTZ5aEFWYjJfZzB2aGxJMUJ5UkdHaTVZSDN4bHZkZTdNMXAybWlVcmZTRVRwQkk2cEhzUlA1NTdqSkFPY0xPWkNyQXFYbDFuNFpReGg5NVZCYl9TYnNsZ2kzazZzZjZKT1hnV090MG84dFRKY1A0Yl9BUnRT?oc=5,offshore,Trump hates offshore wind so much that he’s using taxpayer money for billion-dollar settlements to kill projects DredgeWire
2026-08-10 13:01,Trump administration to pay €1.06 billion to cancel RWE offshore wind leases - AOL.com,https://news.google.com/rss/articles/CBMifkFVX3lxTE53MjdvdjRTN0VRM3dMWDFWejR0RFZjaC0xZTNXV3dLTG9tUDVzT0JEMXZXeDZUcFRkYkJHM1owOEI5a0gwSExObVh1ZktlVHRGekY2c2xTbHZJRFZEODBkM1lGdVNuS0lYbl9UdjVpNlZ5Q1ZocC04NDZ4M2ZWdw?oc=5,offshore,Trump administration to pay €1.06 billion to cancel RWE offshore wind leases AOL.com
2026-08-10 12:20,RWE exits US offshore wind market with $1.22 billion bounty - Maritime Journal,https://news.google.com/rss/articles/CBMiuAFBVV95cUxON2JZLWNqazZiaXdxLUZuRGZaSng1UTl3eUVlSFphYUwxT3hqV0s1M0xsZnBjVmV5aU5FTFh2eXBGallnN3ItbmVGN2ZZeUJqMzF6QktWOC1VSXEwWVFnVV9aZXlkSERYSDdzd0JFc1I0aU1oS3MyMmdEVGhZZjFHbG5qTk1qZ2FFMlJka21taVJuaGYtQXBwTWw0S3N6alV1LURHZ3JtN2d4TzBiTEJIOXRLUGhTTnNp?oc=5,offshore,RWE exits US offshore wind market with $1.22 billion bounty Maritime Journal
2026-08-10 01:43,"RWE, Trump administration reach $1.22 billion agreement to cancel offshore wind leases - AOL.com",https://news.google.com/rss/articles/CBMic0FVX3lxTE5CZHNBMVJYLTlTSjI4YklJT2ZMV0RkQ3Y5T0hxNkdKdjJtZTB4TDR1MXhHYjdIZldJU0hzXzJfQ1hnSjlsRl9UamJTSXdhbVlYbldoRjNwWmxLZFk0ZWxudTE0Zk1kYzN5OVFwWFc3QUI2OVU?oc=5,offshore,"RWE, Trump administration reach $1.22 billion agreement to cancel offshore wind leases AOL.com"
2026-08-10 07:04,"With Offshore Wind Uncertain, Humboldt Bay Port Plan Keeps Options Open - Redheaded Blackbelt",https://news.google.com/rss/articles/CBMipAFBVV95cUxObkNkTkFmM29kU25hX0RTS0dsbEp3dzBjY2RCV2VXOTBaUjZhcHY3a285OEZpdENXMlhfby1yS2c4NF83OVdQc2dxQlhFekJOenZHRmlOTHBkZHhRTEo2SDNGTm9WcWk1VXpkNjM1cnpnZnpWS3Nhd2xrMkIzVDBWX0paZFk1T1ZidnM0Z0JCYzl0azd2cUNMSnJqTnlJYXo2ZUlMVg?oc=5,offshore,"With Offshore Wind Uncertain, Humboldt Bay Port Plan Keeps Options Open Redheaded Blackbelt"
2026-08-10 02:37,Angola Adds to Drilling Success in Block 24. - Offshore Engineer Magazine,https://news.google.com/rss/articles/CBMijgFBVV95cUxOSS1VaUxGX0YwRGkxeU03NlhwNUQwRS1NUXV5M1hSZTl5OVpJMEIyRUNyNFhtWWZiVUZfczZ2Q1hRLWQ0RllkcUJtUHkwMVZ0QkI1Qy1lMHJSZkdfQVQzVVJDX2lETjd2WHl3UV8xcTJyb1pveUd3bXEtdXYxRnVGdlBJdmsyNFh3QWliZm53?oc=5,offshore,Angola Adds to Drilling Success in Block 24. Offshore Engineer Magazine
2026-08-10 03:42,Full Circle secures O&M contract for West Newton wind farm - Windtech International,https://news.google.com/rss/articles/CBMivAFBVV95cUxONHpGZ3dVNTl1REVUU3dzd0JOMFE1Q2R3V0JZWDJ0Q3lLWFNpY1lBY0trdS1lZzdsNzhfR0ZiMkNJWlNFT1lvWENXNlFlMUptWFRLQXV3NVI0UnlYTWp4QVRpT3JUNEdLTDBoT1FlcEZyN0NsMl9taXZZQzNMWHQ2STdFaTE3VnFqTFlVZ1p6UE5hdWpRa1QyVkZVUmxIUC1XOHlENjROdDlUeXRJYjlJc2VyandHcEs1aXhNWg?oc=5,contract,Full Circle secures O&M contract for West Newton wind farm Windtech International
2026-08-10 07:50,Cadeler Orders More Offshore Wind Installation Vessels - Offshore Engineer Magazine,https://news.google.com/rss/articles/CBMinAFBVV95cUxQWExsYmN6QlZGSC1rckNBelRpVmhMNnFzMnFaemh0b3dqWVoyemo4czhiWk51UndHQU8xbVV0d05wVHhkdVpaMG9BZE5uRHJ1a0lfVUF0dWN2ay1YZkZfbmZ3OVB1M1RZbzRlYmNRTVkxZWhzckFCVVkyUzJnMGVUa3hhdW9PRFBJZWw4Tks4b0QzMGtXV3NfVmk0Qlk?oc=5,"orders, offshore",Cadeler Orders More Offshore Wind Installation Vessels Offshore Engineer Magazine
2026-08-10 11:52,Cadeler orders two large installation vessels for EUR 805m - EnergyWatch,https://news.google.com/rss/articles/CBMia0FVX3lxTFA2Q0dYTjVqclJ1TFJaUWZPWjA3Ulc4MDF3QUJpajdQVkJGOVZpRUE5cGR2X1FUVlk1OE1pWGJvS2dXSGd6X2Q4TUM4V1Fkdk5lRHdQdE9KRkVEWmNqMmN3ejdNZko0cDZ4ZHdv?oc=5,orders,Cadeler orders two large installation vessels for EUR 805m EnergyWatch
2026-08-10 01:36,TechnipFMC Delivers Critical Equipment for Suriname Project - Offshore Engineer Magazine,https://news.google.com/rss/articles/CBMiowFBVV95cUxPMzBUVzNLbEJZMVRLTnZKUjlvUjJ5SkZ1ZktxVHpDODNycFZsR0R4SVA3R2JnbTE0S0Rmb0FyQnhFeUZ0WnI2anBLVkVIcjV2dWRabzAzdGhneEMwNWdyRE5hN2JxVEpxeFZ4RWlDbW9ueVJCQzM5QTFudlRpMFMyelZIU2piM2tfT1dYUkpEcEkzM19vZXhMYy1wSjRMVW5kdExj?oc=5,offshore,TechnipFMC Delivers Critical Equipment for Suriname Project Offshore Engineer Magazine
2026-08-11 11:48,Construction He Dreiht partially suspended due to detached Vestas blade - Ocean Energy Resources,https://news.google.com/rss/articles/CBMiuAFBVV95cUxPN1lZU0pMRUNJdkZNVFF0R01RZVpGTUhaQmdhc1RmT2Jncktld1ZwdXFEcW1naDh4cXFSZjg3R21KclBPSWhCbnlnY2dhOHppcjdKeExIaFVyQzIweXZEQmxQMmt3eUZPaHh6UGoyU29tWWlPdE9LTHdwQ2dOOWtfQ3hLZUJQb3RUSGhkOHVWVDJvQlRiWVBxRmowejJ0NnpQd0gyTklvekYzTjlrOHdkeTVyX1BnU081?oc=5,blade,Construction He Dreiht partially suspended due to detached Vestas blade Ocean Energy Resources
2026-08-10 16:38,Vestas Installs UK's Most Powerful Onshore Wind Turbine - Sustainability Magazine,https://news.google.com/rss/articles/CBMikwFBVV95cUxPZWxLU3pXRFBkRU05cTU3ZlltckE0R2J5Z2h6aFRDbW9jWHN0WU9SZ01vVzRPenR1bDRkeERqeXlQYTRnRXl4a01IYUZyOFJKWkhLNVRlV1o1eUVUYlJ2WWlxT1lCaEhhRmt0VXVMdlZualFpaVFJSm5ETHgwVnhlNDhlSFZ5WjYxSFlNV3ZxR1NuV28?oc=5,"onshore, turbine",Vestas Installs UK's Most Powerful Onshore Wind Turbine Sustainability Magazine
2026-08-11 07:46,Blade Anti-Icing Fluid Market Cold-Climate Wind Capacity Drives 7.8% CAGR to 2035 - News and Statistics - IndexBox,https://news.google.com/rss/articles/CBMiuAFBVV95cUxOWm1tX19aVEZLVUVCb3gyNWVGNWtZUHZiT2RkMEFhVmIzc3BWb2c1SDkwMk9WR2JJM2ppeGN1QjRhdXZ3UVBLNDVLd2pyZDVjZk9lM2ZFeWVPUGlCUVRTTlJPcmNLbzQ3dkN2cFR6a1N2cWxuSXg5d3JPdGtETm00XzEtMXJKaTRTS0tZMWZLRk1WOHJTdmFyNGg3STJTQzdHbmF0YkhHMEpRSDZYWm1oQk5IWmJwSmc3?oc=5,blade,Blade Anti-Icing Fluid Market Cold-Climate Wind Capacity Drives 7.8% CAGR to 2035 - News and Statistics IndexBox
2026-08-11 10:24,Profits fall for segment of developer's UK onshore wind business - Recharge News,https://news.google.com/rss/articles/CBMisgFBVV95cUxOM3QycWZxLUxxdExVZVNvSFFXLUNwVWN5dDBrMTBrRHlXNVRGVDVUTm9mMnFtbFdLQWZ1WmFBVmZvTjJqbERtVTRmU3hjMDZ2SV9uVWlZX2YwSF9fbjJZNTV1Y2NwNXlSWk9jNjNnU1gxdW9KSWgtUVllSklrSGFFSXBhMzZENGtjd3pScVZGQXpRbnJlaFNMcWdVSVF1dTFjUU5QTExzNjk0MnEyVzYwc1pn?oc=5,onshore,Profits fall for segment of developer's UK onshore wind business Recharge News
2026-08-11 07:33,A 22 MW Wind Farm With Energy Storage Will Be Built in Mykolaiv Region. - ubn.news,https://news.google.com/rss/articles/CBMikgFBVV95cUxOU3VaaG5IYW5neXQ3STgtQzJZT2xULUphRG9Fdkt1TEtCV09zYkczaHRmTkwwcjU4QnJvY3NiZ0Z5TGJ4NFpBOXh0MUlUU3dnbVlKQVluUGJsUXJvUVhadnNyXzhvS056TVNHdEFoRnVLUWpVcXB5R1daVms3VGRITzBNX19UaHRJS0l5djVCLXA1Z9IBmgFBVV95cUxQWkZ0bUt2bWVGN3p4MzZBUVEtT0ltWkJfRWhqeUdwYm9wczdXaFNMeHByNEpzemlaWnZrd2lUcHd3aW1DUXhoZkR6elVYR2lZeTBHR0dsWnlHVU4tRVFUWDU5U3dUblJjS0RQMnpqMW8yU0tKZjlyLUh5S0gxQmMtSEMzRjZ6UXExMk95SkZaZDZFRlFBQTlFMnJB?oc=5,MW,A 22 MW Wind Farm With Energy Storage Will Be Built in Mykolaiv Region. ubn.news
2026-08-11 00:44,GE Vernova signs 163.4 MW wind turbine supply agreement with Enfinity Global for Rajasthan wind farm in India - Energies Media,https://news.google.com/rss/articles/CBMie0FVX3lxTE1yZVhJZzNmLXJWUTJYMHBCR2hDTGZidEozT0pkMnIza0NKVnRQb2IzMHdoSlZSdXVKb2tYSGtWcW9sRXFhSHVwVllRdTRUWklCbHFuLWowQ0pxNE1xRHJhWEp3cDlMendpR3U2NUhOSS1xaGlabHdMT2NXSQ?oc=5,"MW, turbine, supply",GE Vernova signs 163.4 MW wind turbine supply agreement with Enfinity Global for Rajasthan wind farm in India Energies Media
2026-08-10 20:37,GE Vernova (GEV) Wind Orders Rise Even As India Trims Doubts - Yahoo Finance,https://news.google.com/rss/articles/CBMiiwFBVV95cUxQWm92LVhRQUlSOFMyaGlwdy1sQXJZa0RwMkk5QzR1VkhQQVk1OUVlcHVEcUhmYUE0TnZyOTJvRlplajJobS0yd2h2aHFTeWpMTnd0dDhqT2R3Mzh5OGd2VDdtb0o3bU1DdjU3WEwybmo1T1JDcjNfNlNZM3BvbXZSY2g1RC1FOERra004?oc=5,orders,GE Vernova (GEV) Wind Orders Rise Even As India Trims Doubts Yahoo Finance
2026-08-11 06:51,"Germany embraces offshore wind CfDs, but only as a fallback option - Recharge News",https://news.google.com/rss/articles/CBMiswFBVV95cUxONlROQndFOGsybGxZYUplQ1JnOVQyTkd0M0pJUGNKZVdhR1llSm1fZncyRVBEZFR4QnU4UF9oeEw2ZmFmcnBfaEktQmJKV0NwX3BjUm9sLW4zbHhtWXNfa1VrZmh6eGRueFVmUmlNTGxzc0FvVnlfRXd3Zk4yTXBWUHhLLUp5LWtmVW5YaHZUWlBURVRZQU1ONEZCeHJuVWpCejIwU2h1LVQtcXg2S1pfQW5UOA?oc=5,offshore,"Germany embraces offshore wind CfDs, but only as a fallback option Recharge News"
2026-08-10 23:51,"Giant turbine blade falls into ocean, disrupting construction of gigawatt scale offshore wind project - reneweconomy.com.au",https://news.google.com/rss/articles/CBMizgFBVV95cUxQVDNxN2pPOHgtLUZ3bDZZaVBIRl9vaG1SeEdSOGlNNHk3Wk5fRDhwcjVZNVd1a2Nnd3hZZ2k5Tm8yWTlHMVV1SlE2aUFtYnZ5Sm1tSzF0aFNqVmc1eWROeDZLYXdyT294YkZwQVIzY05PNG03b2dsUFNaRGtPeTQxcEROWURYSmFkV3kwR0tFaUt0MDA3SGp3MjduOXZuUFBBRHp3dHFBTzlMcmJRdngtdGI5THM1MVZfRGFZOHpvS3lDbklscjJmeUx6c3o4UdIBzgFBVV95cUxQVDNxN2pPOHgtLUZ3bDZZaVBIRl9vaG1SeEdSOGlNNHk3Wk5fRDhwcjVZNVd1a2Nnd3hZZ2k5Tm8yWTlHMVV1SlE2aUFtYnZ5Sm1tSzF0aFNqVmc1eWROeDZLYXdyT294YkZwQVIzY05PNG03b2dsUFNaRGtPeTQxcEROWURYSmFkV3kwR0tFaUt0MDA3SGp3MjduOXZuUFBBRHp3dHFBTzlMcmJRdngtdGI5THM1MVZfRGFZOHpvS3lDbklscjJmeUx6c3o4UQ?oc=5,"gigawatt, offshore, turbine, blade","Giant turbine blade falls into ocean, disrupting construction of gigawatt scale offshore wind project reneweconomy.com.au"
2026-08-11 10:56,Aksa Enerji Says Its Unit Signs Turbine Supply Agreement With Goldwind For Manisa Wind Power Plant - TradingView,https://news.google.com/rss/articles/CBMi_AFBVV95cUxNdkhZZDVaV29ZOVVaMUluVV9md0NfeS0xeVoyczM4ZGRIbzFVLU5ObDlKVFNHdVk2MnJJdjlSakp5aFp5eU9JaGlNOVl6NlBWV1Z0Ukc4cFZlcVdOWWZKTWdlc3Fxd0JVNGJxLXZPWmo3d0ZQM0tJV2FXeGF0RVExV3RJTlV4cWJmajV6N01UcU5yUGVSTVZyR2drUkRkbXh2ODJuaWNuaS1rYkVLd0s2VGd3NG1yc0c4cHVtODNKV1N0aWVXbFJybzhfY2UxMW9iNy1lN21jd1gxMnQ3NlpXZjRTR05DclVxNzBBMlRnWFVwQ0lBdHBOM3NFTzI?oc=5,"turbine, supply",Aksa Enerji Says Its Unit Signs Turbine Supply Agreement With Goldwind For Manisa Wind Power Plant TradingView
2026-08-11 09:01,Asian giant chooses UK for first ever floating wind investment - Recharge News,https://news.google.com/rss/articles/CBMiuAFBVV95cUxQZ2NNekpDQnR3Q1VDUkk2Z0kzdXFxQ0F1Mk9zQTZwNUNvTXlkelprUHlKeFJEa3ViOUYzNUdLZXh0TlpQb2R0aktMbUhwMlF1LXVtSGNIMV9GS2RiMmRhMjc5Mk9hMFdYRkNiLUVlX2JzYmsxNnBpOGhob3BoXzVnRzA3OWNqLUVGeFp4UXRoR2hTdGJTTVgzVHVibF95M3VfX0tYenhYWGZnUG1lY2Jvb1FVTEthRFht?oc=5,floating,Asian giant chooses UK for first ever floating wind investment Recharge News
2026-08-11 07:34,Construction complete at RWE’s Enoch Hill onshore wind farm in East Ayrshire - RWE,https://news.google.com/rss/articles/CBMiywFBVV95cUxNRzR3TmR3eXNIOHJZOERVSW9JTUhfSElMMlUybkJaTF9jcWY4T3BNR2FqWENkTDdnVlhpelZPNEdVdkw5RUtmRXZJS2wtRmZKUEVUZ2JONjFWWXctS0x5bmpzTDZJLTQtOE5FdWptWlpya1hjRzN6ZzhCQ0NRMUFoZXZXRzRiVkxvQk1qUloyUllnZVN3bHBlR1hIal9qUUNWQTZsbTRjTUFRbGxWendnXzRIZHJwOGRERE1fUHhDbTVVY2gxX1ZlNTk3RQ?oc=5,onshore,Construction complete at RWE’s Enoch Hill onshore wind farm in East Ayrshire RWE
2026-08-11 09:49,RWE brings live 70-MW wind farm in Scotland - renewablesnow.com,https://news.google.com/rss/articles/CBMiiwFBVV95cUxPMzRsaWhSdnljYjNYeHVOcDhadERQOGJBNnJTRDdnUTNYSkxNWk5NREF2X29ieXdFT2Vxc0h3RzFLWkJZcFBKMElxSmh2VVp1TDB0bW9tT0tuSVNLLWhySC1zRGFhOHFPTFZnejhoUkFYNnFlTU1rMi04MWVUdmk4aTJiTUlkeEZZamdV?oc=5,MW,RWE brings live 70-MW wind farm in Scotland renewablesnow.com
2026-08-11 10:55,"Skyborn labels Swedish offshore wind ""very unlikely"" without state support - EnergyWatch",https://news.google.com/rss/articles/CBMia0FVX3lxTFB5cXpzSHQybnJqTUFOUDZucF9ZRmJ4Y0NxajdNRHd6RFZIUWllRXQ3TUpmYVQ5dktWdko0dlY2WDA5MWpLZk5yUk5JOThJMkVWUTVzODNHSzBGeDlmUDFRb1dpWXVmNEpCVTk0?oc=5,offshore,"Skyborn labels Swedish offshore wind ""very unlikely"" without state support EnergyWatch"
2026-08-10 22:11,"Ørsted's Hornsea 3 Receives 2,300-Tonne Monopiles for World's Largest Offshore Wind Farm - DredgeWire",https://news.google.com/rss/articles/CBMirgFBVV95cUxNbmZNekhFNXdKM1JpLWlUZS1yMlN1Y1NiMlFpbEJRRGYzTGJNLWNqWlR5NTNRMkJlLUVGX1RIN2E4OTdFUGVfdDRMN1VLUWZibXRRSHRfb2F5b0szdE5TUklkMmd6d1c2ZVZjTmRaa0R2N1hMZ0VtMzZ3angzNlJnSnRRTnNRdDhsb1RGY0tXRGp3UlRWNnJDTzVTdXFTNFRZdUg2M3g1OUhzMzdTWFE?oc=5,offshore,"Ørsted's Hornsea 3 Receives 2,300-Tonne Monopiles for World's Largest Offshore Wind Farm DredgeWire"
2026-08-10 14:30,Who Killed Offshore Wind? - Energy Institute Blog,https://news.google.com/rss/articles/CBMie0FVX3lxTFB6c0trakFWRExtZm84VjVQNTVZWkdodzh5WXYwMGRSSHZuM2JMaEwtZHRxTXVCUU12ajk0Nk9vV1ZwVmVWbjdjbjJ5RTdjUjAtdm9KUDF5M2lUUDcyVktBVFdLRWptTXA3b1JYZXFsWmNGSlRZYmhnSUQ0TQ?oc=5,offshore,Who Killed Offshore Wind? Energy Institute Blog
2026-08-10 23:56,RWE backs off Louisiana offshore wind project after reaching $1.2 billion settlement - 10/12 Industry Report,https://news.google.com/rss/articles/CBMi2wFBVV95cUxPbEFRU2ljbjkweVZIS3duMFV2b2xfY1ZQbzZVSzNaaHBlcjc4OVRzN2gzbGJjNnpWV3hMUDdUWDZDdzVfMndsdE9pUXdlemoyY3R2UlNza3A3NTRmY2tWMVViTGhBdEpxWFI1akpnRHNFZTIzM1R0WFFMTTBkTG5QSk1KWGRvaUpoWGl4elJyZHlyOWl6RVQ0bWZ1WjBlY2VMRS12dzEteV9aRkFPYm05eG9CTDJsVlBJRUR5ODQzR3ZkYl8tNGhoUEk2dHVaeF95bXJjSXloLUt0Rjg?oc=5,offshore,RWE backs off Louisiana offshore wind project after reaching $1.2 billion settlement 10/12 Industry Report
2026-08-10 18:32,Another offshore wind project bought out by Trump administration - SeafoodSource,https://news.google.com/rss/articles/CBMioAFBVV95cUxONTZNQ25BTmVOb0dHUjJDeExZN3ZOdXJFT19qRDVWY0xEZkxzWmMwNnVNQ0F0Zkt1cllTWWdfMEREeEJ2MUtUV0pYTWZheHRlODZYMXdONjc0b2otVEM0X2VENl9wOUIwQzREWnI0VUMxN3c3SzhUbnZhTHM5MldKOHRnMk93SFVvaG10RHNfUnQ4YmFJOHd2Y1ZtWWIwdUxk?oc=5,offshore,Another offshore wind project bought out by Trump administration SeafoodSource
2026-08-10 16:20,Google Signs 15-Year Solar PPA With RWE for 155 MW Oklahoma Project - CarbonCredits.com,https://news.google.com/rss/articles/CBMimgFBVV95cUxPdzAyTmV5dVhWMDdlRW03X2FfczNiSEZKYlh1VzVyd2taVDZCb2NJTkpZY1NCbjNjN0libVQ5MnFEWkE2NjYyRWJkOVMyWTA3STFVTV8yWVk1c1dLWmVFMnFmc0dYRV95dzJKTXEzcWt6ZHZUa3drdzUzNjJKNjRHTGI0SWNsU1l2Ylo3d09QYm93REdYdjdRNWZ3?oc=5,MW,Google Signs 15-Year Solar PPA With RWE for 155 MW Oklahoma Project CarbonCredits.com
2026-08-10 15:15,Trump abandons offshore wind project - Energy Live News,https://news.google.com/rss/articles/CBMihgFBVV95cUxOS0Z2YVktdWZKYl92NGQ3VWpXMGs5MjU0a05JVHFudjd5NW0zdGhXb3ctdTlSV2xjNnJVTWlvU1ExNG9RVU15WG92bUxzMjlDaEpncFhkRE9MTE1GU3BudWtOT3VDTkowRE9hVGh2NjZVVEN3Sk1IUnpyU3pLN1Y4X1Z1RG41UQ?oc=5,offshore,Trump abandons offshore wind project Energy Live News
2026-08-11 06:31,The likely winners and losers in UK offshore wind auction - Upstream Online,https://news.google.com/rss/articles/CBMiugFBVV95cUxOWnF5c2hRSzNsdFY0UHFkRmFPNjZsOTNncGpDZUVnY2s5bE4yQVFZSVZVNF85TmZlSkh3UmtiLVc5UjRSaDVQclA3YlRzMmlaU2tac2VaSU05M29tZ2FyUlhCa0t0Y04wUWo0TDVTdGJfNThsNjU3RXcxYWlYdTJaRm53SnExRFBPcjZkYnlsOFNxREN4Mm5GQ05aQ1c4WURBRFcyb3h2Rml5YTN6cUFhcWNhdDN1RThOWmc?oc=5,offshore,The likely winners and losers in UK offshore wind auction Upstream Online
2026-08-11 08:31,Onshore wind developer told to search for underwater shipwrecks - Recharge News,https://news.google.com/rss/articles/CBMiuAFBVV95cUxOSzZXY3lpdm50VUxURHl5TDVtNDNRcnVnWC1PRWFBYWN2RkdpTGY1eUF2V0R0aU9YMlltWThTR3dzaG5PcDVqVklhbllwU0Z1M2dPbFpnUDJHVkFlbFJuWXRwREpIUzJnUk5PTnpNZmJyeVlQOFUwUzZFU1ZxLXdFdzNvTGpQb0hzVy1ZT3RfRGJTbnBITXZ2S1QySnhxb011VWV3Zm5fZkQ1OU95ZlRsb2lEZHVfLVNM?oc=5,onshore,Onshore wind developer told to search for underwater shipwrecks Recharge News
2026-08-11 04:08,DOF Wins AHTS Contracts in CARICOM Region - Offshore Engineer Magazine,https://news.google.com/rss/articles/CBMiiwFBVV95cUxOS1pWcWQ1TTJQajJCN2szalVHSzkwa1RGOHJNNWV1QVd6bXdWX0lqZE1Jdkk3WTBYYmszYzJMMDFMdHhHMndhdDdTaUtOeFFtTHQ5MWRWUl93NWhTLWVCTnJFRW1sNkJRMEpuMmktNWN5eV83RXN3NFR3RE1wYkZhb0hGMWxQOEpENlZn?oc=5,offshore,DOF Wins AHTS Contracts in CARICOM Region Offshore Engineer Magazine
2026-08-10 14:39,"Wild Well Control, Oil Spill Response Alliance to Dissolve - Offshore Engineer Magazine",https://news.google.com/rss/articles/CBMioAFBVV95cUxQT1pKaEd4Q2Uxb2ttVXVZRzhRZWJsMkhwampyVm9OYzcwNktZaUhWVW9ZcFBUelgtN0NDeUMwNnVubF9UNUYyNE1iVkJ5R1FORUJaXzhDYmgxNkhvbGFrc0hxZG5tX3QydUlSQzJMM04zYU5mejVIVVVMS0xvTHZJRFA2X2didmFsMGotMVpNNG1pR1ZKZDZLb0VicGZaTFFU?oc=5,offshore,"Wild Well Control, Oil Spill Response Alliance to Dissolve Offshore Engineer Magazine"
2026-08-12 09:16,Vestas Raises Profit Outlook as Wind Turbine Orders Climb - Bloomberg.com,https://news.google.com/rss/articles/CBMirAFBVV95cUxPYzZRMGVNVjdTbGcwVms0RkhzUndYb1B0NFFjMHRMd0VuNnphTVY2dG9tSDJxWlEtNU10MjBrSlRyRDhLX0tlRkc4dEU4V1ExeFJrQms3RUZPOThzc0l2REo3V0hkb3ZCVWcwSFVQRnVQd0FYVUM0MXIyTXdld1hqVEFXejJDTzlFdVZXR19rSWE4M21tek1nWE50ZFdXMHE0ZHdKbll0S1E5SG1l?oc=5,"orders, turbine",Vestas Raises Profit Outlook as Wind Turbine Orders Climb Bloomberg.com
2026-08-12 09:25,Vestas shares soar as wind turbine orders bounce back - Financial Times,https://news.google.com/rss/articles/CBMihAFBVV95cUxObS1pTnB1VlhOaUMwTGFhSlBFODlZazBiNnJQakl0Zk85QV9pYXVPTGhkejJfQjhpNG1OeHlFR3ZMNExNMFI3eE9iU01IbTBFVzd4am9jVGcwQkJmWFNsTEFmSGN3akw3ZzJ5ZlAxWVZjRjVwbFdSU2s4UkZMX0VtcFo4TTg?oc=5,"orders, turbine",Vestas shares soar as wind turbine orders bounce back Financial Times
2026-08-12 07:23,Wind turbine manufacturer Vestas sees revenue up 26.1% in second quarter - Sustainability Online,https://news.google.com/rss/articles/CBMirwFBVV95cUxQZnV5SnZkcDFWY3NkdlQxV1lyTkxETll0LVVrSUx1T1ZMOHhGRS1EN29WNGF4YktJUGpRTmIyT1NlOWxtSFpUWjB6cExCN0ZZQXloSFluTFVydk1ETms5cXlMWTRJWk1SVHZ1UVJTUE4tM0lRZnZOSlpHYnNPaVhwSUlfUGdFeUxGWVhhTTVZZFUxNU1ock16ZXA3Ym9XOGIwdmM4bUxzWHdFUWVHRHI4?oc=5,turbine,Wind turbine manufacturer Vestas sees revenue up 26.1% in second quarter Sustainability Online
2026-08-12 10:53,After costly expansion: Vestas expects to turn a profit in offshore wind by 2027 - EnergyWatch,https://news.google.com/rss/articles/CBMia0FVX3lxTE1ZMzBhVHMza3hVbU1FRFdvblpHTXZfZjZrbXR4SHdvNlhxUzRkQTRrRkFBOFlHNU9oRWU4djBfMDBLZm9rZGFTejJwclpXNjN1bS1hTWdiTjgwVkRROW1DazUtdHM0bzliNktZ?oc=5,offshore,After costly expansion: Vestas expects to turn a profit in offshore wind by 2027 EnergyWatch
2026-08-12 12:52,He Dreiht Offshore Wind Farm: Final Turbine Installed - Marine News Magazine,https://news.google.com/rss/articles/CBMihAFBVV95cUxPWkxsVTF3SmV6dFFVU3pBbjkyZDRhbzRJYWFFOC1uN09CNVMzeGhGUXZuX2tnOUNoejJWbGpBVW5MNGIydm9zc3dMYVNSYVFVNHoxSW91U282UlRlMWxENDBqLU9MLVJub3lJVExRRGpnWFI3Wm5TRW9sUmZSM0dSWTNEX0E?oc=5,"offshore, turbine",He Dreiht Offshore Wind Farm: Final Turbine Installed Marine News Magazine
2026-08-12 08:11,Offshore wind farm hit by Vestas blade break finishes construction - Recharge News,https://news.google.com/rss/articles/CBMivgFBVV95cUxNaXlOQ3ZjaHV0SUNfNUN3dGk5R1AxMk50TzRqQUtyOGYxZmV0cGZ3Z291OTd4Wnh2Ulk1Y3N5ZXlydElZeDdTcUltRWlFNDYtZUJseDBxSk1NUVUtUE52d250SGpPMjRvb0NibDdoSnpuMFA4eFBzTWxtTUZXbmpUWnM2c0FYdGRNanZ4M0pZcnpNc01YNDJSc1BlU1g3Sk1HZ1JDSURvblBaekxTc21ia29vSU9zOUFsb0JMMkR3?oc=5,"offshore, blade",Offshore wind farm hit by Vestas blade break finishes construction Recharge News
2026-08-12 05:58,Vestas Raises Profit Outlook as Wind Turbine Orders Climb - Bloomberg.com,https://news.google.com/rss/articles/CBMiywFBVV95cUxNUEVGMDdjV0YzV0FMRHR4ZmRZVnZxQk1ndllSZFBqV1BYSmw1SFJzSzBTTmFxaHR0WWxOeWNCMGVFRldaQ1VQLUpRMW9DamFsYVJNU1ZSNUZzcVFPSHBEYlpMSjZXbGJHODk4SkJLRG83MWpBcFktNWd3T0FmNGlja19HTzZkY0hIN054Rk1wYTN3N25GbkJUTnQwaEF5ZnlzOG1YdjBTdF9sekRXbGw1akdIelJNaHBGOUlYdG5sNk02X1NvcGlDd0pHNA?oc=5,"orders, turbine",Vestas Raises Profit Outlook as Wind Turbine Orders Climb Bloomberg.com
2026-08-12 05:34,Wind turbine maker Vestas raises full-year outlook - marketscreener.com,https://news.google.com/rss/articles/CBMipgFBVV95cUxNQ01LVG5zcWVvSl9UUG55M0Z2Ynllak90T3kteEFuRThDb2Fobm9Jenl0UVllQXBrNk4tQ3AwZGYtT2dfX2pPckJZalJXWXpXVUdlVUxOQ3JHME12Q1NDRTE1Umpjdlowa0pVWWhRSWFzVTJscGFuTlBWU2oydjZwUHhhU0F0VEVjZEtyQ0J4czZ4bklsR3B6Y2loUVctMF90MmtzbHBn?oc=5,turbine,Wind turbine maker Vestas raises full-year outlook marketscreener.com
2026-08-12 08:51,Vestas raises yearly profit outlook as second-quarter revenue and orders surge - Anadolu Ajansı,https://news.google.com/rss/articles/CBMizwFBVV95cUxNT2dOeGpxU1U3YVl6MTZuc1JYVE9kMGVvR2dLR1RCZlR6eVRQYk5mejFnUzBobDNudHVZOXVUNVlXbjVJZUVRWFhpMk02N2RnWFEtQnp5RVExOC1FX2ctX1Z2dHhWcDRfVXMzS2tMejh6MlBHbXVPaHNTb3VvSWd5NXpJc0gxRFpSdHdwNHAxajNOVnV1b0NQZlNMMnZLZ1JmQWdyS0U4cFdTa0hzZUxkX2dOaTFMVzRhcm14ZmRDWXFaazNMNDNNeUxOREVGZ1U?oc=5,orders,Vestas raises yearly profit outlook as second-quarter revenue and orders surge Anadolu Ajansı
2026-08-12 05:49,"Wind turbine maker Vestas Q2 beats estimates, raises full-year outlook - marketscreener.com",https://news.google.com/rss/articles/CBMi8wFBVV95cUxNUEV3TmktT3JjTWlvY3VuRmRTY2hUTGVNTWZ4T3kxWENIamxnVDdwSTk2bFNoVWkxWmhCQ1FaYVpPRjdfTzJ3U2Q0bHBieHEtTnh0dXM0bHU0M1pLTmpZTTdhMlZ0M3JGUFlMOTd5QXJjb3JBcWJWdnhmaE90RTJaNnFXTUxYbE9VQ2NRRUM3S3dDeW96akRGUjRPVUpMeUprZ2x1b2VFVW5oYUtpa1pBTjFMY2NObWlrSnRBMlB5alFyMFRsWV9ZaklZamtkd0lueHR0NGRoLVFVZ0FFejhZN2NBbnBjb2stM09EWXNQVzRyNzg?oc=5,turbine,"Wind turbine maker Vestas Q2 beats estimates, raises full-year outlook marketscreener.com"
2026-08-12 13:00,Vestas aiming to get offshore back to black in ’27 - reNEWS,https://news.google.com/rss/articles/CBMikAFBVV95cUxPUzVPT1czT2FxN2pkU2NwMmt5cXFHdWN5MVJKZmR0X3g4V0FaeUdWVXBXdVdYd25peHFzSDBSNXF1ZEx0QnhZZURQdVFIUkU2cHJOUTNDdldPa2ozelNMdDZtSkxtbnpudGZ3blJEcVNvV2ZGRndhaWJaMnhzdHM4YllLMl9nQVVCa19rMlhMV1Q?oc=5,offshore,Vestas aiming to get offshore back to black in ’27 reNEWS
2026-08-12 09:59,Debris ‘contained’ after Vestas blade failure off Germany - reNEWS,https://news.google.com/rss/articles/CBMimAFBVV95cUxObGZLRlhIdktMb1RNSFpWZS1oM0wxd2VCdm5kZnAzeWtPSWh0ZnZCVVA0eWlvRFFkNXhjMGx2WURjOUt4YzNVc0Fla3RTcEpGdTNYdV9WR0tLQWM0c1owYlRubmc2WUpyWE50dDZLN1BmT2RFN19qX3QyV3NwWVZaTks1NkdJYmRSTEF5enh1QXYwczZpLU1JeQ?oc=5,blade,Debris ‘contained’ after Vestas blade failure off Germany reNEWS
2026-08-12 08:15,Vestas Revenue Jumps 26% to €4.7 bn as Wind Orders Surge 67% and Backlog Hits €76.9 bn - GreentechLead,https://news.google.com/rss/articles/CBMiwwFBVV95cUxNVU56U1kyN2xtWExMVUVubDV3cnE0SzI0a1ZOM05JVW15bU5yZzR4aFA5MWhFQ0JfQTVURzdUcGZGS2hZSWJWTFN6WTFkdG83S0RNdVVoU0JrRFBIak1EbFotN2tVeWptcEJjQXg3anhyV1g4M0FZZ1ltS01yQnY0X2g0Nk9VVzN6WGEyZEhXQTZvaWNiT1g3UXNkLU5ubzhKNXdVUUZJeTFmZnVyZzE3UFZDa19iY0wxT21xLTZWYjBWS2M?oc=5,orders,Vestas Revenue Jumps 26% to €4.7 bn as Wind Orders Surge 67% and Backlog Hits €76.9 bn GreentechLead
2026-08-12 11:30,Up to 180 new jobs at Nigg for world’s largest offshore wind farm - Strathspey Herald,https://news.google.com/rss/articles/CBMirAFBVV95cUxOeTMxMzBtTUJwd2lYdXRwdlB0VUxkRVVTQlpyVEU3cE4yLVRGOXJOM05JV21ONXVNS04zSkhXTTNzWV96M0tMNzBVa1R6Q1VJc1FaNHY4M2g5eDRUd2Ffa3dNc1lxb0ZZeXJhV3hsaTE1aW1ndVByTHFoZE4xcUxVR2NJZW9wdDlRZmFuazlrLTZPdEhVdmd6aUhtOGlfTW4yR29lc2ZMU0hXQ3hv?oc=5,offshore,Up to 180 new jobs at Nigg for world’s largest offshore wind farm Strathspey Herald
2026-08-11 15:17,Cadeler seals €500m purchase to 'significantly expand' offshore wind capabilities - Recharge News,https://news.google.com/rss/articles/CBMixgFBVV95cUxNN0FvbTJYTVJfY05xaG9KM3FhaFAxYmZGS3NyVWRfeWFubkdKeWE3eHl2XzBMWE5DU1VQM0M3MXZqcGJCQ3RjeW9sRXJ4aWNzODRWQjhqYUFrcDNibVIwX09FbktkUE0yaDM1aENDWWE4WVBURE1QY0xZeW44UWZXVm9ORmJkcVlEMGNlZ21XUVRLeGg5OWNFTkZDa0MybTJheXlramVGVktBaUlWSTZfYVVRZEJpendzWG1icUwxVFpsX0pNWGc?oc=5,offshore,Cadeler seals €500m purchase to 'significantly expand' offshore wind capabilities Recharge News
2026-08-12 03:14,“No silver bullet:” Wind farms need site-specific technology to avoid bird and bat turbine coll... - Renew Economy,https://news.google.com/rss/articles/CBMiywFBVV95cUxPdTNOU0tnM2t1empGYzVWQXVIektMcmxxQmpzTGRlb2FKYUJuU3BEVFJ0aUw0OEZLMlM4RlhFQTNIYko0NE1XMVJhbmtYTmhJOG50UHJDT2swbzdOcks3YVhKcWRLUXFWdWhvOE5PUlp4cEpURGxScmpFc1k1LW9QNGMtaHRrb2ZjWjJsT3BxdHVFdnZhTC1EY0NJemtKc1JHVWxKSmE0OGpuZE1jNjZHNzJ6ektEZ1pFUXNJMFlLN0J0ZU5PZTd5RjR3a9IBywFBVV95cUxPdTNOU0tnM2t1empGYzVWQXVIektMcmxxQmpzTGRlb2FKYUJuU3BEVFJ0aUw0OEZLMlM4RlhFQTNIYko0NE1XMVJhbmtYTmhJOG50UHJDT2swbzdOcks3YVhKcWRLUXFWdWhvOE5PUlp4cEpURGxScmpFc1k1LW9QNGMtaHRrb2ZjWjJsT3BxdHVFdnZhTC1EY0NJemtKc1JHVWxKSmE0OGpuZE1jNjZHNzJ6ektEZ1pFUXNJMFlLN0J0ZU5PZTd5RjR3aw?oc=5,turbine,“No silver bullet:” Wind farms need site-specific technology to avoid bird and bat turbine coll... Renew Economy
2026-08-11 23:11,Sasol commissions Envision Energy to conduct green hydrogen design study at Sasolburg facility in South Africa - energiesmedia.com,https://news.google.com/rss/articles/CBMieEFVX3lxTE5GdWJxMVBHbG43OTUyazdKZXhyUFRDYm01ZERsWDBRbGV4bzc2UzU5QmtYcnNOcnpKamVJa3NXX3dKNzBWTGpZelVpSl9Wck03MEs1aFpGYVhLWHN3Y3Q4NVVvTldMRjNGNXphX3poQ1VZZjdTc2hZMQ?oc=5,facility,Sasol commissions Envision Energy to conduct green hydrogen design study at Sasolburg facility in South Africa energiesmedia.com
2026-08-11 23:05,T1 secures agreement to supply 641 MW of U.S.-manufactured solar modules for Clearway Energy projects - energiesmedia.com,https://news.google.com/rss/articles/CBMif0FVX3lxTE9QdS1IRm1nYXBxT0w5a1lsa3psZHVsaVRzblNlSktDb0JIdGJBNEtzY2dNLS02NmFBRExMamQyX3EtbUtkc3VPT1EzM001ODFNVkNRcEhQSkQ3OEg3aGRsN2dpV1JsRnFRaWRsWGlfSXk4NnlkcV8wM3hGT2RnOHc?oc=5,"MW, supply",T1 secures agreement to supply 641 MW of U.S.-manufactured solar modules for Clearway Energy projects energiesmedia.com
2026-08-12 05:00,Swinney pressures Burnham on blocked Ming Yang wind factory plans - The Scotsman,https://news.google.com/rss/articles/CBMirgFBVV95cUxOckd1NjZBY1h1U0s3UFlaT2JIVzgxM0lkRHV3aWF1UFc5d2ZGeWpwaFdMaW4yQ3dZMXhtQUFjQnhmZ18wbGF5RFh1S21raXBZMjY1WC0wTzBGMVJYOGtWcldQQVJnZGh2VU8ydTNuODlyd2pia2duY1paZGQ1NFR5T21ldVZ4Nl9ub3BGakpzWnA4OTY5NG1va2NEQU54cjBpQzdDaEVBbVJvUzVxVlE?oc=5,factory,Swinney pressures Burnham on blocked Ming Yang wind factory plans The Scotsman
2026-08-12 09:23,Andy Burnham urged to rethink blocked plans for Chinese turbine factory in Highlands - The National Scot,https://news.google.com/rss/articles/CBMiowFBVV95cUxQNUFpQ1NqRUNwbGVvZjFYYUdxZElodi1QRHVDR0xyZ04zVnJMVTltOHBzSU9vVlBtd3VaX05fRU1OcEd0TVU0cTRwYXJ5Z2ZRdXVLb0Joc2N0bG5WekgtaVZpUGt3TGkwa1RfTE5ITEIxSVlfRDhKYUYwNm5kbU40NUNZeGt2dkZwWnc2YnhGc1VGeng1ems4M3dsRUhwWEtYRWt3?oc=5,"turbine, factory",Andy Burnham urged to rethink blocked plans for Chinese turbine factory in Highlands The National Scot
2026-08-12 08:59,Swinney urges Burnham to rethink £1.5bn wind factory ban - Aberdeen & Grampian Chamber of Commerce,https://news.google.com/rss/articles/CBMilgFBVV95cUxQYV83LUpFakc5LVY5Z2h5aWxBYW9nRlFfZGVmRm9YRTVKTHk3eVNDUldWUE5XbTByVUp3TzZVTlZ3ejA4b1owMDZDSXVEY196V01KT2Q1b1VPMVpObGRWeXA1VXB2ZVAwMnhRS2VPZkoyZ3luV19ETVRQalRUdzFuMDdSSWE0T2RVY1ZfNHBKb2xSaHhBVmc?oc=5,factory,Swinney urges Burnham to rethink £1.5bn wind factory ban Aberdeen & Grampian Chamber of Commerce
2026-08-12 12:26,Swinney calls for Burnham rethink on Chinese factory in Highlands - BBC,https://news.google.com/rss/articles/CBMiXEFVX3lxTE5vNjZyODg2M3NjY0ZYdjR3Tk5sVng1eVRsTzhVa2k2UEE1NWxMOGU2SGtpYVVHZDhDaUJ4NXV1bnpMeUN0Q0FkN3JKdnR5MXRZNWFScVRrcEdQY1BQ?oc=5,factory,Swinney calls for Burnham rethink on Chinese factory in Highlands BBC
2026-08-12 09:46,Swinney 'irresponsible' for urging PM to rethink Labour's Ming Yang factory block - The Scotsman,https://news.google.com/rss/articles/CBMiqgFBVV95cUxPRHVYX01PRUtaQzJqTnVNVHRtS2ZoQlVGdVBlYXgtYmFIdU5uX0FidFpYRlR2a1pmdzV4MnNYUjRwNkYxM0F0bG42dlhlczRJeHdQLTYtRVY5TzFHMjV4RHlFTGYySm9XcVpvUlVzNy1qOW5KbTVfQzdTc1I4NUpEbW9zRHU5a2ZxT1VSMExzZlRMYlVsOEtPby0xVkkzQUZ5MVFqTzY1ZkM0Zw?oc=5,factory,Swinney 'irresponsible' for urging PM to rethink Labour's Ming Yang factory block The Scotsman
2026-08-12 12:18,John Swinney branded 'irresponsible' in row over Chinese-owned wind turbine factory plans - Daily Record,https://news.google.com/rss/articles/CBMilwFBVV95cUxPbnZBcjhWX211MmZ3NnFyVzdwOGdWVEZpZVY5V1ZfU0Rld0IzV3pxZVNBQkNsQVdOT1p3Nks2cDlBTDM0bUtBT0xZUnZKendiaTJvUWRHT0UxMHpiZDFwbVhNR2diUmFvbXpla2tRcXNtRlRoMkF5MU9iU3NZMzJZTTV4WS1QalhyMVlQcl8xeFpydjRGY1Z30gGcAUFVX3lxTE90NzdYaEhLb21WLTd4Qi1WNXNwaXhNVWVBVmVzXzFYXy1NUm5vS2R2bFotcnc0TGZnYVNDZk1hd2tKWE91SWZUN0V6RmxHQlJmTnhBelVBcTBUSEtVRjFIVGpKVDJLeXkweWRfeWk4U0txRFI1VG9CcVVBRkhlLXhkZjV2bmFRejBWd1dMT1FMVXNLYUxsSi0xRFY4Tg?oc=5,"turbine, factory",John Swinney branded 'irresponsible' in row over Chinese-owned wind turbine factory plans Daily Record
2026-08-12 11:22,Nordex secures more than 480 MW of fresh turbine orders as its U.S. wind business expands - energiesmedia.com,https://news.google.com/rss/articles/CBMigAFBVV95cUxQTkF0QVh6dldscW9zM3djdTBJektvcm84MGV1LXNCakUtUXBjVE1qYS1UYXowTWdTbmZ3ZTZnNjZnYTR4ZkJPZFdwZ0U1em5uNExia2pkQkVFX0xGWC1JVXZuQndoRldtdlZhNDg3VElfR2p2Tjl4Y2FqcENMb2NtMQ?oc=5,"orders, MW, turbine",Nordex secures more than 480 MW of fresh turbine orders as its U.S. wind business expands energiesmedia.com
2026-08-12 13:36,Nordex Group Secures New U.S. Orders Totaling Over 480 MW - renewableenergymagazine.com,https://news.google.com/rss/articles/CBMikwFBVV95cUxQekl1emZ6bDM4d0tENWRLQnFqTDF0Y3ByN09ySmpKTTVTVXFXeERGV09GZ2lYMVVyaHhDejdxSnMyQkFvUll4TzFTWXI1d3RBZ0xVOF9IeG1kYVVTbmNhUmFURFdwd1pNWDl0cE5lT0QwRldmRzU0NkNQRHdQb09Fbkx3MWc1ekRubEZqWFk1WEhPN0U?oc=5,"orders, MW",Nordex Group Secures New U.S. Orders Totaling Over 480 MW renewableenergymagazine.com
2026-08-11 16:05,Nordex Group wins 525 MW wind turbine order from Türkerler Holding for Sivas project in Turkey - energiesmedia.com,https://news.google.com/rss/articles/CBMidEFVX3lxTFBfYUJ1ODdzaXR6dll1NUphWHF1ODlwbTNyMmhMYlY5QXk1bGNoU3ZpRFRGbjFuWnJ4N3RlalVYNXZYdFBxaS1YWklBckkyY19LOFVNaXYyN2k2U0t0RDZzczlRR1padC13dWs3UHJOY05Hd21Y?oc=5,"order, MW, turbine",Nordex Group wins 525 MW wind turbine order from Türkerler Holding for Sivas project in Turkey energiesmedia.com
2026-08-12 08:57,RWE insists $1.2bn gas pivot was its choice after Trump offshore wind buyout - Recharge News,https://news.google.com/rss/articles/CBMiwAFBVV95cUxONGszSXRweTA2dlIzVjQxRWY3OGxremF0dzh3WFE3VjBvTVVmcFZsU2hOc2JfRE90QWdVR09waVMxRm9icHFITmJwdEUtT3VSdXBIZTEyUWtremZMRjlSbmlZTUdzWXNOWEwxWnlVc2oxTFM3RFo5OVBjUWVEUG5oTFFqSUxZTDFYbEszc1c0QVctRE5NTkt6VlZBek1FT3BUMXdDUFlHYzVWWTZBTkZqVU5neHFJUzR0Q2dfNzNFLXY?oc=5,offshore,RWE insists $1.2bn gas pivot was its choice after Trump offshore wind buyout Recharge News
2026-08-11 17:40,"In Germany, they had to transport 15 wind turbine blades, each 260 feet long, at night, so they tilted them 60 degrees to weave like streamers over rooftops and treetops as they moved at 7 mph - energiesmedia.com",https://news.google.com/rss/articles/CBMidkFVX3lxTFBMTVlyNmtzLUhPM3VyN0FPcU9yblRneXZ3ZU9yak1LQ0dhSnczSFl5SjctRmxZQl9yckkwRm13bXQzZUMzaGVlRS1neHJNbDF1amZUTGp2TENreW0wcWQtTUpkT0Y5d0w1LU0zMmNDSThfWGR5cnc?oc=5,turbine,"In Germany, they had to transport 15 wind turbine blades, each 260 feet long, at night, so they tilted them 60 degrees to weave like streamers over rooftops and treetops as they moved at 7 mph energiesmedia.com"
2026-08-12 08:45,"As US offshore wind disappears, a generation of workers is left behind - Maine Morning Star",https://news.google.com/rss/articles/CBMirwFBVV95cUxNZnpmQWQxYTE3enR0MnRTNUpvNTdXNm1wMU43MW1QVmtZRGNFZExVaFpGeGdkdV9wV1hER0J5N0M2YjE2aEhMQjhVa2lZNFhXUTlDcmpYMkx2R3RDN2lsLWliaXVtaDFOT3pBQ3U2X21kb25GZGIzczlDZWlwOXRLZndJX0h3bWkxRXU0SVJQV0FHcFEwQmRpZE40VHRHYTlQdTN2OWF2bHBWTC13TWVB?oc=5,offshore,"As US offshore wind disappears, a generation of workers is left behind Maine Morning Star"
2026-08-12 10:43,EEW update on Hornsea 3 monopile progress - 4C Offshore,https://news.google.com/rss/articles/CBMiigFBVV95cUxPZnNha1l6MlM0VWdJOTF6SmFhdmI5eUZPclNqWkY1Nm9NQ01HSDA5d2VHNThHbzBrQldORXRhNUdJdml1cXY4eXRPcUtLMF9NcUFSd1VHelRkZkIxbU9TWXJSdnBha2tuc1NDdVhTajR5c2JNVUlicnFVYkNzZERJVlZTZ0N6SjV1WUE?oc=5,offshore,EEW update on Hornsea 3 monopile progress 4C Offshore
2026-08-11 15:00,Ørsted Expands Texas Clean Energy With 250 MW Battery Storage Project Powered by Tesla Megapacks - CarbonCredits.com,https://news.google.com/rss/articles/CBMiwAFBVV95cUxPV1hlVF9rSHB4WFk1MzBnWFp0V0JKWlVxMmFZUjRIQzlub21EZzdIM3Z1dTNPWFdhaTJBN1JRUWlBcm5mOUtybWlpSHZvQ21kRGlVS1pBazVYS0g5aUlhbnpoS0pjX0V5ZXdScUhhR1hhQXRFX2I0SVpodUxZS0JqVUthMVAtMkJQdWt1ME9GVDRRV0JZOEUtY1NLdmN5ZFYtRzg2OW9yU3VTU0lWYXN4aDQzbUhHbFBFaVBSRDVreFg?oc=5,MW,Ørsted Expands Texas Clean Energy With 250 MW Battery Storage Project Powered by Tesla Megapacks CarbonCredits.com
2026-08-12 13:04,Did Trump admin pay German energy company RWE $1.2B to stop building offshore wind farms? - Snopes.com,https://news.google.com/rss/articles/CBMiZkFVX3lxTFB0dHlxdXBQSWFrTlljSFp3MU5RUk1kNHpzSlVubWVUS1U5OGYyMFI2WUNVQi1rdXlsOUpOMlJPMTcxTXhCVGdoTkxQc0NzSDM4ZVF6MnFoUTdjcVhjdngxV19DLWRjQQ?oc=5,offshore,Did Trump admin pay German energy company RWE $1.2B to stop building offshore wind farms? Snopes.com
2026-08-12 09:04,DOI's $1.22 Billion Buyout of RWE Offshore Wind Farm Lease Is Yea... - Industrial Info Resources,https://news.google.com/rss/articles/CBMiwgFBVV95cUxPWnEzbGI5Tm5aQmF4NTJrRlI4NGhTbmJ1RFYwcW1HOHNmcmRrQko5dENwNVdVY05BLThUWC1GalRoZFJFeExxWHAwanZ5ZEthUExtWGlQNnlBQlp1dVVndFhyamxiZnA1WFJkRkc0VFpoVUhpMDgwVUZlalJmR0VCYnV0TTJYal8zU1RaeFFfY01adlE0SmRMRlFaSTl2Ykx0RzFid0VxWHRwZDFSNlgtN2FYMXM2MU1UcnhjQ3ppcVUwZw?oc=5,offshore,DOI's $1.22 Billion Buyout of RWE Offshore Wind Farm Lease Is Yea... Industrial Info Resources
2026-08-12 05:22,Trump administration to pay €1.06 billion to cancel RWE offshore wind leases - finance.yahoo.com,https://news.google.com/rss/articles/CBMijwFBVV95cUxOb1NWR0JWckJVSXpiUDlBZDk5bXpqX1pGRVFSRFgwTllUX3N3QlNsN0RFdWFHUzN1THZqSXdJN3dQUDM0V2NkdzJDa1RkdG8zOHNaYmRrNlBOM1NkZWNCdXZ3NDFjUmQxTlRKenFtS1pPaHBHcEZLZTR3UTEtSGFGN3NuR25EZWtZOUVyM2R0OA?oc=5,offshore,Trump administration to pay €1.06 billion to cancel RWE offshore wind leases finance.yahoo.com
2026-08-11 22:07,‘We are going to court’: California threatens legal action on Trump offshore wind cuts - Politico,https://news.google.com/rss/articles/CBMinwFBVV95cUxQYm9idkJnS1JTM2hJUlVFTHRRbjhfdXZIVGZZWDQwWGJLLUVyN3YxOFVPYlNNYnFGbURwUDNzbWpaUFQyRXdUQTFralJXWmdKUWxqeFFpdndHdVoxNmFqdlF5NEJpc1hLbXc0WVJvd3JXLWxZT2swQ1ZhcW1wbHp2UkRnejFyQnk5dFllcHgwakd3Skc2dzFXWlpsZ20yem8?oc=5,offshore,‘We are going to court’: California threatens legal action on Trump offshore wind cuts Politico
2026-08-11 19:50,"A 615-megawatt Iowa reactor sat dark for five years after a storm destroyed its cooling towers, and the $1.9 million annual deal Linn County just locked in rewrites who actually holds the cards when nuclear power comes back to town - energiesmedia.com",https://news.google.com/rss/articles/CBMibkFVX3lxTE1ZSVc3QVdBblBsYkhrc3lJcF9mUml4UFowWWVIQlNtdS1ndDBtLVA3UURackNSWHQ3THlSUzdMTUhZU2o2TG1WUExUWGpqVElURGJLcmt4QTVTRUxWaE1xWTkzMC1DNWhoSVhzZ0JB?oc=5,megawatt,"A 615-megawatt Iowa reactor sat dark for five years after a storm destroyed its cooling towers, and the $1.9 million annual deal Linn County just locked in rewrites who actually holds the cards when nuclear power comes back to town energiesmedia.com"
2026-08-12 01:54,Cadeler Acquires Offshore Wind Foundation Specialist - Offshore Engineer Magazine,https://news.google.com/rss/articles/CBMilAFBVV95cUxNckt0VkNwQ3k4bDlFZnZyYy1hR1JOSElyeVhvLXd2TzYyQzEzMk1tQlN6VnRuRjlxWkxtQUNyQnVCNkpsUnZKR1RSNlpLSW9IeFcxRTU4MDlORF9wdmxjMTk4VDBBTFI3RFkwUTdwXzJiR1JQLU1ZTFBJSnoxSVVCaWxOYWFzbHJoOExNemUyc3JXSEl4?oc=5,offshore,Cadeler Acquires Offshore Wind Foundation Specialist Offshore Engineer Magazine
2026-08-12 04:12,Karoon Energy Approves U.S. Who Dat East Development - Offshore Engineer Magazine,https://news.google.com/rss/articles/CBMikwFBVV95cUxPdGMyOGJ0d1dpdk5TcmlIRWxRZk80bHRwNkxwdVFXMTl6Q2RpOUdUektsd2xzV2FTcTFLdzlGZ25WaG10c0lnUEFGNTRYTXdiNU9MOHI2TjVPTk9OVkxEbFdsX3d1Zko0dk1iZWF0T3ZZNGxDRDRrU0dnMkcwdi1hczZ5NEhNVms4T1FoSUlXV1NjWEE?oc=5,offshore,Karoon Energy Approves U.S. Who Dat East Development Offshore Engineer Magazine
2026-08-13 11:42,"Vestas, BMS, FairWind, Collett & Sons Giant Turbine Build - Construction Digital",https://news.google.com/rss/articles/CBMimgFBVV95cUxQYU1DRkN3cmJ3X2UtcmxQdWF0WFpFYW9BS1BjeGRBWW90QmZTcjduN083cHBKcEdkeVJZN2lhSFF3X1hIUzNxYWlmQjdQUWNydWlPdi1oalFQNlh6YjhqU3I1cmdYNEhVR2VQZDljdnVZN0JQUFR2eEVhalNxWHlITlQ2NlRnMHU3Ul9KcXprVmxHMTB1V3VWTHRn?oc=5,turbine,"Vestas, BMS, FairWind, Collett & Sons Giant Turbine Build Construction Digital"
2026-08-12 16:13,Vestas Shares Surge as Wind Turbine Orders Rebound - Yahoo Finance,https://news.google.com/rss/articles/CBMikwFBVV95cUxNcHJ2Y28tTTRzdVB6d09zUnhzNXZHNS1DbnNMUThINFg0VmhocTNjNXlkb1VJS3pWamVPV1N5VDZmbHJTQjlWb19iUVQ2NDZnbWgxblMzUVB2bTZrMS1vckg3ODZ1V19ibVpQRlZpTEV4RFVRQjV0REdZclltMlVoNWFIMGZRdjd0MWlNcmZ0N0ZXME0?oc=5,"orders, turbine",Vestas Shares Surge as Wind Turbine Orders Rebound Yahoo Finance
2026-08-12 16:13,Vestas Shares Surge as Wind Turbine Orders Rebound - Crude Oil Prices Today | OilPrice.com,https://news.google.com/rss/articles/CBMimAFBVV95cUxQWTFOQUx3R2NuVHBqVDVNcW1PcmhRMnFBN0tUMzd4V1Fxbm1NejRId05taUJEUnZTTjBwcXhXcHZaY3RuejV5RkIzV21WYW13LUlIUWY3dzE5MkpxTTI2bmpQeGx1dnJLVlhpNXVGOUlBRnBwOVVfUGdtMlFzMHkzbGczcWYybmFNUGxDalIxWVE0OFRQRTlSa9IBmAFBVV95cUxQWTFOQUx3R2NuVHBqVDVNcW1PcmhRMnFBN0tUMzd4V1Fxbm1NejRId05taUJEUnZTTjBwcXhXcHZaY3RuejV5RkIzV21WYW13LUlIUWY3dzE5MkpxTTI2bmpQeGx1dnJLVlhpNXVGOUlBRnBwOVVfUGdtMlFzMHkzbGczcWYybmFNUGxDalIxWVE0OFRQRTlSaw?oc=5,"orders, turbine",Vestas Shares Surge as Wind Turbine Orders Rebound Crude Oil Prices Today | OilPrice.com
2026-08-12 14:08,Cadeler completes He Dreiht turbine campaign as Wind Keeper enters service - Breakbulk.News,https://news.google.com/rss/articles/CBMinwFBVV95cUxOM3RRcFZDZ0hmMG42WV9JZUw5a2w3TV92WVpqOGFWZUNXenNPZkdVYjVQWnVHTTJvcUdJbFJldWt1a3BuUGQwcTdiU2tucFBQXzdTMU03STBRZ1NwUkdFcy1mWWFNUUVVaTFUazFFcDRZNVFOS3E2X2xPXzBwalRMWGZoMEJYOGlLbDRjVHR2YTVGWGdLSnhtTGJXeXc2MEU?oc=5,turbine,Cadeler completes He Dreiht turbine campaign as Wind Keeper enters service Breakbulk.News
2026-08-12 23:29,GE Vernova wins a 163.4 MW turbine supply contract for Enfinity’s wind development in India - Energies Media,https://news.google.com/rss/articles/CBMif0FVX3lxTE5WVEVKRjR4bmFCMnBUaF9LanZkdm8yOEVVakxFaGsybmo1V3ZUUzNDaGkxRFRySHFvbHhiaVZXZm5kRC1kUl9LSFRoMDZqMG9HM0VHYUFiX0VJNnBjdFhDTm1OQlVFaXFUcU5rUkkxT0JIZTdxQ2Q4YjY3a2RBMFE?oc=5,"MW, turbine, contract, supply",GE Vernova wins a 163.4 MW turbine supply contract for Enfinity’s wind development in India Energies Media
2026-08-12 14:32,Maraen Port Of Nigg Marshals Turbine Components For Dogger Bank Wind Farm - Ocean News & Technology,https://news.google.com/rss/articles/CBMirAFBVV95cUxQUkZPR0ZrNDN1MF9SSENuSk1tbS04MW4xUDhDOUx3UHBmYk5uRkUyMENUcjBSN29BTzFaWUtjNWM2WlMwZWJEWE5fRHFyVlE2cGNoSTJSaUJEZ2Z1Ul9QRXliQjZVWENGTUFNRnlwdzhDa09fbllVcGZzajJEeVNWT1oxd2xsTkdPdHFvYlU4bFQzWE53NzcxZGQ4b0J6b0NVXzRZZVJrS1EwSVJJ?oc=5,turbine,Maraen Port Of Nigg Marshals Turbine Components For Dogger Bank Wind Farm Ocean News & Technology
2026-08-12 16:55,Up to 180 new offshore wind jobs created at Scotland's Maraen Port of Nigg - SSE,https://news.google.com/rss/articles/CBMiuAFBVV95cUxPcmF2dHhrNU1Jb1R3LWphVWV5VzNteGZNcTJELVZ1YzUzel9hYi1ySExaczVldUVLMk4wYzZrOWRfUlA4OG1pVHg4M1VGVzFLUDlVMXhiN1lWT2d3TzVDLXpKakFqTFVIR0czTzBSUHkyTGxtS0JSd3pSNl9vU0hVU3Mtbkl0VTJXUDVFXy1fcnVGR0wyQnNJQk1wVUNBWkZSbmstZEVaMlJYeEkxTkJTUFozOWJuTGhK?oc=5,offshore,Up to 180 new offshore wind jobs created at Scotland's Maraen Port of Nigg SSE
2026-08-12 16:41,Fervo Energy Expands Geothermal Capacity to 1.1 GW Target - sekbernews.id,https://news.google.com/rss/articles/CBMiggFBVV95cUxPWUwyMUFhemhPUDlMWHpNR2o1SDlGdExWUFJWbVJHenV6a3RpYndNdkJBUUNvUUNXa21rajJDT25QY3VkWjQ2a1otNHBlc3A2NkRWWWRxS1YzOWVac2FkZjl6WnRJeVFudUI4RkduMmNIaFB5NW1jVW9YNGU3OXZkbm1n?oc=5,GW,Fervo Energy Expands Geothermal Capacity to 1.1 GW Target sekbernews.id
2026-08-13 08:12,Atlantic Shores ruling puts final US offshore wind permits back in play - Recharge News,https://news.google.com/rss/articles/CBMiuwFBVV95cUxNQk9McHlLRHBQMVNOdFItamtycFpnTnpQQUlNWVN5Q1JaMEUyVE93WDZYUEJCRXYxaGtRNFJSYlg0dUotbk9jTU9OdFJDd0UyMm4wMVpOVVBoQl9jTFBJaFpTTkZaTHRWRHlGXzNpOFZkRDB2QU1nREVHcWJwbHZjb0JVMUdVb2hUNGRPeVlYZlFhUmV0S0dZNkNjVGpsOUlqRkhabUtlXzdoYlNqYXctdEpGc0Jxc1VHMndj?oc=5,offshore,Atlantic Shores ruling puts final US offshore wind permits back in play Recharge News
2026-08-13 08:42,Swinney ‘absolutely right’ to challenge Burnham on vetoed Chinese factory plan - dumbartonreporter.co.uk,https://news.google.com/rss/articles/CBMiygFBVV95cUxQRzRia0luUFpXb2ZTdDNDRzhQZFRBX3dJN1VRWE94UlppWmFSLWRkdmJKcEl4QmtrWE9HZnU2bDhnbVpnYTlBNzMyaUE0SGNWZEhkVkdIeUZzV3JGd3ZpbEFQUm5OSURQRlVNc1pVcVJ5R1VESGlzQXNNSGlWTnA1VFNBMk14NmJ3R2pYZGhKb3p0dTlGVEFyOEo5Z2E1cS1hdmVpVWMxdkdiM0RHWGVDdTgzRlkySTB6UXJPRjhuV1picWhkUkVORXpR?oc=5,factory,Swinney ‘absolutely right’ to challenge Burnham on vetoed Chinese factory plan dumbartonreporter.co.uk
2026-08-13 08:59,Nordex books 82-MW turbine order for citizen wind projects in Germany - Renewables Now,https://news.google.com/rss/articles/CBMirgFBVV95cUxNWXVuN1FoanU1aWhhNmprVkZTYXJsODF2aHRScHpoeU41bVdLaGpLS3VnaS1mdUE2MVVSR2ZBa1dPNFBJOVJxVlpQekc3bWI1QmIzYUk5NmtEWWluTzZqb2lnWVJlV2hnQ0lBVkpaTk5WNElTeVJ6OGdwVV9oNEY4emNKNkxvYWNLSXVQWGZBc29BQkFXdXRza1VyeDNiM3J5NVVoREFNN1JmWTJ3Z3c?oc=5,"order, MW, turbine",Nordex books 82-MW turbine order for citizen wind projects in Germany Renewables Now
2026-08-13 10:43,Nordex Group Secures 82 Mw Wind Turbine Orders In Lower Saxony For Efg Energy Farming - megaproject.com,https://news.google.com/rss/articles/CBMiwwFBVV95cUxNNTJZS1NQQU9Fcm5PNlZySkRielVDeEJ1QWItZ0NYTFdiaWFGZmdXQ1R3dFR2OFV0S1B0UHg3MGttd3U5cEE1LVpKdzBxNFlDUm95c2ljWWpibldDSW90THo4OFdVNVo0ZUNUakY0cV9fR01Qc2Y1LWU1YmVNMVRHYzVMM0xNU3l3UEp4WGpPR0RYZEt5U0hoUmZpbDg5UlU4MzFxUEpwakdRUjFsMUVRVUZmeGtWVVR1X1RkOUNyRXRQRXM?oc=5,"orders, MW, turbine",Nordex Group Secures 82 Mw Wind Turbine Orders In Lower Saxony For Efg Energy Farming megaproject.com
2026-08-13 06:17,Nordex Books Order for 12 Wind Turbines from EFG Energy Farming Group - marketscreener.com,https://news.google.com/rss/articles/CBMivwFBVV95cUxQWi1tVEstVmxIUVpBUGNQTHFWUHllS2FMYUEzRGw2VGlydFpTNktnWXJsVmJiWFdxZ3VQOG9PeU9IcjdnYl9sd1BfSUpWc0J6NU9VTVkySXdjcXRteU80QmxYV3E5UUpGdXJlTmYwODhjRWRqNzNiUzRNWUNGb3B2cXRYbU5DZE1Gb0x6WkU5ZnR3MENaWm1heFRzM1FMdG16TmFTT0pGVXJJeDM0aUlESlgzRVBPM3piLVBacEtOWQ?oc=5,order,Nordex Books Order for 12 Wind Turbines from EFG Energy Farming Group marketscreener.com
2026-08-13 05:33,Nordex SE Secures 82 MW Contract for Twelve Wind Turbines in Lower Saxony from EFG Energy Farming Group - Kalkine Media,https://news.google.com/rss/articles/CBMi5AFBVV95cUxNbHhMOXVDcWZYSzdYX1lGYy12bWNZQkZ1cE9IMEgzMi1GX3dnR2RhRG5SY0ZDdmxhT3BMSWZQWGdjX3ZFcXRoSVYzSlU5Z2hvYkpQaGtWQmI1c1o2T0JuZVZEWWVrX2JzSFVxOWx1b2tXNndLM0QzRHprWEs5SW5Ja3EtYWlsZlJIRnVRSmJmdzFFcjgwWDdHdk9rRGNBVjhPQkd5cTlyTEp1alZkVElUellDZnpTY0ZDRWZpTHhhbHVieFhiLW8tY2dKZDRwQmRYU09VeHVPVTRKeFFJRmpIU0VnZWE?oc=5,"MW, contract",Nordex SE Secures 82 MW Contract for Twelve Wind Turbines in Lower Saxony from EFG Energy Farming Group Kalkine Media
2026-08-13 05:32,"Nordex Group receives orders totaling 82 MW from EFG Energy Farming Group in Lower Saxony, Germany - marketscreener.com",https://news.google.com/rss/articles/CBMi5AFBVV95cUxQcW5pQjFNdTJ1bkM2ZGw3Y0NDcnU5NzlmZ2Y4N25TbDdGNHFJQWxCM3JyRVpHY3R2ZFR4NHpkUHlzOWswVjd0YWtVbWF5MlpiU3dOekpZRXdacUJXT1hvbzRkd0xFd3JlM01RWXdadVpSMkttRVFOY1o5VFZOcVUtWXVTZ0VpQ3A3UW5hZGhET1U4UE8xUWg4YWxBVTE4SjBDNlY3MlRmWEpMV3NEOUZBVkJtU3lrOHFBYUFlMFkxYkhPMXdLbzRWeHZNTkNxell6RC11NktxTjEwRmdSR0R6VkczZ2M?oc=5,"orders, MW","Nordex Group receives orders totaling 82 MW from EFG Energy Farming Group in Lower Saxony, Germany marketscreener.com"
2026-08-13 01:26,Coolant Fluids Wind Generators Market to Reach 205 Index by 2035 as Offshore Build-Out and Aging Fleet Drive 7.5% CAGR - IndexBox,https://news.google.com/rss/articles/CBMi4AFBVV95cUxNaW9iVWRTNkdMS2JrZEJHaXplSnRSRjdFVDk1bTdvNFBNU2tDdWsxSnlTdmVDN1UyVU1KSXljTmxyT0JramF2el95dGJsYWJrNHNFcG5vUlRvRzNMWS1KYjBtb29rZWdVMTcyUU5SUnpZU2JqSGItNDBxNlgtaXhWMU5WbUladWFVY2RwMmppdjl4NEhidnBZeXR0QkU3T1RGcEFTOThuWU1mLU1OUlB5bEZrdjdOVEVQOHBUY1dLWmZhQk5YSVlrOUc5aFNoM3p2VkJNYTZiQlo5NVlSYjVVcQ?oc=5,offshore,Coolant Fluids Wind Generators Market to Reach 205 Index by 2035 as Offshore Build-Out and Aging Fleet Drive 7.5% CAGR IndexBox
2026-08-13 13:04,£10m community benefit unlocked following completion of 15-turbine wind farm - Cumnock Chronicle,https://news.google.com/rss/articles/CBMinwFBVV95cUxOa21lSTRBX1lCUHA0NHBzRTlaWk9xVjl1TURSTUx6UTk1eHJuMHdrb3kxSDR1LVMyVlI1N2VBeXA5bGJRQ2c3Qk1JQUxkWng4VUx0MHduMUZRTHpQWGo5aDJieTU3aHRhVjMzU05seW40YXVNLVVGcFBneExlQmhjcXhwVTY5UXV4TUREYkhWYWU1YmNaUExWTjJ3ZW5Panc?oc=5,turbine,£10m community benefit unlocked following completion of 15-turbine wind farm Cumnock Chronicle
2026-08-13 00:52,Siemens Energy's One-Gigawatt Data-Center Deal Caps a Day of Triple Tailwinds - AD HOC NEWS,https://news.google.com/rss/articles/CBMi1gFBVV95cUxPTVNyS2NvUGpzNEk0QkxocHNaZGc4bUF2UmxLUjhKX2Znb050UU40ZFpyTWozUGt6NDBoblAyQkhDcENmS1ktdVdPZWdWay1OSmZxS1R6QXJqUWVrQ09OZTFzWXhWQ1RaU1hMdjNsS1R3Y3d4dlJWc2U3U2dDOEpRS1VWUUpzMklZa1VCcmdaVmRVRkc5MV81ZE9Vd3NiaTVXWm1OalVVNFFYT1Vib0c0YTNiZDQ1WjlVX3BiTmF2ckZNVWlKSW50WURGS0xmaE5UTFNRRHZn?oc=5,gigawatt,Siemens Energy's One-Gigawatt Data-Center Deal Caps a Day of Triple Tailwinds AD HOC NEWS
2026-08-13 06:07,"Offshore wind developer Orsted Q2 beats estimates, on track to meet 2026 outlook - Reuters",https://news.google.com/rss/articles/CBMiowFBVV95cUxOaGVQWW5ESldDWk5Mb0xIWmo5b0dTWlg4b3RRcGlXcDczTjNmTkU4LTVxWWpBLTVrbVRFcWZDR0JNajhmR2U5NHFlSEFwNnJJbkRQdWFIaUNpaVp4aktqaDFWMVNxdmQzb1JlVWY5eVJuNlN3dVdyY1hXc3BXOXFqT1p2WDlVQTBGYXRBdVFVZ1J2eTRUdlk2OFNrZXI0TmhyeG5V?oc=5,offshore,"Offshore wind developer Orsted Q2 beats estimates, on track to meet 2026 outlook Reuters"
2026-08-13 07:34,Offshore wind giant Ørsted reports ‘strategic progress’ in first-half results - Sustainability Online,https://news.google.com/rss/articles/CBMitAFBVV95cUxPaVNxU2NpbzFiaG9rMkpveXRQaFI5bDQ0ajRKS0otakp0QWpOZXVrZjVBdEwzMm1qODAwek1QZXY0XzdlMEQ0MUl1VW9INkR1aDA5MzkxZncxUFlDYkpMa05iOENMdjQ1UlNFZnVKNnlxdm9sMjB4LWpxQWRFNll0MndYZWp1MWZoaGg2eTRXYkhNRnNVcVE5eThuSkhwa3UwQnk4dl9kb0R2Wm9CQjU2YW1IYUc?oc=5,offshore,Offshore wind giant Ørsted reports ‘strategic progress’ in first-half results Sustainability Online
2026-08-13 11:03,"News Content Hub - Ørsted on track to deliver 2026 guidance, eyes value-creating offshore opportunities - rivieramm.com",https://news.google.com/rss/articles/CBMizAFBVV95cUxPc1lhYjBtaGJXS3RyMVh3d0I1VG9IM21LbmxUaXYxTG9VekJvYkY2Sk1SVmRKYXQ0Z29fRXNUb29RdXBPTDFmRTlkQzZXVTNfMmIyaDhmV2h5NE9YWF8wamdBZjhmN0lkV0FWdzBCOG4tMXdoYWN3bm1Tc0U0X0t1cHE1WmkyTjhFYzNDS3k2cUlMbnhFc09SbWxieG9XWUpWb1NzV1FQYlNsTmVzUWd0Qzg0VmswSHB5c1hTY0RUdm1QTmpOSVFZYzRQUFY?oc=5,offshore,"News Content Hub - Ørsted on track to deliver 2026 guidance, eyes value-creating offshore opportunities rivieramm.com"
2026-08-13 06:02,ORSTED: Q2 2026 EBITDA up 2% year-over-year; offshore wind output rose 23% with 99% renewables - TradingView,https://news.google.com/rss/articles/CBMiggJBVV95cUxPSFlWYXBFY2RIc1VscmpHZlhoLUdGTXN1N1o5MktfOGt2NGtQcWdBQzd4NTFtMnNYcnlycTV3dGx1N0MyUGZLeUZYV0NnSkI2Q1phUEFWcXIzbW56VlpIdWZnSVRXYlB5dVQ2MUROZnJrU19jUEpWVnJhNzR6anYxUXVSd2hIcWV5WWhhX29IaWNIdW1ZTmJPaVJscmJJLXhBT2tLc3FYYmRuX0s2ZkMzWW5VajZyUmlsQjJubEVTOGkzQmN4YVIzbktTc0ZidEpsdUl2WkZPXzZwUV8wbDlGeURxYjByZVFlQ0cxY0pVMmNja0FiVW1JdlhTYmRRUnBxMnc?oc=5,offshore,ORSTED: Q2 2026 EBITDA up 2% year-over-year; offshore wind output rose 23% with 99% renewables TradingView
2026-08-13 10:03,Orsted gearing up for offshore tenders - reNEWS,https://news.google.com/rss/articles/CBMiggFBVV95cUxPRWM3ZmZVWWtJOE1FYVZKbFJnd01fdk9UajVldm0xbXFyYlp3V29LYldoUXBEdmxYRmVzcEhOLWhPcTdqckphREFJSHVORHQwZDBkUU1CN2FDVzJpSTFIeE9aUFo4RUQ4V1ZCZEd0SGpPeG96SmF4QUdGNlVmRnVBWDFB?oc=5,offshore,Orsted gearing up for offshore tenders reNEWS
2026-08-13 09:15,"After lost Danish tender: Errboe is optimistic Ørsted will get ""fair share"" of offshore build-out - EnergyWatch",https://news.google.com/rss/articles/CBMia0FVX3lxTE5fRXhaQmg4NXRIYllSRVM1SU5VQllOa2hCa2YzVWNZREhLeUhBZUZ2SWlRMTd4LVhSbVVHUTlNZ1hzd2NUMmJEMHVqbEEzbDNUaUZFX0JtZDY3R1dTQmxrZFZVLWJSWWJ2Y3R3?oc=5,offshore,"After lost Danish tender: Errboe is optimistic Ørsted will get ""fair share"" of offshore build-out EnergyWatch"
2026-08-13 13:25,Orsted boss welcomes German offshore CfDs - reNEWS,https://news.google.com/rss/articles/CBMihgFBVV95cUxPaXJZbUtFdXN2Z004WnNlOS1BakQyMnJrREppbjBHU05ub0pZcGZHMEcyWkhsMU9LQXg3ZnBLUWkxZGMzRjk4cnNZdmloMEotMmcySDJWWjBrbndSMWZ4YTQ0REVDSVpUZk0zbF9IQVVVY0dJTUJUcFg5MmdmTVg1S3VuUWo3UQ?oc=5,offshore,Orsted boss welcomes German offshore CfDs reNEWS
2026-08-13 09:58,Turkey reveals timeframe for first offshore wind tender - Recharge News,https://news.google.com/rss/articles/CBMirwFBVV95cUxQRjlMcW1LRWUtSUZERVZERVdKOU5uYnA4WTd4Z3h2eV9pd1NZQl9tOVZXcS02TzZSX2Z1Z24wSlluWlE4UDRNVXRjWmNVWU52UG8yb2RjaTJQYVVTNC1vakZiZlJ4cnNfWWs4dWgxNEkwMFp0Ym92VndNTjc4OVBwWWFVWG10NTZsUE4xaVEyVkxNSVJBUTFNMVdrRVd0Nlp2eU5DTUEycEt0OVhTLTZr?oc=5,offshore,Turkey reveals timeframe for first offshore wind tender Recharge News
2026-08-13 12:50,Ørsted CEO refuses to comment on onshore sales speculations in the US - EnergyWatch,https://news.google.com/rss/articles/CBMic0FVX3lxTE5mdS1ubU1TRlZlRG1YeTR3eDlsUllyaERtRlBSR3RLU3dLQkxBdDFEWjNlNkpBS1dMa0w4UHlILWN1WVRxc1FlenBiNHJMOHZYLVhoeF90VlNPcWxjMTFqdmRXeWY4TU9mSDZrVlFOcVAyM00?oc=5,onshore,Ørsted CEO refuses to comment on onshore sales speculations in the US EnergyWatch
2026-08-12 17:04,Revolution Wind: 90-day suspension of 704 MW wind project in Rhode Island for national security - Noticias Ambientales,https://news.google.com/rss/articles/CBMizwFBVV95cUxPSjB1cWRMYUQ2R0RlWkRpQVNtWHBJVklmNDBBSl82MHJZU1F3T2ZWNGpfc0EwOWhKMFI3NFpGbjVZc2Q5dHk0UVAwSFNkNE0zdmd1QTBvQlMwbmkwSDNYSWMwNXBNVlkyR05hWWxvNzhaZVBfY2s4Qjlmd3gyOEludkxOOHlIRHp1SktLdVVLSUotZUxnSjRKVDNSemFDTm9uNS1tMEp0dkk3VVRyRm1HRks5NnctTmoyYVN3NVFtR2dQaE8zVHk3Y2tZcm1HVE3SAdQBQVVfeXFMTXNzMXIwMmdsd3RDbUZlRzlSZkdJdWNNVS12QVMtU0VRUWQtbjVCb1FjVkxjSjdoZ0t6clduNDlLQ1NHNWROY2xKU1RTZlZOanZORjBiQm1HenFfLTNMVmRQSWZtN2QwSk44UjB5ZDNsQXNuRC1VWG9rTWZUWTl2UzR5eDdzNTc3NEUtUk5wdThSaTU1LXN0Q0UtS2tLOFkxRjgyNklZbkN1R0pTRWhOODRQVERyWnU4dXRrUjBkemJXTG5oYk5xZWNiUmdNc1daSW9XUU4?oc=5,MW,Revolution Wind: 90-day suspension of 704 MW wind project in Rhode Island for national security Noticias Ambientales
2026-08-13 11:12,RWE’s offshore wind earnings soar with higher generation - Wind Power Monthly,https://news.google.com/rss/articles/CBMioAFBVV95cUxOMTRkZXRqYTFkLTFTd2pQUmg4ODJUUnBHZ0p6ZUs3OXZrc3ZWRGF2WTlSOTd4c3N1dmJtOGJhOEdBWTBMNFVhMktHQ2tZS3hGOHZaRkhTQ21DTW96RkxtVXBrSnNIa0RlR3VGTkhuNTMwbFU3dmY5cTFzajVoQjhmemYweVBoTkwwdnlhYUIxd01IWWU4dmsyMjVzWS1jWXBs?oc=5,offshore,RWE’s offshore wind earnings soar with higher generation Wind Power Monthly
2026-08-12 14:52,RWE switches on 22.8-MW wind farm in Germany - Renewables Now,https://news.google.com/rss/articles/CBMijAFBVV95cUxQNDdFWEotZnE3Wmxuc3pXZzJCRmVWdXZpOEQ4NVppUnUtMzU4MmVEZWdWMXg1Y3FRdU1KTW1iajMxT0hJWWRtMlR6MHNWMmFxbjB1SmxNWFpfUEJwZjJRNGE3aU1QbEg3ZndOSXVyTnU1RFZNSUNMSVdPaVM1ODdnNURnLVFuMjd0RzFJRg?oc=5,MW,RWE switches on 22.8-MW wind farm in Germany Renewables Now
2026-08-13 07:04,Fact Check: Did Trump pay RWE $1.2B to stop building offshore wind farms? - news.meaww.com,https://news.google.com/rss/articles/CBMimgFBVV95cUxPdWNuZmpHbFA2RDE2NzdrZUFuU3BLRUtLNmtHNkJKV3NLcGt1TExJeFZOYlBlT0phM09EeVc5MkcxTURvUHQ4TDZXQVBzVjQ3ZlEzQU1nU3hnNC11RUtZaDVDS0hubTA4OU9sOFpHMzZZNFpBd0hIYUh5enUxYnJ2WFF5cnRWUEVweHNiNkg0cUczZFVURzB1YnJR?oc=5,offshore,Fact Check: Did Trump pay RWE $1.2B to stop building offshore wind farms? news.meaww.com
2026-08-13 11:09,HEA acquires THOR and Wind Lift 1 vessels - 4C Offshore,https://news.google.com/rss/articles/CBMiigFBVV95cUxPaGtQM3lXTHJ6MzQwaGs5bVdSeGpJSVVwMkRZTHhxZ2dURkNwMDExQ01BSEREOXNNMTFwbGdKYjd1LUgzdEo1bC1tdkUtd0lzRk5lYzl4eV81UnZEYzhtaFJKLVdTMXU3c3ZOdHJKTHJRYWN4YzdMUmw2dVBraFF0Y19jeEVkQk5tN3c?oc=5,offshore,HEA acquires THOR and Wind Lift 1 vessels 4C Offshore
2026-08-14 11:01,Vestas secures order with Statkraft Peru for new wind project - Energy Global,https://news.google.com/rss/articles/CBMirgFBVV95cUxPV0FXOEdoTnR1QTFVeUtlSk03REhDemJvck5ndGxET1BRSG11WFJCRThTckhVSDBjcV91TjNoVVFPYTZnM1NBOUFlMWV1U2hUSlJBeE1jR2pWUFBraUV4MW5yaV96cnBpQ2JDSHV1UjJYeDFKcFhFNzBrRFFuTXNBbUpXVVRLWlpyeTc3aUtWTnBLbmx1T1htR1dPT2F3c3ZlQWo2d0k2Vm5pTDlrWWc?oc=5,order,Vestas secures order with Statkraft Peru for new wind project Energy Global
2026-08-14 07:56,Statkraft orders Vestas turbines for 72-MW Emma wind project in Peru - Renewables Now,https://news.google.com/rss/articles/CBMirAFBVV95cUxNNEp4dVlsQTdOOEM0R1FvVWZXUlZWV0FIMDVaam5RSU9iY1N2WXg3X2ZDeFEzN05fM2czWGkyYWhCU2lrYTZBM3RYek1pdXdXUGljUUJlTzZBeWNEYjRMV1lIN3JBTlEtMUQ0cE13UndsRnhoLU1UcUlnZ1R3cGpXQ3d4NlRhdVJUMk9VWm1pRFI2eUdMWjUtY0ZwcFVsXzl3MzlaLUg3ZUc2dnVx?oc=5,"orders, MW",Statkraft orders Vestas turbines for 72-MW Emma wind project in Peru Renewables Now
2026-08-14 07:16,Vestas bags 72 MW order in Peru - EnergyWatch,https://news.google.com/rss/articles/CBMia0FVX3lxTFBLbThoZUdabzNfb1c2dFBsUjF4WENudk94YnptMDF3VXVvOWhxbmtPRU9sYVZxRGZoazUwUzkwclVHcm4xQ3Vka21QRF9OUXFwVTY2dnJ4Q0tld1dRM3FCSHM4S0RXWHZ4bUVB?oc=5,"order, MW",Vestas bags 72 MW order in Peru EnergyWatch
2026-08-14 10:50,Henrik Andersen highlighted Australia as a key driver for 2026 – so far Vestas has not secured a single order - EnergyWatch,https://news.google.com/rss/articles/CBMia0FVX3lxTE1UM192dXpESnE3VWFoaTBTeVpTZmFCcjlrWmkxY1E5SzJIYkNGcGlDTEx1Zm5xazJ3dXIxRnZtY2M1SGFuaGNNdV9BaE1vckFnelpiaEJvc2ROVkFhcDRTR0lpTDlRQlV6WXc4?oc=5,order,Henrik Andersen highlighted Australia as a key driver for 2026 – so far Vestas has not secured a single order EnergyWatch
2026-08-13 14:27,Vestas bags 72MW Peru order - reNEWS,https://news.google.com/rss/articles/CBMickFVX3lxTE51MHRVNDJMaVJpdDctNDJvU1RoMXdhX2phQmlsMjJwUnNzUHZ3Y2hqc0tnbFpQbEtnQ1pvRFpKMGNlQmQwVWZ5anJvMGZMWm95NXZNaVAzQ1V4ODFYMnVDVzh5M3VybnBJZHlBNU9TWUxGZw?oc=5,order,Vestas bags 72MW Peru order reNEWS
2026-08-13 14:10,Vestas wins wind power order in Peru - marketscreener.com,https://news.google.com/rss/articles/CBMikwFBVV95cUxOaW85V3dTbFpKb1A0VnB0VkVGS3NXUW5JM2l4dzI1d3J4dl9GdmExeGFmNnJmNmtoMG1pdGVyLTN5cS0tZ0JoRjNtTWxpWHRUM3hCTmR6WnQxTkN4ZHF4aUc4OGZSQVlfcjJreHpPQ2VBdkxMRmY2UFQyVkNvVE1EN3RHNDZndk94ZjlqTXdZbnBub0E?oc=5,order,Vestas wins wind power order in Peru marketscreener.com
2026-08-13 14:03,Vestas Secures Order With Statkraft Peru For New Wind Project - tradingview.com,https://news.google.com/rss/articles/CBMiywFBVV95cUxOZ0dVaG1mUFlISUlrN0lZY2d3YlVaRmtOTExrbjg2aHJWMEZraXhWbTVad0JQVmVHNlA5TWE4VnJIVVZKYWg3RldkV00yWFBXQmlWM3VhM0lLQVQyb1BsTzNQUndPcmgzQmd5Wk1SbXN5OVZiakJHb1dHU2lnWFgxYmQ0RGhFVHFic3RVQXUtYWNCVjBjM2dtbnU3X2xNMVhTSWFsZ3lhMWlaOXJ1aDVCaTNLa0VGdnZLVjJXOWN4cmRuNWFxUFZHUjdIVQ?oc=5,order,Vestas Secures Order With Statkraft Peru For New Wind Project tradingview.com
2026-08-13 14:04,Germany: Cadeler installs final turbine at He Dreiht Offshore Wind Farm - energy-pedia.com,https://news.google.com/rss/articles/CBMisAFBVV95cUxNNDZEdU5TazBEUXJLSTFSbXFZZGM2cThkMktURlVQYnlTdElLOEtLTDc4cjFhREVtWDFZaXhXaEljUE1aOFJyLTVqZE8xN1lUWTVtSkE4bG90MHo1aTNEZ0lkdlZscjBqeFh3VW5tRmtWdUxBcmNEa3QycHItQVU5NENvQWlkb2huQTRnWnNZYzdwSzgzZ1FVY0JhdjFiQms4Mk5EOUJCUzJ2MkREN0RZbQ?oc=5,"offshore, turbine",Germany: Cadeler installs final turbine at He Dreiht Offshore Wind Farm energy-pedia.com
2026-08-14 02:51,Northland closing in on 2.1GW offshore wind completion amid diversification drive - Recharge News,https://news.google.com/rss/articles/CBMi0gFBVV95cUxNUDY0UllfMXFZRHlkeFE1VGJxNXA4bUpPaFdaZllOR1hBbXVnNWo5X0ZJSVdRU05TMjM1NE9CZDR4aG1Rc2k0MmhKSmxtcTVPOWEwTkNtYXVSVW5sTXV3Z1R3Ql9JQXprdGpwUUF1VmJ3Tk1ZV05lUUpuVGM1YThrOVhwOXB1dWVJQy15MDJWZmMxcENHMTRvZE9OWEtzT1hxVlp2MmZIamlRaEJRTHNZU1ZHN05OLTRpaG1PXzF0OFVPdkFOeHFzaDhseXpNWmZ2UEE?oc=5,offshore,Northland closing in on 2.1GW offshore wind completion amid diversification drive Recharge News
2026-08-13 20:28,"Texas 2.5-GW Gas-Plus-Nuclear Project Proceeds to Engineering, Licensing Phase - POWER Magazine",https://news.google.com/rss/articles/CBMipgFBVV95cUxQVXEyN2J0aC1BRm96SXRPcW03dXVDUGs0b3pPVGl2YUtGanR0XzhWUmpqbUZ2MEVRNXZTYVNXcGdZdlQwcExjemRFZXZtY0RRZjR2MS1hLW9zbS1MZElSWmpkVHE2eUp4SjhCNGRvZTZVQWZIX2U5V3lYYWVBYjNZQ1NZampRcnNBaU5NTDh0TTBWampDODFicDJ6Ni11dzNZLXBWNkVB?oc=5,GW,"Texas 2.5-GW Gas-Plus-Nuclear Project Proceeds to Engineering, Licensing Phase POWER Magazine"
2026-08-14 10:53,Goldwind signs 82MW Türkiye turbine deal - reNEWS,https://news.google.com/rss/articles/CBMigwFBVV95cUxQMkREQ0NZUlkxUnQxUGhVeDFKQXI2M3ZvdVltcE5Oa1Q2alB6T0Y3dUNwZy1RTmdyT0NzLW90LUluVy1NLTFHNXJMNlZzN05QNTBYVGhHSEdKRkNCQzV2aHM4ZkFLRGp0cjFscUl5aDkyUTVhMnNJWUYzXzh6cS1jU2stbw?oc=5,turbine,Goldwind signs 82MW Türkiye turbine deal reNEWS
2026-08-14 11:15,Scottish leader urges UK to rethink Mingyang wind factory rejection – media reports - Wind Power Monthly,https://news.google.com/rss/articles/CBMi0wFBVV95cUxNN1FUb25WU21JNXROM1NOQ01TZDlnQzEzY3pSb092RmNMQ3EyVjROQkpEX3hSbmF4VGxfVjg2cmFXOGRTdmlXQUNUZ1Jvd1JDd3JzQ1V5MDA1MWdWTEMxSU02NHZPX3JsUGQwLXNEeGZEbGlvWjBsRjA2U0VaTjhOdC1nZjd4dUl5RmdCZW9BdFJfdkVEQ2s0VTR1alZZczYyS2RQVE5KMkw0LUl0c1Y0dE4zQUkyS21PRFJzMkJ0RTlQOVV5VTIwTjJGOWJRVkVyUmZV?oc=5,factory,Scottish leader urges UK to rethink Mingyang wind factory rejection – media reports Wind Power Monthly
2026-08-14 12:50,Swinney ‘absolutely right’ to challenge Burnham on vetoed Chinese factory plan - London Evening Standard,https://news.google.com/rss/articles/CBMinwFBVV95cUxQcHJTLXZEME9MOXhFZkM3a2Q3VUlqZXFGNnU1TnJHb083bjFYbEdvU29kRzBMbmFtQ3p2MjhueWdDRjl5WlBQNXlkVDJqZ05mUHpsazNacnpNVktfd2RRREN6WC01Skp2NTdCM3R2R3dRUG5OTXVBVkJqUlRhYU4xdVlGS2xpT3V1al9ybko0bnI2WUdwUllXcXZrNGZ5czQ?oc=5,factory,Swinney ‘absolutely right’ to challenge Burnham on vetoed Chinese factory plan London Evening Standard
2026-08-13 20:55,"Nordex Group Receives Orders Totaling 82 MW From EFG Energy Farming Group in Lower Saxony, Germany - Yahoo Finance",https://news.google.com/rss/articles/CBMimgFBVV95cUxPS3cxMFdQWGJQZ01yaXc0alFnMV93a3VqbHBab1hzYUNseWRZdzVZNUV0dVhnU045dXA1TlFxLUFaUDJaa0NwSDVaRmZ5eEhrcm1Ud1hLYUt2ajZqWG1aaG1JcW9FU2s0UEgzQkFSTVBJYXlYWk1mR1dhMnhyRF9ZRW9mNjdqS2pvM1VMaDZmdVdDNjJLMkwyeWZB?oc=5,"orders, MW","Nordex Group Receives Orders Totaling 82 MW From EFG Energy Farming Group in Lower Saxony, Germany Yahoo Finance"
2026-08-14 05:42,Iberdrola's huge repowering project 'taste of things to come' for UK onshore wind - Recharge News,https://news.google.com/rss/articles/CBMizAFBVV95cUxQbFdUcWExUWxrUzRYMnowcml2ai1TUjMwbW10bkxPT08tOHZDNHo1cnFrMkJ6eG1MWVAyUjJ2TmNRWGw0NDlFdGpwalpmUjRJSW5VbTZMV2xCak1GUThqRWkxNUk4TlM3UUVnNnJDOVFNUDladHdqSUw3RnljYkJpRVY1SDJNWXJsY1ZzZ3Y4OHAxOHNzTXcwdjBERksyWG1RaFJESlN1NnZYdmZzZ1UyNlc2cTQ3dnpHV294V2N3VkF2cmRqc1BrcFlJX2s?oc=5,"onshore, repowering",Iberdrola's huge repowering project 'taste of things to come' for UK onshore wind Recharge News
2026-08-14 12:27,Ørsted report outlines strategic progress for first half of 2026 - 4C Offshore,https://news.google.com/rss/articles/CBMirwFBVV95cUxPNHZ3RnNidTVYWjBrbmxiQTVSUGtpZ01TTk1GNnc4bkxaZzFjS2huUG1wT2dfWVpmVXRkR0hESnRFQWVhSUswSmNPMFZzaVdvc0xCR1FNU0FHQWk4RDNvbU44STFDdnZhOGw2a2ZtenFaeDQ0ekZNUnJhQkNXaG1leHNWUnpfUml0TndsV2hUNzZxMDJ4M00tWTBqWTE4WVk1ZklkZ1pfWW10VFFuTDZj?oc=5,offshore,Ørsted report outlines strategic progress for first half of 2026 4C Offshore
2026-08-14 12:40,HEA Energy Acquires Jack-Up Vessels Thor and Wind Lift 1 | Offshore Wind Partnership - News and Statistics - IndexBox,https://news.google.com/rss/articles/CBMiqgFBVV95cUxNeFhoLTZiM1ZMdVNzU1Mwb21tMExQNUFuMDd0TnY3OGc3X1N6bGtPdUpQeTVhT19QMUk0T0hBRHZEa094ZHZ2Q0J2YWRua2s1NUFLdm5uZUNQOWN2WmRjZ0RQSmtNeTdjVXZwQmROTG0zRThQbEk1MWJCVDhnbXlmZFA0d29hcmhoR2t2emF3TjJzTFdtWDlJNlkyZ2N4eEg3Q1I0bVNYaGdpQQ?oc=5,"offshore, partnership",HEA Energy Acquires Jack-Up Vessels Thor and Wind Lift 1 | Offshore Wind Partnership - News and Statistics IndexBox
2026-08-13 14:45,"Ørsted Q2 2026 slides: offshore output rises, impairments weigh - Investing.com",https://news.google.com/rss/articles/CBMiuAFBVV95cUxOOHR6bGlmaVpQVlItYXhaV1U3ZFA3MmhKOS0xYnY2bG1EZHpCMGlib0V2X012NTdLY2NUaHVZdUhBX214aWNiSEpmbWk1NnB0MlVtOG1XQk5iRVJRMGdJY1hEbkxzRWRsU0VDMk5ZR0stUEYwajJkbDNIaTRlWHMwMm8xNThGLXJ5NUppZjg5WkZEdHl0YVdzaXV3aHNmRW5vOEdkOEpnb2UtZzFZNFpYTTBvOGJMbmNj?oc=5,offshore,"Ørsted Q2 2026 slides: offshore output rises, impairments weigh Investing.com"
2026-08-13 15:45,Hornsea 3: World’s largest offshore wind scheme off Yorkshire coast ‘progressing according to schedule’ - Yorkshire Post,https://news.google.com/rss/articles/CBMi4gFBVV95cUxOOWE4THdBWG9ab0wxWE1hUnVqVEpLZXVDMUJ0OWxVajRNVXJSU2dMRU41MGtSU0VBUi1PclYtSklhanF3OWhXUkpNenBIQmRzc1NBOF9tSHJSRUhmUzdZQV9NR19sa1lXU085OC1tbjlwSVNNM09sR1c4RXFUdTdlRGRQMERYWm1RU240M1lRSkZ6dndpeHZTZUNfSENmUkZ5aFZtY1hBX3ZLOVViUUVhZndURWFVSUJkWVBaYm9teE5lbXlsRWxoYlVIa0JqYlZNd29UUGlYNTFYeVh5Y1ZYZnNn?oc=5,offshore,Hornsea 3: World’s largest offshore wind scheme off Yorkshire coast ‘progressing according to schedule’ Yorkshire Post
2026-08-14 00:38,Ørsted Earnings Call: Offshore Momentum Amid Mixed Headwinds - TipRanks,https://news.google.com/rss/articles/CBMisAFBVV95cUxOai0xOUMzamJ2OEROb2tEa2cySnNtRUNIQlZOeURIWTlPWHN6LUpzMHJwbWp5V19VTkRvblc4bTZyZkoxek1ISGFSeDdvSGJCUHJicEx3LWtMTnBBa3A0NlVjTi1TU2JqZS05OGM5c3FmX0ZHRkxrWjJ5MFEyRXFxaklkR3drdUNoc1BjN3NaN2dhaVE3SnB4OWx2RVBIVjRTeWwxV1Y3N1pfMFNrcHBkNw?oc=5,offshore,Ørsted Earnings Call: Offshore Momentum Amid Mixed Headwinds TipRanks
2026-08-14 07:24,RWE to strike more German offshore wind PPAs this year - reNEWS,https://news.google.com/rss/articles/CBMilwFBVV95cUxNXzJFTERhQ1lQYWswcU9ZNTkwblJQTVNjbl8xb3lEd0VWTDhHdGtFS21PNFUwUTVRcF9EQTBNQVdGOWx4SzZKdmhUU2Z1M18tY2dQYWpSYzlSOWFSanNsenBVZWFwMEVpNnBncHdaR2N6OFdvaWUtZVd3VGwxRXpxdzl1NWlsOTZRSzhFZWlvUDBKbU9janFV?oc=5,offshore,RWE to strike more German offshore wind PPAs this year reNEWS
2026-08-14 15:56,Vestas secures order with Statkraft Peru for new wind project - Energy Global,https://news.google.com/rss/articles/CBMiqAFBVV95cUxNNnZiMzRmNTNzUkR5WjhGUkhEUndqc2pGeC1tUmI0QzZzM2NDZk51eWwzSk9uT24xeXk1eU9weTNJdkFCc0RIUnlHVVZHZnBSMThBODFkVjNjSUlmSTdFdjhfd1NEUjdxOGxiNlMyOXBvR08xU3ZEcldaRFRnZl9iUEtoZjBZanVhZGl3c1RYbnBtWlp3T1l0NlNHTDl6blUwZWhZLU9FbnY?oc=5,order,Vestas secures order with Statkraft Peru for new wind project Energy Global
2026-08-14 17:03,"Energy demand, equipment upgrades give turbine makers second wind in US - joc.com",https://news.google.com/rss/articles/CBMiqgFBVV95cUxPT0JKZ1hXdGdUdlhNWXlnLXFFNWVubGZWNUdScXUwcXJZY2NhVTR2dF8ydkw4ZV9oWGMxRU1mVk1MWkJGbXdvdzRDdUNaX2M5ckNaNmRpM2JJTDZhOTd3VU9YWmR2b2dxdTBUNlhqd01hWnZCM1hiNVk2RVkwYkpQS2M3c3JmNFhHRFdOUlllVy1kNkdTajB0REZCMHhxYXdNMDZCX3VxUlJlQQ?oc=5,turbine,"Energy demand, equipment upgrades give turbine makers second wind in US joc.com"
2026-08-14 22:01,Yaw Drive Lubrication Grease Market to Reach 190 Index by 2035 as Offshore Wind Expands 10-14% Annually - IndexBox,https://news.google.com/rss/articles/CBMizAFBVV95cUxNSERXZlB4MVppQU5SS09lSGpQWVk1MUhZT0otVmc5VDdZV3FkMGpESTVfNHFvWmxPNllYdGI4U0toZjRvRGxOU0VDdEVqdzRFRHBLNVNYRnVkcTZnV0ZCWVk3WWxZcWVRYklFMjV5YV9GZWtIMlV5V0ZDaFBCQU9qazZUbi00TlhKeVpDRk1OUkJaUG9hYWl1ZDV5bE1PS0ZIYVBvZ2ZFWHJLR3NwZnNWQ29xejZjdmdWS0M1czNRTmh2bFlMa1hpNWFPRkE?oc=5,offshore,Yaw Drive Lubrication Grease Market to Reach 190 Index by 2035 as Offshore Wind Expands 10-14% Annually IndexBox
2026-08-14 15:57,The Billion-Dollar Blind Spot in Wind Turbine Maintenance - POWER Magazine,https://news.google.com/rss/articles/CBMiiwFBVV95cUxNSDdyUHhtR2FKbmNMZmZSVVcxU2J6VjdOVElVaEJOenFlek53WjRmbzRxc2JqemJkRlBWTmhqZ2k5MWl5djVDdnlLWkw4QjgtS2VBT3NtbURBTFZRZ2trMVk2N0lFSzcyNWJWeVBRRGRmRFdWMGZtVEoxdjZTOHQxV2Y1MjhreVZJX29Z?oc=5,turbine,The Billion-Dollar Blind Spot in Wind Turbine Maintenance POWER Magazine
2026-08-14 14:14,"Goldwind wins Turkish wind turbine orders from Aksa Energy, Fiba - renewablesnow.com",https://news.google.com/rss/articles/CBMipgFBVV95cUxNTHNyaERPZmpjZThzVjg1aXRzTGsyM0pLQVdUS3NnXzRnSS1iVGZTUGdqOTMtbGpmRjhqNkRZVWl5cmZGSmdrb2ZNV29ROGt0bENQT2Y2aDdNOTB5SjBjcHNXSnQ1ODNzc1hwTWRSdkZTWHJmYlBEc2RxbDM4LWx0YUNyYVY4OG1EdDB1X0FaenpxelBjeUtZRjJVVkQwZk9wUzVKUmt3?oc=5,"orders, turbine","Goldwind wins Turkish wind turbine orders from Aksa Energy, Fiba renewablesnow.com"
2026-08-14 14:27,7 MW wind turbine linked to Grafrath green hydrogen project approved - Quantum Commodity Intelligence,https://news.google.com/rss/articles/CBMivAFBVV95cUxNM3ljZXlkdUZ0Q0FwV04wT19zUUotUXdualdJLUpLSUV4U0RrMzZQQkFWV21heFFsRktuSm5vOEJZRzRJcFVyZ0RVanVMWlRWZmQwd19Ocmo2NVZLZnBHNTBIMkY0SkpUYlp4OEs5OS1tWWJSeTFQS0VFOUhVMmY1WHFpRlVjajc4eEhFcW82Q1lYTkdSNG1jUGU4RzNyV0MzaUFTVzlQR3BKXzYxMTNsc1pQTHlIdnlhdGZpcg?oc=5,"MW, turbine",7 MW wind turbine linked to Grafrath green hydrogen project approved Quantum Commodity Intelligence
2026-08-14 19:19,Trump’s offshore wind crackdown reaches the Gulf of Mexico - Verite News,https://news.google.com/rss/articles/CBMilwFBVV95cUxOdmJhMjJ1RlhVRWtUVWVQZ1gyUElFM0h0S2lySGI0ZmR0YklNRlJENnoxUlhZRGwxUlltY0dsazlpbTQ5bURJOHltbENTcTljVFNkbm13YjdwZmd2cWdVdTY2U2dhOWdkQWNrV2FtcmM1UEM1M2liRVp1R2V3Mm1QZExhRW1uQlNKUkN5eVhuZGV1UzVXVmRR?oc=5,offshore,Trump’s offshore wind crackdown reaches the Gulf of Mexico Verite News
2026-08-14 20:21,DOF Group Announces Subsea Contracts in the APAC Region - Offshore Engineer Magazine,https://news.google.com/rss/articles/CBMingFBVV95cUxPMWV6MGhwUjFFelg0djlPWm5BdnNTMmdxLW96RTdBVGpTbWRORzBkNm5MTGNLWnU1V3JnTEtHd3N2VkstRklNcl9iSjk2TENUMDV1MHF4akhVQzNQcU10TExlWVc5NlNzLUN3TEIwNExEZ1p5b25uVGxHVjExdXlpXzVpRndJSDdXRllrM05VR2pGMUFzanB5SVlnMV83dw?oc=5,offshore,DOF Group Announces Subsea Contracts in the APAC Region Offshore Engineer Magazine
2026-08-14 19:45,New study backs concerns about economic impact of onshore wind turbines - Nation.Cymru,https://news.google.com/rss/articles/CBMinwFBVV95cUxQTEZzVk1NZDJQaHk4aU5Mb0lNcEMtSWQxTVlTcEdVY2VkcVR0ckU5c2hJNXpVRU5yUG9zMDJTZFhSV055OEZRY1NldXV6b3pqQnBSdXh5SnRQeFUyWlNPQ0dTc2FmRm1ZWV91dmlGRXRHckZGZkJwTUs0Q055QlNpVHdrUU9zU1BqeE5GREx6cENrR3Y4N1RKMmF6VE9mWFE?oc=5,onshore,New study backs concerns about economic impact of onshore wind turbines Nation.Cymru
2026-08-14 14:09,US Offshore Wind: Trump Administration Pays RWE $1.22 Billion to Withdraw - Blackout News,https://news.google.com/rss/articles/CBMiqwFBVV95cUxPYXR2dnkwRFR0NnZ6QlhoVUJRUWp0aURFV19fOTF5RUVHN0s1eklEWHU0cjVxbkxLa25HRlI3a1p2VHhLdFotODR0VmRud2xWdHZENXlxWjVWNzR2MG5mZDlsck5FLXlvS2RSamxpdEV0RkYxaUtyUU0yc0FPTjQ2RTVlYmtrZEEwd0hJMU5EYVBkUU5OTU41bDlmTlhXdkFCZ1pQYzVsM044ZnM?oc=5,offshore,US Offshore Wind: Trump Administration Pays RWE $1.22 Billion to Withdraw Blackout News
2026-08-16 23:36,Blade Protective Surface Coatings Market Offshore Wind Expansion Drives 6.8% CAGR to 2035 - News and Statistics - IndexBox,https://news.google.com/rss/articles/CBMizwFBVV95cUxOQk85emRVS2lmTDczVC1SQ0dSUkJpN1hJd19xUEUxRjZ5RXJTM3B0ZFZmU0h1Q05FbVZnSU9YQ3Zkd2Fval9aMjZjLWpSWExIb0NpZXV6d1BvaWlKNGM4Z3FndHE1M2Q5My1QQnl0TGk2QU5MNk93NVVvdnd4ZUlaT3NtTUE2aXZ6N0FxZDZLSmhUVTJKMWlJNGZ2OVdocXdRb3ZnMGZWWUZTSTVpRUxmRGU3Q1ZiMXo1TnB2VXAzYXp2d0pZRU05RHRQblhLS0k?oc=5,"offshore, blade",Blade Protective Surface Coatings Market Offshore Wind Expansion Drives 6.8% CAGR to 2035 - News and Statistics IndexBox
2026-08-17 11:43,Bilfinger involved in offshore wind project in Baltic Sea - Ocean Energy Resources,https://news.google.com/rss/articles/CBMipgFBVV95cUxNY20xMGlrMXhkTjJjV1o3RGZ1TnpoR1VCRDNBbWpibXJ3d2FqLTQ1V254ZmlTQnRBbzRmYXRMOGpKcEZMVjlVWlFUbkZCZXVGc1VvNHJhM1VUbFd0S1dPdWdoRkZfc2xiRHFjY3pqbko1SVFWV1pDM3JKYmZoTVh5YkdhN3BHSDlYZzdHT2toUjFYY2dsTXhaRk1JbkJVVG9tYS1uRzBR?oc=5,offshore,Bilfinger involved in offshore wind project in Baltic Sea Ocean Energy Resources
2026-08-17 08:02,Norway fast-tracks review of floating wind billions EDF or Equinor could win - Recharge News,https://news.google.com/rss/articles/CBMiwgFBVV95cUxPby1raldEUUZacXp0OXhGVFg4SlZ3R2Q0Ylhad0hRdjY1bVA3NmhpVVN2TnpKaUdDZGllV20wNkVUY1l3UFY0N1E3R1JHUUhtandTSVZBWVJjS3ZyS3ZPS1pfaWItcHNzSWF3bFA2cVRhTlgtdEQ0SFJ6YWRIWFAtcGJWc0UtTVdNMXZuNmJiLXE4dlVPam9FUWlZZG9HZ2E4bktna0hsaDNOMmNFSXJRZzlUSkExMk5RYk93N0dQa0FyQQ?oc=5,floating,Norway fast-tracks review of floating wind billions EDF or Equinor could win Recharge News
2026-08-17 09:12,How to Train a New Generation of Offshore Wind Experts - Energy Digital,https://news.google.com/rss/articles/CBMilgFBVV95cUxOd2F1SmdlZFpwTHFueF9CR09VdGRDZnpGQzEwTHg2UjJ2LTZ2Z0psV25JSDM4Z2R5SFlOV1VvMUt2Y25GU1VkaGh1TEtZZndHYU1LaC1KNF9nX2NrYWlPT3VIaFVRZ0xiUUFNTTV0VTltc2xmUS1CUk03czlzVnNEN201bjl2UjA3YTZTTkExZUw5dGd2V1E?oc=5,offshore,How to Train a New Generation of Offshore Wind Experts Energy Digital
2026-08-17 10:50,"Offshore wind in Sweden ""a bit like a gamble"": Skyborn would welcome auctions - EnergyWatch",https://news.google.com/rss/articles/CBMia0FVX3lxTFBrX0lBeWVOemdBTVJnTXFoVFMzbFNwdDl5d0E5bXg4dGp3NTg2ZFk5OG9WdVRxMENnUjREMDlOSWJEbHZaQnVJUUJJY1ZyTnRGMlRZbjB3MUhPa05pZTlfcE5nSFdWM2ZLcFlV?oc=5,offshore,"Offshore wind in Sweden ""a bit like a gamble"": Skyborn would welcome auctions EnergyWatch"
2026-08-17 08:55,Offshore Wind Will Struggle Long After Trump’s Attacks - Inside Climate News,https://news.google.com/rss/articles/CBMijAFBVV95cUxQWEdCSXpMUk9kYWMxZHZQMkx0ZjVCNVVnU20wRHJZMGxNcV9qVWV4WWRoTmJ0MUhXX2podkgzdDhPbjNMeFp6bDRlS0pqdDRTUlBaX2wzQjJRUTZCdjhkX0tkMGwxRlppNEdLNldJV3hXU081NlhFdFNHVGdkRFNqNVVZaThYOGQxczZpTg?oc=5,offshore,Offshore Wind Will Struggle Long After Trump’s Attacks Inside Climate News
2026-08-16 23:31,RWE and Google lock in a 15-year power purchase agreement tied to a 155 MW solar development in Oklahoma - Energies Media,https://news.google.com/rss/articles/CBMigAFBVV95cUxPdk9kUGtRUGdQd3FEQV91UEJ2b3ZBNzRFY2E0c3NScVhXU0tHNjJfQjI1bFNXa2F1ZGM5VHQwR0tCQkJsY3A0SVFPdkFpbUtWZ3RNdmJ4UHJONEdZQmcwazFrX1FMRERuVFdJLUh2am1FVUpBeWYwWkNPWXF1QW5vVw?oc=5,MW,RWE and Google lock in a 15-year power purchase agreement tied to a 155 MW solar development in Oklahoma Energies Media
2026-08-17 10:11,Iberdrola completes the driving of the foundations of its offshore wind mega project East Anglia 3 - Demócrata,https://news.google.com/rss/articles/CBMi0AFBVV95cUxOczdybWFPR1ozN0FmNkpiek00WGdRTEd5ODJSdDZzV1hablhkeW1Zdld2SXJNejRGNkE2QzlfZDBZN1N1SDdiRlE1YlJQSmVDRUdxdWhwMFBKdnhhS2k2NDNSekFXQjd0aUZmZmxaQXBMZUMxZnQxZ2NxSGxZbXhoMFVFZXI5ODR5YUJtRWlLc1Q0RV9Xa1NXblhQZmlqT1FFZ1FWZHZWSllaMTBLUDRiUXFGOURNMjlDWTNCWUUyUE9MU05MNU9COE14MXNNc25i0gHWAUFVX3lxTE1mQ3B1Vmtpam94ZFdYTi1FSzVQdmJKdzJIOW5VeV9NRk9lbEdCaG9tdlFLTDk1ZF9QdEMzTnczMHBxcXJIX2tmZHFzUFdBZWw3dzFIQjA1dzU0NWdCUlFaU3F1VFotT2IyOGRWM1BmUm5EbGdxTU5HaWRJaHg5ZUd1bldaRThfbko3b25Rdll1Z3BrZlpVMVBiX3FPaU15RUtPSTFqbmFQdkhLejJIQUdJRGpkRk5TcmpFNDRCM3NzZzNqN1R2WDdJRk9PYnZCTFVNanlsenc?oc=5,offshore,Iberdrola completes the driving of the foundations of its offshore wind mega project East Anglia 3 Demócrata
2026-08-17 11:35,'True engineering triumph': Huge 1.4GW East Anglia offshore wind farm set for completion in 2026 - Business Green,https://news.google.com/rss/articles/CBMixwFBVV95cUxPOURIOXVyQjFENE9zMlh6TTR0NUtBS25LYkJINU8tVlZpYjcyUy1pQXc2ZTk4SnVTRlJsVVQwT0otV1JDbWluZ2lsRmVRSU1RSVhtSEVxVDlVeURBRi1KeUdKZUhUZkVsR2pVeUQwbDQ2S3hyUURfS1BIT1pzd0pkbDRHQ21KdHlqMWVYQXJjT1RlR1JVbUxwbHdVWndGX2pOZnVoeE1MQWZxd3lpdmFOQ3drWmk5RWJ2aWNrTXpJeFFZTXliLTVz?oc=5,offshore,'True engineering triumph': Huge 1.4GW East Anglia offshore wind farm set for completion in 2026 Business Green
2026-08-17 11:45,Norway accelerates floating wind subsidy review - Wind Power Monthly,https://news.google.com/rss/articles/CBMinAFBVV95cUxNV1I1c0dvaTJjLU42VFdOd21mNGlyUjdOYlMwM2hNS2hWTWlMdWxybzE2Z2NTOW1RdzZZVVNPX3FVU2NsaWhTRVo2LUNzTEdQN1Y1YnRTS0RTMEtjaWZDME1Dbi1PTXM5YU5JWVAzcElaR25jTzVSNG9LQVh4Vy1zRU9YbXllZEkyWWl0bnV1SkZxdDRxYWFqVklzOHM?oc=5,floating,Norway accelerates floating wind subsidy review Wind Power Monthly
2026-08-17 11:53,Sector cheers Oct date for Norway’s floating wind support review - Renewables Now,https://news.google.com/rss/articles/CBMipgFBVV95cUxNdXJObWxuU25jYnlXczZ0QW1rc1dxUXE1UnBDeURFeE9ZN1VoSzA4NWR3eDFTZHhKZ29pUjlTZW5CczBLN3FhbnloVUZBOHRXbVQ2ZGs0ZDRBN0V5RTluY2R2ajNMZm5nVWdPWEllZ1laTkVSb2QyVExXWjJCcFRwbTIzUjBJNGhuczhNdjM4eVo3ajBBT3A3WkpLci1KcnhnTDR5SHF3?oc=5,floating,Sector cheers Oct date for Norway’s floating wind support review Renewables Now
2026-08-17 09:47,OSV Market: Howling Wind Test Tight CSOV Market - Offshore Engineer Magazine,https://news.google.com/rss/articles/CBMikgFBVV95cUxNSjJ2OF9Id1JrdmU2RTJlc2hMVHlkdmNFYTkxMnYzdVotUUtoX1Nqb1FTMTVvS1RLQ1ZBeFVIaFdBTWlnOEVMVldtWHQwNlM3cVRGTFBZQW9ZX1JvamtaY3E1dF9fVWtVSTJaMGdSOEE4d3ZGdFdVVXRVUHdnTlEtVEhXbTNOdHZucVJDbUZYSk9NUQ?oc=5,offshore,OSV Market: Howling Wind Test Tight CSOV Market Offshore Engineer Magazine
2026-08-18 07:53,Vestas books 306MW US turbine order - reNEWS,https://news.google.com/rss/articles/CBMifEFVX3lxTE1tTTdVczBBYnM2WTY4bldzeWcxWVk4ZjR4Qi1jREdBUW9XQzhhRmpfT2lpb3NYT29mSm9TazRxOW0ybzBjU1k0bXdqVmxMQzJ6REZmeTNxRExsUlZNVDQxdmZ1UkI0Zm4tYzlvcnFoSGFCbnBYMS1jLUpSbms?oc=5,"order, turbine",Vestas books 306MW US turbine order reNEWS
2026-08-17 14:08,Vestas Secures 72 MW Wind Order With Statkraft in Peru - energynews.pro,https://news.google.com/rss/articles/CBMihwFBVV95cUxPc3BKTzV5ejRNTGhZcGV2NTRlVHNhbXJuSWlxTTVqMGt0UzItQkh1ZDJGNHFYMG5oSEhfUG1qendpNG5ZYi1hNWc2VU5CVWFnd1NOYTRfeTBKUE1JR0FGYXFpSU16cUhzVUlQSEpUWTZtOGJ5TEN0X29zLUVhQWF2MlFpWHU1dDQ?oc=5,"order, MW",Vestas Secures 72 MW Wind Order With Statkraft in Peru energynews.pro
2026-08-18 12:12,"Offshore wind farms could 'significantly alter' regional climate patterns, finds study - Recharge News",https://news.google.com/rss/articles/CBMi1AFBVV95cUxQbkpvNERhZlR5UFUtR05nTTU1b3dldXE3bVhuZDBEazZISEdtNEVXRGdpTEFZdlhuSHJwOGxubl92LW1NeGtOSG1xczZwUENMeG1ubFpXQW1BQkxyMXRDU0FNSy1ydWtuSXNnTTVtWXFja0ctQzdEd19qSjZYYlI0VXZ3M0dxYnN2VDg0N3ZfWEhpRHlfelR6YW9JX0dFdU00d1ZqanFlSzFKMVNwUUJueTZ6QmdMdk01Vnc1OHdtTXhEeWxMVjJqN2RsTUZiQWxuLU5kVg?oc=5,offshore,"Offshore wind farms could 'significantly alter' regional climate patterns, finds study Recharge News"
2026-08-18 03:41,Offshore wind vessel fleets expand as developers prepare for larger projects - Offshore Magazine,https://news.google.com/rss/articles/CBMixgFBVV95cUxPRGlNZHdFclpwTlgyWWNneVJRWGFtcWxseVlVeXBMU2JXVlpQUERkRDdZRmZyUTRoV2ZHZkVONTBuSUt2bXdIR0pjQmNmVVptOGFZa0hzdGxJbHBBSVhNb2Q1YjZDX3BmZjNxSnNMWml0d1QxX09Tbnp2YzN4ckJ6dFV4b3JiSkZ1RU9taG1TZnlHTzYxZDN0SmY5STZwNWM2UWp6Tk1vVHZ3Qnlqd3lpNmFfM2cwdlZSYUZrRnc2T2JPdHlHdmc?oc=5,offshore,Offshore wind vessel fleets expand as developers prepare for larger projects Offshore Magazine
2026-08-17 18:40,Cadeler installs final turbine at He Dreiht Offshore Wind Farm - TipRanks,https://news.google.com/rss/articles/CBMigAJBVV95cUxQWlNFOWwzRlhCdzl0bHZIanNpeUIxTUlXQWtqZl9tN1F5Qm85Mk12YWtyTUFWV1N0cnBUZUdBX3RUM08tODlXb1VOWHdGTHQ3TTBTMU5DOXptRHZxWE54aHlUUUxtdzlWY1AwYWFScDRON1dvREd0czdWdXpNLUtMR1RxdzM3b3Jfemp2UURDNWYtQXZlOFlPSjBvZkZONjNpREx5UDNOQ0xiWGZjRGZNay05V3ptWVRXZjNMc3VtMnhWVkx1RWtoTTAxM2tXcVRMMHE3REtoZndVMnZzZUkzSENTa05SaElFNW5vei1zOXU2aWNOUVlfNHFyaTJtaEpI?oc=5,"offshore, turbine",Cadeler installs final turbine at He Dreiht Offshore Wind Farm TipRanks
2026-08-17 17:20,GE Vernova's Wind Business Just Fell 40%. Nobody's Talking About It Because of the Gas Turbine Boom. - The Motley Fool,https://news.google.com/rss/articles/CBMimAFBVV95cUxOZ2ZiaHlCNGFWSHRNVldMTF9oZ3hDQnYzZnRoYTdUcEgyRFBQektZSGpncG5nblhqNTZSTmFrbE9oUGZmNFdnM3V2OFZXdVZFVEMzaXRRRkFnSnVfdHdJM20yVUR4dlBubkhVQWVrLWdTUzY4WnFpbzRsLTE0SVlzUGtvMW1BQ0dacW85UmdseGZFQmxEd1pTNA?oc=5,turbine,GE Vernova's Wind Business Just Fell 40%. Nobody's Talking About It Because of the Gas Turbine Boom. The Motley Fool
2026-08-17 16:40,GE Vernova's Wind Business Just Fell 40%. Nobody's Talking About It Because of the Gas Turbine Boom. - Currently.com,https://news.google.com/rss/articles/CBMiiAFBVV95cUxQWWhPSnpkWkNJTHpId0xQTEpzR0RFY2dqU1NESzFoSTg4clBWcFRkYjhVRUNXV2JRcXVkcXVqdmt4S1FUcEVISk03RnNUV2tIbGF4YWdGQW9McUQyRjFZYUxJd3N4QzUyNERTVXIwdy0yZ3FobkhRZTNfS0I0dk44aXBmUURPN0Rm?oc=5,turbine,GE Vernova's Wind Business Just Fell 40%. Nobody's Talking About It Because of the Gas Turbine Boom. Currently.com
2026-08-18 04:52,ScottishPower Renewables and Masdar Complete Foundation Installation at £4 Billion East Anglia THREE Offshore Wind Farm - WindInsider,https://news.google.com/rss/articles/CBMi7wFBVV95cUxOS2ZucnMtalNaYzRIaTc1ZkZCOXA5LWh5azhEMHItNjFyTWNSbHpaM1pWU0t2SldjcWpBWTdKWm9KRHpPMkpNNVV6OTl3YUJiWUhiUWJWNHZYc1BReWpiVFJRbWlPaEVTWG1iYmZwcDdFeU5BRGdTYXktdl95TU9vc0dqZVdxTk5IOUwwQXNLNGpjd2VmUW5SLTZvOFNPdFM4VnZEU1p0eGhOMV9qRDlvZThRVlI4SlVHOW1wMEFQYzdlSUY4bHZWZDNSVzZoRWhMNXFXUjAyZ21VblhQUGN3TkZJSGFjejd0c3JuOHEwc9IB7wFBVV95cUxOS2ZucnMtalNaYzRIaTc1ZkZCOXA5LWh5azhEMHItNjFyTWNSbHpaM1pWU0t2SldjcWpBWTdKWm9KRHpPMkpNNVV6OTl3YUJiWUhiUWJWNHZYc1BReWpiVFJRbWlPaEVTWG1iYmZwcDdFeU5BRGdTYXktdl95TU9vc0dqZVdxTk5IOUwwQXNLNGpjd2VmUW5SLTZvOFNPdFM4VnZEU1p0eGhOMV9qRDlvZThRVlI4SlVHOW1wMEFQYzdlSUY4bHZWZDNSVzZoRWhMNXFXUjAyZ21VblhQUGN3TkZJSGFjejd0c3JuOHEwcw?oc=5,offshore,ScottishPower Renewables and Masdar Complete Foundation Installation at £4 Billion East Anglia THREE Offshore Wind Farm WindInsider
2026-08-17 23:10,GE Vernova's Wind Business Just Fell 40%. Nobody's Talking About It Because of the Gas Turbine Boom. - sharewise.com,https://news.google.com/rss/articles/CBMi-gFBVV95cUxPVEUzN2pUQnNtYTRuS1RGOFA4SnFZZkFLbzMzdV80blRyc0ZQRmJrY1lnMU1TQVRuRFVaZWRBUzhYbWJ4QzExUjE1YU5ZeUVWb3ZsYXBnVEFJYjBqSy03bk85RXE0MUQwaWRfaU5acTB5dElJZ21ZSm5vS2pFek1FcTBDOUZJQVlfeGl2X3BtNHRGMEcxVlJnWFMxOWxFVkRqSlRUaTZaVVgxR3VlMUJqZG9HZERUampFVkd3anZ6b3ZDMXZYeE94UmNiLURsaXJyLUdhQUdyVWJhNDhkWkJXYUhYNk1FQll5Ri16QUF5emFhOGZDUUFpcW1n?oc=5,turbine,GE Vernova's Wind Business Just Fell 40%. Nobody's Talking About It Because of the Gas Turbine Boom. sharewise.com
2026-08-18 06:58,"Envision Energy Inaugurates Philippines National Distribution Center, Enhancing Supply Chain Resilience and Lifecycle Services Across Southeast Asia - PR Newswire",https://news.google.com/rss/articles/CBMisgJBVV95cUxPcFAyYUhLLVctX3BhdmZtMTREakYxTTI4cndOQlBjN0tBY3EzZklfTmlzLUl4V2xsS0Q5MWtlUHd4VlI0Z09kUXpZT1hmLUl5Q3VTYi1nQ3F2dGE4ZFJqb3B5ZWtRSjZzcllvUklZUWl5Nk0ydExwZUg5M2owcklPTy1TRGw0VWJBd1ZJM2U4cmNEUW9LVGs1aV9FbFdqWlZhX3lIczFnUkFwcmFhdFVyMEtQY3BtejIxWkFxeU5jb3lyUUYtSFBGRjFadmlBQml1NzZHR1dySkd0X2ZnZkhBNUFCajBsRXJNcnN0Y0hjczUySVNtbEZMQzV4UHFIMWRxZFoyemN5TEllMmNQa1JGRVR2bnJLblJCb0NkZnBjdW9UOHAzQlVIUHVoNWgySGdfYWc?oc=5,supply,"Envision Energy Inaugurates Philippines National Distribution Center, Enhancing Supply Chain Resilience and Lifecycle Services Across Southeast Asia PR Newswire"
2026-08-17 20:06,Block on plans for Chinese turbine factory in Scotland is outrageous - The National Scot,https://news.google.com/rss/articles/CBMipgFBVV95cUxNT2IxOWkxWXc3Sm54UWNyLUdVaXgwZ2tJYlFkN2IzSGZQRDJVQ2tEbkdPbG1naWo4NGZtYmFUZkJXcENLSkpmNFg1ejgyLU5MeXI4OEJGOFBOai1sNkRhMURxaG82OUxSQ0FkZUM4VDhPR3BTQTlkNjR6RWVLYUNiQmkwcXVLRkZzLV84alppWWEzdm9BTjJRZEJ6WHZEWUlCcHAwS3ZB?oc=5,"turbine, factory",Block on plans for Chinese turbine factory in Scotland is outrageous The National Scot
2026-08-18 09:08,Nordex stock holds firm as turbine orders and RENIXX gains support momentum - AD HOC NEWS,https://news.google.com/rss/articles/CBMiyAFBVV95cUxQUE45Qm5sTWwyeXRCV1p6T2hFZENVNFJFQ2J0aGFvclQ4VmMyTXRfd0lkYU1FSElpT2QwQWxiYkt5M1Zuc2N4Vk5kbjROZUJNLWVCaTE3bnZQeGYtWjlFak9CbEg3eThKcGhpUU90N3BXWDV5Mi1UYmN1ck5SUHZRYXRFWk9RWjJyZ1NJeC1lLW9RLXVxazJXcEFtWDhwY2R6OVJjRDhaMUR5bmdQTEJ5Zk1ZYU5oLUNHdHYyUTBoTU13am9iZW1nYw?oc=5,"orders, turbine",Nordex stock holds firm as turbine orders and RENIXX gains support momentum AD HOC NEWS
2026-08-18 04:35,"Three regimes, no support: Inside Finland's fragmented offshore wind push - Recharge News",https://news.google.com/rss/articles/CBMiwwFBVV95cUxNMm1zUGNhSk5TTlA5NGFyYnIzZkhwT18yQTZMRlJvRjlHc1FEa2lFYm92T2VydkFzVG5MeXNDazZwRmFscldkc1RSVWVFTEJtUkdyZE84cFg1Szl0Y2pVWTVOVXdWd2FSa2lRekFBZ29nSHlLV3kyaGhWWE1Mdk9GT3ZuS2pxb05uSVJLc001aExlSEpsZ1BWNk1uWm9ZemdsRnMwRU5LeEUtTUQ5eVZNWWZ6UTB1QzlTUXpnWVB1VVBiUmc?oc=5,offshore,"Three regimes, no support: Inside Finland's fragmented offshore wind push Recharge News"
2026-08-18 08:34,Arenko?s Nimbus software to operate Europe?s first battery co-located with offshore wind - renewableenergymagazine.com,https://news.google.com/rss/articles/CBMiowFBVV95cUxQeTFfRmdCYW5BY25HRllCaEtaS016dE83MHFBQVA4TlJSZkIxUklmbXVnS1dmS0dTTXBSbXRVdXM4YzQ1dmJNcl9kRG5zbmZfNG9wRlRLYU9vS0VKaHlPbkt1Yy1XaGprTlhJSTdGUVpDWXpLTXlUa2tMZjJEMUVqdy14Z2tvWHc4a3ZkUzJhMENMY3FPUDZ4Y0dfTjEyejN1UDVr?oc=5,offshore,Arenko?s Nimbus software to operate Europe?s first battery co-located with offshore wind renewableenergymagazine.com
2026-08-18 07:33,Arenko to deploy tech at Orsted offshore battery - reNEWS,https://news.google.com/rss/articles/CBMijwFBVV95cUxQbHhLRGRQek1Vc3cyWXFLaFhrbzVUaU5udjAzUlR2RXhiZVZFUDkyMVhQekhaOEl5VTBfVE1YbUFMS2FONDJlTXREcXVJcHM3V0pnMW1DNVBxZ1dUNE4tN1B5bEh3LXoyU1d6aXhQUDdFZkNlNS1KOUNvYWlmX2tKUi1sektpNG5MTElxb25MYw?oc=5,offshore,Arenko to deploy tech at Orsted offshore battery reNEWS
2026-08-18 08:05,Arenko to Deploy Nimbus Platform at Ørsted’s 300 MW Iceni Battery Storage Project - SolarQuarter,https://news.google.com/rss/articles/CBMiuAFBVV95cUxPcUlXcFdrUVQ0c1B0N01HNkVGT1EzdFZfLXFSaXV2ZXQ4RDU3YzBfcUdlQlNmZU94enNpSFNLcDVmYXM2VGs1U1ktLVVmaEt4TlJuWnM0X1dxVWJuQlhRZjdvc1ZrZzgxdjJ5YlRZRjBBRlEzU01ySlA3ZjMtN3VhUFo1NjlfYUZReTI3azFoU2E1c25GZlRoX0ZkZHhRRGh2anBYY3lURVN5QXhqSTctUW81NUxrTG01?oc=5,MW,Arenko to Deploy Nimbus Platform at Ørsted’s 300 MW Iceni Battery Storage Project SolarQuarter
2026-08-18 11:01,RWE withdraws from three U.S. offshore wind leases under a $1.22 billion settlement with the Interior Department - energiesmedia.com,https://news.google.com/rss/articles/CBMifEFVX3lxTE5tVF9pWnNsOXdUdUFoVU9pclV3b2Z2TmwzTG5WNjRYRF9FUTM4N2ltY2xOaVloVHkyVkFfQ3ZTQ0N5NTZFMGlMWjRERngyS0VpOHRPZUZrazFWdkFydDNGMDFkeDMtdjR0Q0hzRzRaLUVIR1JWZkVsczdZRVE?oc=5,offshore,RWE withdraws from three U.S. offshore wind leases under a $1.22 billion settlement with the Interior Department energiesmedia.com
2026-08-18 12:55,RWE announce results for the first half of 2026 - 4C Offshore,https://news.google.com/rss/articles/CBMikgFBVV95cUxOckJuOC1HWnY2TnhZR29QWFRCS1RvMUJybndMNHV6d1RwWnRoczdxV09HMFQ1ak9XemEtMEx4V1lMQkUxVDlEd25UOHJzazdCTU43TjluREFfc2ZlU2RKMkRackdGSER3UUtKUGREQmV1dEtsREpOSDMwUEZrYTFJUjBmcHdEbWhud3UwclYwcXlIUQ?oc=5,offshore,RWE announce results for the first half of 2026 4C Offshore
2026-08-18 05:55,RWE insists $1.2bn gas pivot was its choice after Trump offshore wind buyout - Upstream Online,https://news.google.com/rss/articles/CBMi0gFBVV95cUxObHFEY2toS2tXbFRMeVNiSTFoRVI4N2V2M2VseTQ0MFozbExSOXZDR2tsZ053X2p1WmN3cVBld3dkaUNqalFjeWlpVUxhMU9PLS1fR0JsNFotWTJzNnlZT0FuY1RoT0J2RndjYTVhY2FqUmIyM3NNMDF0bThITmdfMmFjZjNXeS1jaFV0VW9LbnB6Mzg2ZWwzUjFPSnM2dVY0ejV1WDBzMW9oOGtMMWxTN0dDN0gweXN3dDR2YUVPOThGdlZJdGNBdG0tcm44RFd3Z3c?oc=5,offshore,RWE insists $1.2bn gas pivot was its choice after Trump offshore wind buyout Upstream Online
2026-08-18 04:52,ScottishPower Renewables and Masdar Complete Foundation Installation at £4 Billion East Anglia THREE Offshore Wind Farm - WindInsider,https://news.google.com/rss/articles/CBMi6gFBVV95cUxPVzBkNHllVE5iWl83bzdJcUtoTTZud1hLZE1qZ0NsSEZ3NDRqRFZuSXUtTzlBSUdnbXBsaVhNdG1rNWNkd1lzRGFPeDVrSE9MUThkUmlaZHMzelZkQ2QwVFA1NXRqek9fVDRocHg4T0I3aE9yVm53MlJLTGh4Qk1jNEZOSlNqdy1KOGU4ZEQ2Z0lScEJoT1RqaGV3aFNvczVGZjdhRXF6dC1VU3hzcEdhbjl1MkJFZEY4bURfQXpVY0RsUVNIVy15RmdfeTZjS0dKLUVzSDZNd3dNZG1iWldnZHJiNTNsS0VRalHSAe8BQVVfeXFMTktmbnJzLWpTWmM0SGk3NWZGQjlwOS1oeWs4RDByLTYxck1jUmx6WjNaVlNLdkpXY3FqQVk3SlpvSkR6TzJKTTVVejk5d2FCYllIYlFiVjR2WHNQUXlqYlRSUW1pT2hFU1htYmJmcHA3RXlOQURnU2F5LXZfeU1Pb3NHamVXcU5OSDlMMEFzSzRqY3dlZlFuUi02bzhTT3RTOFZ2RFNadHhoTjFfakQ5b2U4UVZSOEpVRzltcDBBUGM3ZUlGOGx2VmQzUlc2aEVoTDVxV1IwMmdtVW5YUFBjd05GSUhhY3o3dHNybjhxMHM?oc=5,offshore,ScottishPower Renewables and Masdar Complete Foundation Installation at £4 Billion East Anglia THREE Offshore Wind Farm WindInsider
2026-08-17 19:15,$5.4bn East Anglia Three Offshore Wind Farm by Masdar to Commence Operations This Year - Construction Review,https://news.google.com/rss/articles/CBMiwAFBVV95cUxQUUxnbmFXWVNsb1htMG5ScXY3Q0FVQ1FJcGhJdkY5VUI2dEx0emo2WlNlZzBWY3JBVnlRclNDLWExTXVFZWJ1d010bVlQNDdXeDdJd3pKRGtIWGtmaEF1eXl2VHEzcWh2S0o2c01ZdVdsMGxtUTY3VHk4enlLTWhtOF9wbGR6ZlROcDlSc0tQZ1BCVlRBdVV0TEtvdGpKSHo4Y0R1X3RrdHF3YXN6Nm1xeUFjVTViX04yMmM2bXNyZlY?oc=5,offshore,$5.4bn East Anglia Three Offshore Wind Farm by Masdar to Commence Operations This Year Construction Review
2026-08-17 16:26,Equinor Buys $940m Stake in Gas-Fired Power Plant - Offshore Engineer Magazine,https://news.google.com/rss/articles/CBMijwFBVV95cUxQYi0wdHVtaHpWNlVqcWhPMXZCZWRSMmVjdV9TNHBOU0UxUGxKVlBFLV9HWE96YXlZVFFoUnkwZjZjay1tNDhYLVRQRWNVWU5WemdEXzlFTG5Kci1NV2RUeThiQzdxcjNyd1RjOVVCZXV0N2JEbHF4aXljZnh0elZUQXFMQ1AyMGh1dTdobFJKNA?oc=5,offshore,Equinor Buys $940m Stake in Gas-Fired Power Plant Offshore Engineer Magazine
2026-08-18 07:20,Equinor expands US power business with gas plant acquisition - energywatch.com,https://news.google.com/rss/articles/CBMickFVX3lxTE5mblBFaC1mTWtkRzVwN09NdDEzeFB5WTZzOTdjRnRaVktnTmQ2SVpSNUNuaDJLaFhjcUM4ektqUnM0M1FGVFduaS00SGM5MndaTFo1TTNwT0Y0WUU2YUZreUFsa3JZUGdLQklLYW9lQVBzQQ?oc=5,acquisition,Equinor expands US power business with gas plant acquisition energywatch.com
2026-08-17 17:19,Power Plant News - Offshore Engineer Magazine,https://news.google.com/rss/articles/CBMiTkFVX3lxTE9jT0QwMFlKNVBfdno1cHp2Q2h4TDRCSzdNOENWWGxrTmZ6RXljUUt2elJqcDNnOTRMX3U3WlhnV1BETkJDeGwtcmxaODJnZw?oc=5,offshore,Power Plant News Offshore Engineer Magazine
2026-08-17 17:23,Chevron Discovers Oil and Gas Condensate Offshore Angola - Offshore Engineer Magazine,https://news.google.com/rss/articles/CBMinwFBVV95cUxNX3pXSjJFSndKYmNobFdKTHBuOEpEUkp6WXp3d18tRUJjYnJBZEpGOUdLd2lEY1ZOQ3V2YU9YUmRhSkRpcmplbTF0SnBVZkRpM01CbkoxeGY3STYzME9vZFNMRGN2Z0l6QWpoMkpwQXlza0RZTTJUb1hEOXdfQnlaWkxCdnpCUDhZSVhRbTZDcTgxZm44NjljRUNsWHFZVHM?oc=5,offshore,Chevron Discovers Oil and Gas Condensate Offshore Angola Offshore Engineer Magazine
2026-08-19 09:41,Could hybrid foundations really 'annihilate' floating offshore wind? - Recharge News,https://news.google.com/rss/articles/CBMitwFBVV95cUxQeGNEMHBlbF9FcHl4eFlCUE1WTEVVdGJoME9sekJBZlp3cjZ1QjY0VW5qOGJBVDlDeGVhSFVCZnM5UkZybzhkTklfRHdrRlBLbHZJNDN0MFVRTmMyWFZkbDZiaGhsMGJxMEtxN3FFYTk0TVNYNTZLOENrSFFwX3lHSWNFVWNNakRzVDF2QUpGUnRkLXI4aWcxM0Jkd2g1cnJQLVFRU0RPNW5jZVVtbWc5XzQ4U3p5U3c?oc=5,"offshore, floating",Could hybrid foundations really 'annihilate' floating offshore wind? Recharge News
2026-08-18 14:30,Vestas wins 306 MW of orders for undisclosed US projects - renewablesnow.com,https://news.google.com/rss/articles/CBMinAFBVV95cUxPQkx5Q1FTRUlKS2dwRi10VUxzcTNtRVJmVHpQYlpIZnRJdG5OTllyU1AzaUNENHNYN3BneTNUQXNNd0RxVFhRc1BIa0lZR2VsNlZWazdBOVRKWVJkSnFrdDdtY2swWTVxNW5LU1I4b1VsS1JnZlBTbm5yQUo3bi02SmRYcFRkTllLM2dIYXY3YUo2S0pjMlA1OVZyU2w?oc=5,"orders, MW",Vestas wins 306 MW of orders for undisclosed US projects renewablesnow.com
2026-08-19 00:26,Wind Turbine Gearbox Synthetic Oil Market Offshore Wind Expansion and 3-5 Year Replacement Cycles Drive 6.4% CAGR to 2035 - IndexBox,https://news.google.com/rss/articles/CBMi5AFBVV95cUxPOTFOcEFqSDZLcTFQSDFOU0dBenJhOGNvZ3NodkxNRjZMYTI0c2IxQ0RVdDdZNlVDczZJTGM5VnhYWllQZjJNU3NmS254RkVCMkJJMlNoMjJfQWtlUzQwNzNQcVN1OXhvYUdZNkljY0RTQnRVTzlQWUlkOGRwaWJkQ1BjV1UyY0tqVzVwXzJuMWlpaWNhMjJoS2k4aThwTllCUV9QQjlEbElOZTN4ZGVzZ0Q4OWNQZVBLZU1ydWZVSEp2enhTSWV3RkgyYmFXZ1VYYkM4eDdPdS1GOVpGT0Z1UnVHWWI?oc=5,"offshore, turbine",Wind Turbine Gearbox Synthetic Oil Market Offshore Wind Expansion and 3-5 Year Replacement Cycles Drive 6.4% CAGR to 2035 IndexBox
2026-08-18 15:52,Inch Cape turns focus to Dundee and turbine installation - Energy Global,https://news.google.com/rss/articles/CBMipwFBVV95cUxQeDdBUlZsUmVhM0FlNk5KRnp6bjhvaUdGaU8tRVJaMUpmclhsMTIxQ21lVnpET3l6SGtxODNoYzlIa2xPZWtGYnBleFo3YWd4WTF6WXcwVGRFVGZuc1lHejVMWDZxcDBUell3RTg5anlCUzMtUnRiYkQ1ckdzTDlRUHBaZV9sNnVhN3hZUmdYOGtSemdPYVpHN0VGYjFxREJSazU3R24zbw?oc=5,turbine,Inch Cape turns focus to Dundee and turbine installation Energy Global
2026-08-18 14:30,"Germany just stood all 64 turbines at a North Sea farm called He Dreiht — Low German for ""It Spins"" — each a 774-foot Danish Vestas with a blade 19 feet longer than an NFL field, the first commercial-scale V236s on Earth, 960 megawatts and no state subsid - Autonocion.com",https://news.google.com/rss/articles/CBMie0FVX3lxTE9mbEFsOE1LNkkxNmxONVVTY25vNHdaU2U2TjFJdkZac0ZSMWQ5WU9JRE5VSF9yWGJtSkVhWDhycDVSNi1GLVpjbjh6Y1VqeTFaTEtUaXU3VEVIVW83Vk03UmRlMUpZX2VzQ1loVjVkVk5GMXRwQkE1YmRtOA?oc=5,blade,"Germany just stood all 64 turbines at a North Sea farm called He Dreiht — Low German for ""It Spins"" — each a 774-foot Danish Vestas with a blade 19 feet longer than an NFL field, the first commercial-scale V236s on Earth, 960 megawatts and no state subsid Autonocion.com"
2026-08-18 23:56,"Fact Check: Collapsed wind turbine was not blown up by Victorian farmer, as claimed on social media - Renew Economy",https://news.google.com/rss/articles/CBMiygFBVV95cUxQbWdoWjhPWjJWWXN5enBSdjN2aC1XaGdWWW1DeU5iWEhZdG1ERWVrOWRvVUVTWDVyN3k3a2xZM01OSVMxSGcycnBVRDR2TUhfRkh1MXJEc010VjIyLTRzUEk1MWgta3VnZmxuWnIwOUhIcXFIdkM5TDBybXVjeXNFcFJ2d1BKalMzS29nRG55SnQxTmZVRUo4eF9VSTNKM2pCTnlWUUtIaG1ZVzFKSGJTZUlwRjlvaTdrQjdJUV93SWtQUkpBeDBmZzJ30gHKAUFVX3lxTFBtZ2haOE9aMlZZc3l6cFJ2M3ZoLVdoZ1ZZbUN5TmJYSFl0bURFZWs5ZG9VRVNYNXI3eTdrbFkzTU5JUzFIZzJycFVENHZNSF9GSHUxckRzTXRWMjItNHNQSTUxaC1rdWdmbG5acjA5SEhxcUh2QzlMMHJtdWN5c0VwUnZ3UEpqUzNLb2dEbnlKdDFOZlVFSjh4X1VJM0ozakJOeVZRS0hobVlXMUpIYlNlSXBGOW9pN2tCN0lRX3dJa1BSSkF4MGZnMnc?oc=5,turbine,"Fact Check: Collapsed wind turbine was not blown up by Victorian farmer, as claimed on social media Renew Economy"
2026-08-18 15:33,GE Vernova (NYSE: GEV) Wind Orders Collapse 40% As Gas Turbine And Grid Boom Steals The Spotlight - foreignpolicyjournal.com,https://news.google.com/rss/articles/CBMi2gFBVV95cUxOUEg4WUVrdUxoQ3p1bWt6cEhoTVFHbm1fQlZkS1RSVlo4MnBDNkxYclpKZlppZnJZZHhvMGVmMjJpMnFKSC1qOVdkUlYyWGc5cDJvc3BjaENRd1JERlB4M3lsMWlVYVBFckgwVHNiLUlCMnZUR0s0TVRjV2kzVDMtWlRPbjZGbUM1ekw4ZlR3dWZ6WU0yM2ZGd3Fsc1BNeXo0RkV5T3dCMGlKNERMZDRNbDc3THAzc09YRUVUSHU5NlBVb1lhdkFYdUlYVnIwQnRFejF1UXlOaThzUQ?oc=5,"orders, turbine",GE Vernova (NYSE: GEV) Wind Orders Collapse 40% As Gas Turbine And Grid Boom Steals The Spotlight foreignpolicyjournal.com
2026-08-18 19:21,Critical-Minerals Supply Chains Need More Than Mines. Greenland Mines Is Pursuing a North Atlantic Corridor Strategy - Investing News Network,https://news.google.com/rss/articles/CBMi2gFBVV95cUxQSFN5UVBWYkZnM1lwWUVMVTlmRkY0VGQ3eG5lWkQ3eHRIbkZZUlFGVWR4ZzRxNl9HSVZBMXhYOEV3bGFUOVY2U1Y3c1hsal9LXzgwTkpuRHV4TXJlUzNhSW5QSFNlXzlKa1loTzY5RjE4dm9jb3lhMzVIUEE4ZFptaTdqYnNOMWFROUx5N3F5RDNKV0NhQWRMR3BjbGg1bVpvbjRLdWljUWFFcWVKMjYxUHpvUXFvSE94eHViN0dReFc0RFI1NV9Hdk4tM1hoVlJCNFdBMkg0YjVUQQ?oc=5,supply,Critical-Minerals Supply Chains Need More Than Mines. Greenland Mines Is Pursuing a North Atlantic Corridor Strategy Investing News Network
2026-08-19 07:51,India’s Race for 5 MW-Plus Wind Turbines: Where Do Suzlon and Inox Wind Stand? - Saur Energy,https://news.google.com/rss/articles/CBMixAFBVV95cUxNbUhaZHBBX0diX3RQcS1uZkhKQ3k2MEVoS3dVeFkzMHM1TFV0V1kydmZScnR5X0gtQmhfall2UlppTFBtc3d6WGlvWWxldUljb3N5c09DSEJkYTlkTk90czNxMWNIRGJRNVdaa0tqTGFxZXdVcl9SMFduV1l2V0gwSnFsWHAzazRZUV9YMW9mclVkcDlFQThYYVpaNDNiZG5VT0plQ1V0NVhvZVJsM3pHaHpkLWN6OVNlUkM3aGZXdnhFaDN6?oc=5,MW,India’s Race for 5 MW-Plus Wind Turbines: Where Do Suzlon and Inox Wind Stand? Saur Energy
2026-08-18 16:34,US Wind Energy Outlook 2026: 53.6 GW Pipeline Accelerates as Developers Race Policy Deadlines - GreentechLead,https://news.google.com/rss/articles/CBMiyAFBVV95cUxPOXB0NzZlMktRUm1WeGV1TkdTckh1M2pFY3JaUEFHNjlPYU5UX1JhLTJDZ2RFZ3EyUmt2YmdjMVNRRUxJcHdMSkJMNTdGLW41eGVXaFNsOTBzemFXWXhoUUx4Uk0tZnZ0MzZqd2NtbWhyTHVrVEdoenNYSU5xUERpRlRWdnI3SU5XMXRQM1RkaGRzVzl0LThiRjd6QXROcUdWd3NLT0lFWHlnaXBNVXprWnhtQlJUamlEanZiLUpFSFVLTUszQTNmOA?oc=5,GW,US Wind Energy Outlook 2026: 53.6 GW Pipeline Accelerates as Developers Race Policy Deadlines GreentechLead
2026-08-19 12:20,Orsted plans for huge new offshore wind farm revealed - Recharge News,https://news.google.com/rss/articles/CBMirAFBVV95cUxQRjBGc00yNWtuYk1kSFYtMlhJb2JFU1BndWZnRy1meHplem9UR21BTG5faDRTWDktZTlpdVNrS0dsWEx1X3RCUnZtbG9tVk1oSGhoVjV6ZGV2dzNZdGstVXNQSXMxUXNwcUR2RzdlMDlETi1tUDVKdVpZNHREdzBPdjRjMEJMa1MwMW9zdlVHU216MmVta3pieDNIYTRzTy1TU2hqZExPV3pPdFc1?oc=5,offshore,Orsted plans for huge new offshore wind farm revealed Recharge News
2026-08-19 13:09,Ørsted files for 2-GW offshore wind park in Taiwan - Renewables Now,https://news.google.com/rss/articles/CBMikwFBVV95cUxOVjd6VWtuNWFjUmtSM2Q5M2FCWXk0Z3hfUWYybkVuVURGTW5UOXhMaEMzRTY5MXlsMWh3NDVwZG9RakVkcjV3V1hHNjVmYXF1c1VzWFE3YVNZZlRRTllxV1lnS1NFTlU3X2ZiX1d5TFJYcktSczBOaHUzQTdnM3QtU0NSdlRPLWU5R015Q3c4Nm5zSWM?oc=5,"GW, offshore",Ørsted files for 2-GW offshore wind park in Taiwan Renewables Now
2026-08-19 13:03,Ørsted plans new offshore wind farm with 22 MW turbines - energywatch.com,https://news.google.com/rss/articles/CBMif0FVX3lxTE9LTUJYelBfSFZrdEtTVWQ1RGY5ajlMZjV3RFc0THFKREVBeEpUN2Y2RHRiMkEwblVNSDJCWTNQZHZPTTBha2w3bFRaMzh6QzlMbk1GY29EUHpPR3gyNDJfdjA5SG5zZzFFY0hQOFVKUGRYN1JNN0FFd3NrbUJjemM?oc=5,"MW, offshore",Ørsted plans new offshore wind farm with 22 MW turbines energywatch.com
2026-08-19 10:29,Ørsted Proposes New 2 GW Offshore Wind Farm in Taiwan - offshoreWIND.biz,https://news.google.com/rss/articles/CBMimgFBVV95cUxPN2VxcVBxU0FBNnlna2ZhXzczVUhBVEpqVF9USTdZRXVkU2k4N0gyWW1TdWNtRHo5ejhnN0hVV1VCLUdKRFI0TFRTQ0ppQkNaWk1yVlZURVN5cy1VVEozcGtTS3RMeVJkaXR1ZVFXOHdjRWQxRWlpQlVkbmxyLW02dDFrRHlCRG9Eb3k3R2FnRlBVYTkyekh5dTRn?oc=5,"GW, offshore",Ørsted Proposes New 2 GW Offshore Wind Farm in Taiwan offshoreWIND.biz
2026-08-19 08:48,Orsted unveils new Taiwan offshore project - reNEWS,https://news.google.com/rss/articles/CBMihwFBVV95cUxPSGJUYkdkWHdqT2lCYXoxVnRNc002MDFrYkJvMU9IaE0yMm9VaEZvUjdvR3dGaUpIWFJyZzA4YlpIS3dGYWRBYmJ0RENXRjJqdm5Va285YkgyZWI3X0hXa3Y3VHlwSUdCeWxKR2szRzloRHpqWGtlMTRlakJHQmNnQURVNzRyNW8?oc=5,offshore,Orsted unveils new Taiwan offshore project reNEWS
2026-08-19 09:53,Arenko’s Nimbus platform to manage 300MW BESS co-located with UK offshore wind project - Solar Power Portal,https://news.google.com/rss/articles/CBMirwFBVV95cUxNRnpvTk5lQndZd05WOHJVUTFJMkV2M3laNVpwVUR5aVZlaTd4VVpfeVpKQUl2NFNuVWJaZFI0UmdHNWo2WUhvZnRsWmpSUF9fNDVyQkhLTDNYX3JqR0ZsSjQ4TC1Vc24zaXZET1VxNEpya3BuWnhNbVhsZGJDRG9FbGRmZ3g5SHR4ZlM4b1dvQTUyTnFfSWtEY1N4TUZVaENCNW1iNWJDNmZXeHRVWGJ3?oc=5,offshore,Arenko’s Nimbus platform to manage 300MW BESS co-located with UK offshore wind project Solar Power Portal
2026-08-18 15:41,Arenko’s software to operate Europe’s first battery co-located with offshore wind - Energy Global,https://news.google.com/rss/articles/CBMizgFBVV95cUxNMUU5Smc1c1BFZmZNWFRkOFRFMi1ldUZxOWR1dWhwM0lvblNlY293R3RvT24ycThYQkEwOVRBYjVzVmJRSFJkMURzRHdJUFVLY2ZOU044SWdPQUxSVk5rLU1sdElfYVVjZlRtT0ZKejMySWxNTHFJLXc2RDMwemEwWmZ4eERPV0FJc1JWdUM3Y1dNTXRjeFp0cXRvYTlqeTFETDZxM290VWtWQV9mVDVQQW9HenI0cFNQcjEwdzFJUlk3MUFDUFMwSFNVTEpZZw?oc=5,offshore,Arenko’s software to operate Europe’s first battery co-located with offshore wind Energy Global
2026-08-18 17:00,Inside Vattenfall's Offshore Wind Procurement Strategy - Procurement Magazine,https://news.google.com/rss/articles/CBMijgFBVV95cUxOdTFDcXhrOGZSUVN2XzVxMjRvU1hHdFY0b2IxRTRxdUFZM1dXNzJYRWIzdnYtcXhEQWRPTm1vQmpnWjBHaWlEZktXZmhhMXpqNGtaU0F3dVIzVEhIOGFscXNtYV9OVHROZmlOLXJDTS1tLWJoaFVIT1NaX0JOZ3JkdU9uakFmZW5sX3h3WXBn?oc=5,offshore,Inside Vattenfall's Offshore Wind Procurement Strategy Procurement Magazine
2026-08-19 11:00,RWE withdraws from three U.S. offshore wind leases under a $1.22 billion settlement with the Interior Department - DredgeWire,https://news.google.com/rss/articles/CBMizwFBVV95cUxOcGFfaG9BX1RWczFRbGhkRV80eVNzMlJIcHlaajMzbUNfdjRfLVJQaXJSM2UxcXp0ZEZfWHpVbU5nR0ZWUkZqNmVLYmsxWWIxRjY0ckVkdEw3T3VoQWZ0cjg2ZTBLX0hBMjFYS3JjNEQ1MlJ5Slk1M0VPVXRtN2pFWW5GU0E2REFVbHRWYkcyT29nVlJMVGI4SGlRT3pZME0yZFpfajdVM252Wlhpd3lrSUt5LURZckdjbk42djJXQ3ctaTlRaXBoS2o5LUVVblk?oc=5,offshore,RWE withdraws from three U.S. offshore wind leases under a $1.22 billion settlement with the Interior Department DredgeWire
2026-08-18 17:12,Trump’s offshore wind crackdown reaches the Gulf of Mexico - The Current – Lafayette’s Community Voice,https://news.google.com/rss/articles/CBMikgFBVV95cUxOUEFSSktjRDdwY3dsQk8yaEprWGk1Wml2ZVhxdzNKM29hdW5CM3RJcElVV1pDcVpVTzROT1VyS1JvblFoQjVyWm1iNzBaZ2tqOUhiMGRqVlJWU2YweEFTNWI0ZXNSek95SXRkSnNYTjZYZGZfdzQ1MnVpbE9yNXZIdzlwVnZnMjNyaGtKbmlDNGdNUQ?oc=5,offshore,Trump’s offshore wind crackdown reaches the Gulf of Mexico The Current – Lafayette’s Community Voice
2026-08-19 11:00,Iberdrola promotes the electrification of the shipbuilding sector for the construction of new offshore wind farms - theenergyst.com,https://news.google.com/rss/articles/CBMi1AFBVV95cUxORUNLdGpoU211aVhlaU9uejBOTVZJVElXNFNXREFMaGFXam5IVWtXRU5aUjdwa21vLS15eUpONmxwd0dqZUpueHh0WjVrNURsQTVsdzhaZWdwbTMzUUw2NDB2dUk4Zl91SktCOThLaTZ0UjlRS1QzVENRTXJWUFgwR29fOWZrQVVjTzRzMk5qbXRGeW5UVUlFUVBjOTV6Z1VQdW1ud1ZWYnNtREs1SHhZUWlPYXE0a2RQWEVNWWk1c2ZuTHN5WmpSU1ZuRExyVEJyWV9rSA?oc=5,offshore,Iberdrola promotes the electrification of the shipbuilding sector for the construction of new offshore wind farms theenergyst.com
2026-08-19 08:04,Iberdrola promotes the electrification of the naval sector with the construction of new offshore wind farms - Diari ARA,https://news.google.com/rss/articles/CBMi5AFBVV95cUxQUnNrQnlnRWpxXzBKXzlrYm5RZmxXNVBFRm96VzFUUXhRQmtPeTZnWUY2MDVmT2tIeERJYW1tR2J6UUhYbjJZYjdNT3ZWcGxqQ29HeWZBVS1GV1ItVmlnY3lWRnlRQVNfYWpsSnowNWtSN3lBYkpHX1BQdF9VYzEwV0xXX2JLMXJYSmdYYl8tdWFfNEYtM1NHeTlQWEdkYklOVEg3b2gwblk0dEU5STA1TDdZaU5oSW9pbzNQdWR3TUFCUlNOTFBoOUdkRnF1Zk5wWFpxOEdOUjdlUkROS3NlLUpwS0LSAeoBQVVfeXFMUHFpZUMxZmd1VHVZRWh2RWNuSXZjRnFyOEhMRmR3NklzWjdkYmZfa3Yxb3RCbWR4WTR0RkZRNU83MlhSc29SbzZtODBNM21FRnk5eHRsTEZIWjI3eHl1bEhDTldlMkFlWUxzYzNPSDhvRHd6aER4MG5LT0pOUF80T0dfVl8wVVV2LUdsbjZVWkxMZXYzMTVBZWFOOE9iNlJ3Ri1FLXBlSm1BbnVESkZhVTVHRmF1c1ZBajNSaVA2N0JOdHNBbl9FenZieG1kVHNmajQwQzItV2lURzNybjdvM2JmLVk1YVVhaFF3?oc=5,offshore,Iberdrola promotes the electrification of the naval sector with the construction of new offshore wind farms Diari ARA
2026-08-19 06:22,Iberdrola promotes naval electrification for new offshore wind farms - Demócrata,https://news.google.com/rss/articles/CBMiqAFBVV95cUxQWEQ1Qzd1UzJaUHk3TlhpMmJxcndDQWxWNm1zRWpIZmM2VWRfQ3Z0QllQLWRrTF9wcG8zTGJhTjF4M1NrbkExMUYwN2VZekg0YklrRnVyaS1xVXpxODBWSnBJTzV6SnV1M0xFUHJJdVJ2QVIxd2RJQ3YtVVdUenJtZTByTWRldWk1QUZiSFJza1RtTjdjQy1kd2drYVBRYlFFcURyaF9XTkLSAa4BQVVfeXFMTUM5MW1ZU0hUZEdzYkpQdzFGXzNITFVUOElqNVIySnZYTEJQQWhGLUl2bXRVSnRvLU9icXdoRE4zNGF4VFZUMWU1SUdoYkt5T2M3OTFzbU96ZzNGdnhMejZHUlNsYnF2QVA4RHgzUFJCZzNpeFZhcmc1LWQ2TjNHdG8xMjZRdVQ5Y2VBT1V4WjZUVnl0Vy1aVFZBSTNYTi1CcXVxXzNtQUpiWUtKRF9n?oc=5,offshore,Iberdrola promotes naval electrification for new offshore wind farms Demócrata
2026-08-18 14:17,Iberdrola stock steadies as offshore wind milestone and AI push shape its outlook - AD HOC NEWS,https://news.google.com/rss/articles/CBMi0gFBVV95cUxQWjNHQ0Zjby1GWEdRb3Q0NnVXSFNOdm1yZUxPVGQyUFhTd1VuQ3lIc3BvU1Vmdk5SaVVxMl9xbHdDdGtKbzByYmUzaFlBZWZaLVhvMGhfbkx6V3I1YU02X0dQS2QwV21VUG5tWjNDMmUtQkxmUHpodGpnSlJiYkFfVkpRY2RKYjFZVTBCVm1TdXhnV1pTSUZLNFBNZ3JfLTlsVDh2ZjRtSFl4am5FM2lncWR6WWtvMzZoTERadWh0am5veDI2RXJLY2VmTlo1YzNrWnc?oc=5,offshore,Iberdrola stock steadies as offshore wind milestone and AI push shape its outlook AD HOC NEWS
2026-08-18 19:28,NextEra Energy secures $3.3 billion first tranche to build up to 10 GW of natural gas generation in Texas and Pennsylvania under U.S.-Japan trade deal - Energies Media,https://news.google.com/rss/articles/CBMif0FVX3lxTE8yNzRQLS1NYlRFUHpqMTN5X2xGdDY0TjJEaklrVHY0UG9Yc1VDUWdoR2VqaTRJLThYX2pEM0NwbjRWNjB0N2lLa0loaWwzeHJUVkdjcGZDWVp2Z2hfTlM2RUpGNk15X0xSUE05MmdwMlZlZ2xKR3lkM01JVldJUGs?oc=5,GW,NextEra Energy secures $3.3 billion first tranche to build up to 10 GW of natural gas generation in Texas and Pennsylvania under U.S.-Japan trade deal Energies Media
2026-08-20 08:10,Vestas marks 15 GW-plus of EnVentus turbine installations worldwide - Renewables Now,https://news.google.com/rss/articles/CBMiqwFBVV95cUxNbF92UU8yeXRpVzZMZWlrWHdmT3lLM3BnN1QxdDZCUjZHdUdVaUV4amp1WE5ubUdtTFhtUDZvMjV0cU4ySGNUMkU3cUd6c3U2ZlYyTlpnbXYwOGNaTm9vNDJUSnFnSG4zV04wYUN1RTkyLTl0Mmp4UnNzbWFjRG5FbTliYkpOb3lCdzJhOElOeHhETVFSZktkZ21leVh4NDZTbTQ1aGNUMUhKTEk?oc=5,"GW, turbine",Vestas marks 15 GW-plus of EnVentus turbine installations worldwide Renewables Now
2026-08-20 02:06,Wind Turbine Maker Leases Distribution Center in Brookshire - Realty News Report,https://news.google.com/rss/articles/CBMikwFBVV95cUxQSlptaUhSZFp4c2R5QkM0VTJvODk2OU5WVFZhNV9VRmR5R2JGRkV5aGFEbjJqRllsNi0wSWM5cHRsanc5Z3ZkV2ZpRF9qdTZXZlpnWEpxQVF4WHJFM2R2NFdyS0hTNE1taVFLc3ZJV3NrTWlGcFF0M2pNSmc5Tl9WZUNuMTJJc3NEX0dzX2VSV0lxbWc?oc=5,turbine,Wind Turbine Maker Leases Distribution Center in Brookshire Realty News Report
2026-08-20 10:19,GE Vernova's Wind Business Just Fell 40%. Nobody's Talking About It Because of the Gas Turbine Boom. - AOL.com,https://news.google.com/rss/articles/CBMif0FVX3lxTFBfWXREZUhqUHBYdVRvX2FiU3c0ZlgxSmFud3VQRFZXdUh1WkVwZWN4N2p5ZmhabzVuOTFNZHVFQVI3a1JfMDhvZ1FSQjBpd3FvM0VVcGo2TDJ0Q1g3VzlfSDE2RTNvUHE3WWQydHJSY3Etdy1OUFJ4TDBZZGJvRFU?oc=5,turbine,GE Vernova's Wind Business Just Fell 40%. Nobody's Talking About It Because of the Gas Turbine Boom. AOL.com
2026-08-20 06:13,Tesla veteran plans 40GW US inverter factory amid import crackdown - Recharge News,https://news.google.com/rss/articles/CBMivwFBVV95cUxPazdxLUt0dFlrMkROcWk4NWpCZUgzZG9ITWZvNXNGem0yU1F3Qm1RSkRHZDdZem5qZDV4SjM2UGhrdDUyWVR4dHpzNjllUlRpWEV4ZUhwM0RJejBtMGZuWHZvTmMzTFJ1eTExWGthTXY3a1dfd2JscWdXQWhVblU3UWZMYzNDWklTY1dZTGU3TURQMnU2SFBDd3NhaFhRc1h1REl6MEF1ajJtRUJVbHNhMFViYU1LaW5Oa2xBZmY0cw?oc=5,factory,Tesla veteran plans 40GW US inverter factory amid import crackdown Recharge News
2026-08-20 11:57,Eneva and GE Vernova Launch 295-MW Azulão I Power Plant in Brazil - energynews.pro,https://news.google.com/rss/articles/CBMilgFBVV95cUxOczZBN2tESnpvN2tibWJpSXdoYnJ1d3U0WG9MaEZyd3I0QkwyYjA3LUxrZHNaTC1mN3pvVXRQTVJHS0NHQVFoLS1jcmRMbDZQeDR5Z002NmpKTFJwWlVFTHc1THFNRlhsYVl0UEo5ZkdGSWJRN0tEVUFMdFJPUWUtOGhDTV9Da1hNMXRScVZUTndVNVo0Rnc?oc=5,MW,Eneva and GE Vernova Launch 295-MW Azulão I Power Plant in Brazil energynews.pro
2026-08-20 08:02,Seriti Green commissions 155 MW Ummbila Emoyeni wind farm in Mpumalanga - Green Building Africa,https://news.google.com/rss/articles/CBMirwFBVV95cUxObkNfSzVVRTRhQ1RRTjF0VGdVaWhKdGhIbGo4cFcwQVJIU3BYbzRuZFNGMnhrVDc0eUVtZm9Cd19sYzB1d3VxZHI5VU0wRDVWRUZ0bk1iTFpwQzJYWVhCeFhtMmluS2Q2TWc2dVV2OElmbHF6Wlp4SGJpV05hZmdQdWlNR2NKdUFjZnJlZ2Z1Vm15emdYdmVrZ3RPM3N6OFRnOFgxYzJnUGNCSXl6VEZN?oc=5,MW,Seriti Green commissions 155 MW Ummbila Emoyeni wind farm in Mpumalanga Green Building Africa
2026-08-20 12:18,One of Europe's biggest onshore wind farms set for Supreme Court showdown - Recharge News,https://news.google.com/rss/articles/CBMiuwFBVV95cUxOeGxBZGNwRktPZnNXem4wRklaaF9HanJhdVdKNWtlWXAtVGI4WWZWeEs1dXFzcVM1TnJCcVdzajZpakpQeWtENG1seU1BcDNJb29WWnBzSkNkdUlxamNEYU1IMVdMVF9udmZuSkk4VlNOSVQ3bnFySjg0ZGtseWdOYUlNM21XeWdzblhQTjZSdkY3ZFhCSE9yemM5Rkx0a1NkdXZ5Rjc0cC1lM2J3S1RsdEFheG5EWUMzZWE0?oc=5,onshore,One of Europe's biggest onshore wind farms set for Supreme Court showdown Recharge News
2026-08-20 08:33,"Labour blocked £1.5bn Scots factory to 'avoid aligning with SNP', ex-UK minister says - The National Scot",https://news.google.com/rss/articles/CBMiogFBVV95cUxQX0YyQ0VjLWl3cFJmZGNWOElYQk02MFFxejBsNU0xRENLd3pzczdxRnp1LWhLSWxVSWc4ejNDWGpmRHpKNVVacnQ1eTdkby1WYUthRkI0MXU2OFZpZmlLbXNBd0g3ZWJiXzM1V2xfem9xRmkxQXZXbmd3Z2NhZXJmcER3cEVUcWhENjUwUnBHdUJnclI3UkdoYjFwb0xQN3NPdUE?oc=5,factory,"Labour blocked £1.5bn Scots factory to 'avoid aligning with SNP', ex-UK minister says The National Scot"
2026-08-20 04:37,Why Vattenfall joined the great offshore data centre dash - Recharge News,https://news.google.com/rss/articles/CBMirgFBVV95cUxQZC1INldPdUwtS21FZFdCcnBIM0o2SzQzNzZmVjVkdFNyN1hIRkpiREQ0TVpJWEpQcGVSWTg0TVdzVy1Cb1ZhV0VoaUR5WjlUazZZbm1ZSjVaQ2NGTHgzc2U0V1poT01xSmRIS1JRal8xMTcwQ195QzJVbEpEZm1HOXMxU2dqYTQ3TU5XVDl0dnZxdlluZ1JlTUhULUYyT0hWek5hYTVKRUM5Tl9ELUE?oc=5,offshore,Why Vattenfall joined the great offshore data centre dash Recharge News
2026-08-20 10:57,Enercon secures €1bn guarantee facility - reNEWS,https://news.google.com/rss/articles/CBMiggFBVV95cUxOZ0JwY2lhbFBqMDBwd1V5Z1RWOUMtZ3FxaHZmWkt5V1lWT2NJbFMzYXE0Q05lYnBjNzhlUDlDc2RSTlNaWU16bFVuTmNaVzNxRE0xNzlnU242RklfWXdsTmw5M1RlRGFWUmRGVnhXT1cxQmRjSlJ2dEF5REwxU0pHT3VR?oc=5,facility,Enercon secures €1bn guarantee facility reNEWS
2026-08-20 05:21,Nacelle Paint and Primer Coatings Market to Reach USD 2.1 Billion by 2035 on Offshore Wind Expansion - IndexBox,https://news.google.com/rss/articles/CBMiygFBVV95cUxOWERoZFhvRmZ0aXd3QTlHd2hUQ1JuSXZDMHZ1cGJoOGIyV1h6LXJ0M0lhSm5SNUs4U0hVVkozUnZ6Qlk4cXhkTERPcW1ySFpYeUxLWURnZ1pGR0FTMWFMd1dVbV9hVW9oY0lOS1gzcWpmWHV5OFNXMF9iV1dNMFFLd0lxaUl0ekNqYkxlTHBicEtRVzJwN1NYeGVOekxaV0p6Nk9mMjdlNXFUeVlZTUhCQ195SWlIUUxaVlJEbFJrNG13TXJwbDRJbWtB?oc=5,"offshore, nacelle",Nacelle Paint and Primer Coatings Market to Reach USD 2.1 Billion by 2035 on Offshore Wind Expansion IndexBox
2026-08-20 12:57,"Ørsted ‘would have been better off’ without US offshore wind projects, admits CEO - Wind Power Monthly",https://news.google.com/rss/articles/CBMiuAFBVV95cUxPSnBzeUlubWRDd2JNNGRvRXZUdFBYWmpfemZGOFpBWkZ5QmJHcU9nRF9jVGZtWGhOTlhIMHRNdl9ETXhCLVYyT2NlbVUyUmtfZ1pxMXlpSE94WllGN0tjZms0X1pzUkR3cGxFWjQ2NVVocDQ2MUJqX0dQdnFJaThIclY3TldoY2JBNHFxeHpPZlRlYy1nWWdQcElZVWVSZVJCdmtrcnprSDE2TE8zdHE4UnBxOExtNmhC?oc=5,offshore,"Ørsted ‘would have been better off’ without US offshore wind projects, admits CEO Wind Power Monthly"
2026-08-20 10:21,Three Ørsted Offshore Wind Farms Set for Full Commissioning in 2026 - offshoreWIND.biz,https://news.google.com/rss/articles/CBMirAFBVV95cUxNdzhnLXhxR0k3aFNNUzBmRWlHamV3TVowYnlVdndILTdWV1QyTGlaSi0tcnFGcjd3VTQxa0pZaFlpN09PVmhra1U1VXcxVU8tM1VmY3NyMEdudlhjRDE2clppWWpNVEl0OE51QWVhX0Q3aHRWcmFweFJIc0dwcGowc0duN0lrMHVCa2NmT0JtcjdFbEg2VlpDYzRjWFQ1ZWtoVzJ3YW53Wm4tNXZO?oc=5,offshore,Three Ørsted Offshore Wind Farms Set for Full Commissioning in 2026 offshoreWIND.biz
2026-08-20 07:59,Ørsted plans 2GW Dadu 2 offshore wind project in Taiwan - Power Technology,https://news.google.com/rss/articles/CBMiakFVX3lxTE94bi1YVm0wQzgyazV5Zml6QVd5UHFfZFdzRlBvQXdKODliSVJZZmwyTDBGN0RJUnpVR21PQ1dQTVMzYnFmeEZLN0NXUmsxX184aTZTODg4TzlQbmI3VVNvVng3RlhsOTJHUUE?oc=5,offshore,Ørsted plans 2GW Dadu 2 offshore wind project in Taiwan Power Technology
2026-08-20 07:06,Ørsted proposes new 2GW offshore wind farm off Taiwan - Splash247,https://news.google.com/rss/articles/CBMiggFBVV95cUxNWVFlNDh4Z2lTNnJTdUdrSkNfd0FRNktvMXp2QVA1VXpyZFRySno2eW5wM0hOZE1kUkgyRXNBNEFCU2VCZVNqejNwX1VxUWhYMUNkRV9hX0IxeG4tTXRSN3dFRDlXZHlBQ2NlRnQtR1dkeWQwXzJIcEJJT0U1ay1ZblJn?oc=5,offshore,Ørsted proposes new 2GW offshore wind farm off Taiwan Splash247
2026-08-19 13:53,Ørsted outlines plans for new offshore wind project in Taiwan - 4C Offshore,https://news.google.com/rss/articles/CBMiqwFBVV95cUxOc0VPRG1qM05COVVpaXFtbjd5X1FLVk54ODRnRy1oWFloREVjV1VRNVJTN3J2aldfMlExZFRIOXJXSFpmd0pYTTI1QkM2WG1IZDZ4eGdPZE5TenF5cU5ETTNUWldlRFpYOGdCNmxGVGpBeHlyUGRSLVRJLUM5OV9kOEtXbDVldHpNemFjSl9aNWtTUjQ4dEgyTXFoS3pEQmdVci1DSlhHdzFmTkU?oc=5,offshore,Ørsted outlines plans for new offshore wind project in Taiwan 4C Offshore
2026-08-20 08:50,CFO leaves floating offshore wind company - EnergyWatch,https://news.google.com/rss/articles/CBMia0FVX3lxTE5Zc01WeEdBTkxNemlzaG5DNGRKcWdxaXJIWXlYVldnLWtLRGpreS1admFfNS1VZmJvUW4ya25pYVhVWkF0LUNFWVZlbUZ6SncyZllIRTFlandWa1BvT1U2b0FpY3kxTmZ5VUlZ?oc=5,"offshore, floating",CFO leaves floating offshore wind company EnergyWatch
2026-08-20 04:32,Ørsted's 2GW Taiwan Bet For Offshore Wind Provides Pointers For India's own Stalled Offshore Plans - Saur Energy,https://news.google.com/rss/articles/CBMi1wFBVV95cUxNaEVZYW5aMWhRWndycnFXZFllOTVmMXNGdTdiV0M1dWFGckdCWU9odHF2ajJILXdWXzA1UXNIMENVbm1vbGRjRENXQVNVM3ZCVWpEdXdZNTlSMExia0VmdTJvUzNCbWtOT3pCUzNHMUsyVERqcVpZU3BKdkw4U3hPUkZHUkVnVDNJNktvMjRVemx4a3paMXZZYmhURmtha05yX3NUQjRIVmF0RFRFN3NZalI1cUk2Z2VpZFkwdU1zanMtdlJnd2lIbnY5WS0zSlM3ZURaWnpiUQ?oc=5,offshore,Ørsted's 2GW Taiwan Bet For Offshore Wind Provides Pointers For India's own Stalled Offshore Plans Saur Energy
2026-08-20 02:47,World’s largest offshore wind farm to also feature first directly integrated grid-scale battery - Renew Economy,https://news.google.com/rss/articles/CBMiwAFBVV95cUxObEZadFphNFlVM2x4M3llRTR4TERpLWdaY3lWTzB3SEhhNGtueWFpejZ0a2RHc3VHQkNxVDBoWk55M2JqbDVPWThtcmFuUTNLMXZIR005N3BRSU1nQkgyLTF4bzBkLU1XNGU1THZ6QlVEVzY0NzlLZGRlYzJGMldRMnZkYVB3cVdkdGFqbGhmYlhYd2VXeTI3OUZYY1c4c09OSUdCcUpSVEJsNEpyZUdralM1d0ZQR2tOMFVmQWtKeE7SAcYBQVVfeXFMT3BTUjFMdVVjeGNVSnlONlJCNG96RHd2LUEzMWt1WG53S2RObGxkN2l0bXZQdGlGa3Z1UURrMVVMLXZWbjRZUHlXcGJxaUIzcWNKN2Vab0NFcHFvZGxNZmlWY3otd1Z1R1BiUU4xakdrMTUzdlRSd3dMTmQwSm14YXBqYXJTTk5vc20ybHQ1SVpEWTVWU051QlVXZ3RnNEVrR0hfUWJQeHphUFZLaTRsMVJPZ1JmYUc4LWthdTNhSDhTdmNMX3JB?oc=5,offshore,World’s largest offshore wind farm to also feature first directly integrated grid-scale battery Renew Economy
2026-08-19 16:22,Offshore wind: Thor targets 2027 with recyclable blades - JEC - Connecting the World with Composites,https://news.google.com/rss/articles/CBMiwAJBVV95cUxPaW5XQlRGMDBwNzYtaXg0cG00UWJFNkd3WDJ5WURuMkxvQVRKaVN5MmhQT2NDNlYwYW55Q1lBVTlyV2RfZmZ2VWNSZmEyNUxFTVdIZ0pkWXRVS04yTE13RWZfTFl0Z2FVVjU0SEFUUG1oWGNBQXJqd05ndFR5ODh6UE5YSTJpN3NiMXBEeXBncWZuUzVtNTJ4aXM3MHFYbkl2VVFPSjFadXVoM19TeFdLRG1rbXFSZ3hrOXh3alpaUWp3cU9qeG9UMnBldXNlVHdSeHpMUU1wcjIwLVNWa2RxTEtCdHdDUTRTVWhtUjZGdi0xN1dycHV6aDlqVG9wV2E3S0ZCVEpXSTFLaU53VEUtdWtCNWNBcjRqREpXLWNNS2lKWXF0bWpUSFhxZ2F4WnJpdzJQYlV0eXY1Q0RMbVNYLQ?oc=5,offshore,Offshore wind: Thor targets 2027 with recyclable blades JEC - Connecting the World with Composites
2026-08-19 16:32,RWE stock steadies around EUR58 as offshore wind exit and higher investment plans reshape outlook - Ad-hoc-news.de,https://news.google.com/rss/articles/CBMixgFBVV95cUxNdjJOWl9jTm1OemZwZi1PcjR2cnVfZ3p3cFhTTXZFTnRHQnN5dUV0OUc2QWRvY1piRUNxajZRVWp0aEVLUm80QmZBS25fUWFYM1hBWThTZ1BzRXpZV25ZTXd6RmY4ZUNwbWdJenBYN2ZUakw4S1RYbDNaSV93OC1BajY1UEx6MG1UQmNLM2lRaGR1eklzTWlTSFdOQzA5eHdzR19UbW5JbFR1bkM5YkE0NElrS0dHcHVWdGdBdlEwOExOb3AyWEE?oc=5,offshore,RWE stock steadies around EUR58 as offshore wind exit and higher investment plans reshape outlook Ad-hoc-news.de
2026-08-20 03:48,Iberdrola Advances Offshore Wind Electrification With Bibby Marine’s 24 MWh Battery-Powered Electric Vessel - WindInsider,https://news.google.com/rss/articles/CBMi2gFBVV95cUxPVnpxQ1FBYkh1VUwwMFNFNlJMbUpNZ2owSHp2X2RhQmNEbG83LXRxdFZ4a2ttRVhLV3ZqSnRQaTEtY1pKbXdVQUw5RzkzQ1lud0NPR1JaWUo0ZEpFTEFocEFTcWR5b2dBMlZSc25WSzlIemlrQ1FiMFk0aGtWUEZ6LXlXdUlZeEpqQ2RveEJHckFWNkJYNE5PWGRSbmlfbVJneC1hT0luMXJYS1d2am8ya0hxU0ZvMmdZUWRzTkw1UUJydFBKSEF5TGtZXzVGUUdablhSREhkWlIxQdIB3wFBVV95cUxOUENsbThmWTBhWW5BQ0lPd2l4ajc3ZUFkNEZYMUo2VkZJNVAwZng4b1FRbF93Sk4ySHFnMEU2LXJ3dE0ybXFBQ1RkLVd4SDk1OWI4cGc1WWFJeXJCb2Q3YWFrWTg3WEt6dWFheGVZeTZ3ZkdJbzVXSGNnQ29vOExKa3dVWDc4VTl6MGEyVlo4MnBZWWduYXF6VE0zYWhPZFgzZjZqb2xCZ3NkeFVuVG1TNm10MEdFMHlyeExlU1I1ZDJMbE9rWWs2SjI2bEJWTDVXNGZ3RXBrZmMxeTA0RG5V?oc=5,offshore,Iberdrola Advances Offshore Wind Electrification With Bibby Marine’s 24 MWh Battery-Powered Electric Vessel WindInsider
2026-08-19 13:51,NextEra Energy secures $3.3 billion initial funding from U.S. and Japan to build up to 10 GW of natural gas generation in Texas and Pennsylvania - Energies Media,https://news.google.com/rss/articles/CBMiekFVX3lxTFBjTUthWFVDWDZoR2dkTTdyZExVcnFyUThwZVpJa2hER04yeWl6NUkzRVJGN1NQZnpOZzNYeVUwc25BaURGaDBTaDNfZW5NbGFSay1uVkpJSVFKY0N0bG82RG51bFBNbHE2Nk1OWERpQVlPSWF2d1ByUWRB?oc=5,GW,NextEra Energy secures $3.3 billion initial funding from U.S. and Japan to build up to 10 GW of natural gas generation in Texas and Pennsylvania Energies Media
2026-08-20 08:31,Equinor and ORLEN strengthen energy partnership with crude oil agreement - Europétrole,https://news.google.com/rss/articles/CBMisAFBVV95cUxOR2R6a0FRT1dhcFZiOVVac0NGeTktZnR6YW5NdUh3VVVNNlNuc3RUWEhvb0FISldBXzVLSzN5SXJKZ3Z0N0lpX2tlQnBzdXZWRWs5RzN6T0tBVnVMSlQyUHkyRmpTdEtfWTd0akllUDhNTFE1ZXZxWGYwN3VCUC1RZ1RXUWU5Zm05T0NQM1BSSmo1TFljQk5JaVFQTk0yNm9ZcUlOdVNvZnIwc0ZWRjdqUQ?oc=5,partnership,Equinor and ORLEN strengthen energy partnership with crude oil agreement Europétrole
2026-08-21 09:05,Vestas shares surge 20% as orders rise by more than €1bn compared to 2025 period - Isle of Wight News from OnTheWight,https://news.google.com/rss/articles/CBMinAFBVV95cUxQNnNLVzAtbDBHUUtkbTBTc05RWDBJR3ZjWjRaMjBaOUVNS1E1eDdydnZHQnBYOGh1Q2pPWW9TM1ptdW01b2R5M1MtbWN2d216Qm5HRTFZaWVNeDUwemNrckQwd3duaEpVT2lSUjlkRDN4dTc3S2laUmJlV0QzZUpDTW9ubGlXMlVEeG9CZXFROW9zQ1Vhcko0WHJCelI?oc=5,orders,Vestas shares surge 20% as orders rise by more than €1bn compared to 2025 period Isle of Wight News from OnTheWight
2026-08-21 10:42,Minister meets next generation of offshore wind talent at Montrose Port Skills Academy - Scottish Construction Now,https://news.google.com/rss/articles/CBMi0AFBVV95cUxNeFRQcVVpLUI3Xzg5WGlTSnNHbmliRE9VajNPejV5MmxEZ2x6X2lISjU1NVNGMEdpYmI1Y3lFOW52SWRtQTRaQTFIOGhqdFNiZ3hDOERpaTNNc1VGbVVLYkJMMk5fa0xqSm9xalowRnFkbVZzVFNfMlVGMUZqOXItTUFPeGxBX2lwMHhsNU05cHFoOHBWeUZpT3g2OGxxV1NUcENXZ2tJbnJBdmdBVXZFMmNTMU5od0hJYzZYbE0xQVFLN1I1eWZmU1ozeWZoZ1Z2?oc=5,offshore,Minister meets next generation of offshore wind talent at Montrose Port Skills Academy Scottish Construction Now
2026-08-20 22:05,GE Vernova's AI Data Center Orders Just Doubled All of 2025 in 1 Half-Year. Is the Stock Still a Buy? - The Motley Fool,https://news.google.com/rss/articles/CBMimAFBVV95cUxPekFkLWh2T3R1MTVqZld4TnZMR243Nk13QW1xOGhhazlUWm1QTjMwTldILUFaekFDTVBHU21pRVFJMmdwenIyQmU5T3kxeXlzMUFlNlF4SjJpSGFLdGkxcnlGcDdtX2tQSWdfbzlKWkc4ZUpXbm1MeFVHU0hsLVBWbEtJdGNHN3hoaHZodnhkSFJETk5JMUQwUA?oc=5,orders,GE Vernova's AI Data Center Orders Just Doubled All of 2025 in 1 Half-Year. Is the Stock Still a Buy? The Motley Fool
2026-08-20 14:49,"GE Vernova, Eneva Start 295 MW Brazil Gas Plant - ESG News",https://news.google.com/rss/articles/CBMidkFVX3lxTE5TX0M0RW5GX2ZXdno2dzdraGVOZmYwR1VtY3pnOWdtY1B1TldCZGhkVUY4cnZ2dzFGTFF2ZXVjSmVVWjA2aFZ0RlhkNENzS2NDeXVOZ3lCN0FiQzlKRnRFSXU5Y25NSGlOZkNVbTQ1dU1ibnRtRHc?oc=5,MW,"GE Vernova, Eneva Start 295 MW Brazil Gas Plant ESG News"
2026-08-20 22:00,Seriti unpacks big renewables ambition for coal heartland as first 155 MW wind project enters into operation - Engineering News,https://news.google.com/rss/articles/CBMi8wFBVV95cUxOd0FOcFF3STlrcDZad1RUWHR2MXFrdU9KNzRRUFU3UFdpOG8xZVFDMllHcHc1QWRndkxBaldvQUtlNEdwVVd5S2toemQ1azBjYmFNUjlydW8zcGRuUmVMZWN4Z0VMbTA1S2tDRWw2N3Yzdm42eUhkeUJ3SlIxNGlPR3BxbUlKa2k4NUM5cmtQM0Y0dXVZb0dYLW9SbnpEbG1hemtUcDhmRzFsYmNUU1dTM1BJbk4zNUFfc2RBUVNPVHU3RUJsb0pxY2pGeFpvZjZ3X0hnZ2ctVXA1TXg0NWJyTklpa2E3Yk91RTRPS1ItYTlET28?oc=5,MW,Seriti unpacks big renewables ambition for coal heartland as first 155 MW wind project enters into operation Engineering News
2026-08-21 08:03,Chinese Offshore Wind Foundation Manufacturer Inks MoU with Scotland’s Ardersier Port - offshoreWIND.biz,https://news.google.com/rss/articles/CBMiwwFBVV95cUxPdnE1bEJwRUE5U3pWUmppQUlQZFRPandjRndjRzlWQVI2SXBSVTloWWNrbTNwZlRubFo3eWlrb2JNeTlyaDhoRGRaTTQ3dVR6SlBjOEdRS0hhTnRVN1ViUExveFU2V014ejdIaWZaOXRyNU84YXltOHJHazlMZXZGOG9WdlZmMlpkbS1ublQ0ZnVoQ245MDdVaFlTNGF1QnhOaF9ZRllTaDEzUE1kam5KNkM5bkc3akItNkpVVmtWel9hN2M?oc=5,offshore,Chinese Offshore Wind Foundation Manufacturer Inks MoU with Scotland’s Ardersier Port offshoreWIND.biz
2026-08-21 04:37,Scatec Secures Financing for 77 MW Urleasca Wind Project in Romania - WindInsider,https://news.google.com/rss/articles/CBMipgFBVV95cUxQajdvUHpLRGt2SE5BdjFaLTQzMlY1MEVOdThUSWxuR0lLUy1wSUwxWXdTOWxuMXl3TDRlTjdocXdqSy0zT0s1V2puckhiZ1lOQlRfQTNsVmRYbDlrZzl5YlJJdmtVMGFCZnJobFpIeklGOC1IRVRaQ3pWekx2VC04d0huMnphTmtyU3BfVnhGTkpsVFppOExhWE9teDlicWJKVFVSX0dB0gGrAUFVX3lxTFBMWThiWkUyMUtJaU55bGc4RlVVZzNEUm5TQnNOMG5aQUdCVy1OUm5Bdms0S185MElmaUdxQVVWUkpmODE2dUF3N1lsWGt3MlhDQ21iQ1kxS2dUS0E0QjZRNWlBQmJWRmhodVktMjQyNVpnOG9ENl9vQ3l4cDVZdFMtSmtBX05oUkhaNU1DSFRHV3RTMGI5djRKWDR3d3JjS1lJRE5iS3pzelFVRQ?oc=5,MW,Scatec Secures Financing for 77 MW Urleasca Wind Project in Romania WindInsider
2026-08-21 05:39,Scatec locks funding for 77-MW Romanian wind farm project - Renewables Now,https://news.google.com/rss/articles/CBMingFBVV95cUxPcTNhMERKQkk0bXdhMVd5aGQ4UEduOFNIUXIwb3FLSGJIalZXbWtQQjFFejBERGNVb2J6akg3cVdydjBKVVg5LTdCa2RwdndpNFk5aEp3TUQ0akZpTlFnc08wZ1luVnlNdzZhRGthR3RxbkpOcEJSbXJqVVN2RWVIRGRVNS1UQlhZYTUyczdrem5ycUZ5blVwRlF2eXIxQQ?oc=5,MW,Scatec locks funding for 77-MW Romanian wind farm project Renewables Now
2026-08-20 13:40,Enercon secures new EUR-1bn guarantee facility to pursue growth - Renewables Now,https://news.google.com/rss/articles/CBMipgFBVV95cUxONGE5SWtoajZPVzlXT1daRW9mbzNBQURhalZKNW5fSjFxVWVveHF3NXRFOUR2V2NpbnNNN0RyUk5QQzdZTV9lZmkxMWZMT0tVZW01YUJEeTd2Z2RlLW44c1ZaUnBZM00xRllIaXFHSDQ3MEx4QnZaQ1o2RFc0SjhFa0VjZU81UWh4cTZWcVMwYXhJOEJ0cm5FSTRHdUtNOHIxS2lSTjR3?oc=5,facility,Enercon secures new EUR-1bn guarantee facility to pursue growth Renewables Now
2026-08-20 15:13,"ENERCON lands $1.17B guarantee facility, repays German government loan early - Dealroom",https://news.google.com/rss/articles/CBMirAFBVV95cUxPT2FnREtkQWx3aXBianpUMER6M05nalc5TGM1d04wZ2tscTNNNUVfWVUyUU4zXzZfSFJwU0dEbXkzOF9mTUdiQWNpT1cxV1pncXFBNFdpSG1XN3RQM09uY2R2WjRLcWU5bjdIX0huVlVQVzM2LW5MbVFtQlpMRlJaUVdKaUFZRTFJRUI5b3RVZ080U0hVd29YQXNkeHdaUjMxWWtxUGpTRHhwYjln?oc=5,facility,"ENERCON lands $1.17B guarantee facility, repays German government loan early Dealroom"
2026-08-21 11:51,Fire hits Siemens Gamesa turbine at Ørsted offshore wind farm in Taiwan - EnergyWatch,https://news.google.com/rss/articles/CBMia0FVX3lxTE83bjV0Q05uWU9tRXdHQWhvLU03QTZvSFM1SlkyRV9scUNwZ09KSmQ1S2RhRDdOVVJSNjFtckhoeTVwVF84eUk4MllTTHN6dWFUY05PVDUyWVhmMldJN25iYVdDYlJKUVlISEVn?oc=5,"offshore, turbine",Fire hits Siemens Gamesa turbine at Ørsted offshore wind farm in Taiwan EnergyWatch
2026-08-21 01:01,Revolution Wind offshore project more than 95% complete - Offshore Magazine,https://news.google.com/rss/articles/CBMitAFBVV95cUxQeU1iOGVreWJrN29Fc1Rnc3RrMUlaVVRiak1iSG9zWkVOblpCUWZ1cVdtSlZmWDV5elQ5TnJqV2l2TnFaSjZSSWxiTEhqLUZwV1hNamhLdFVGRVc2Y2VyYllsby16Yk56MzlFa2ZBY1prQ245dXRwQW1XNU5ES3kxNWdxUDZVb1YtNl9Jc3V1dXQwWi1NXzhPZkFIaFJTTVdHaElJUmd6NkNQOFlwREd4bHVSejU?oc=5,offshore,Revolution Wind offshore project more than 95% complete Offshore Magazine
2026-08-20 15:21,Three Ørsted Offshore Wind Farms Set for Full Commissioning in 2026 - Brazil Energy Insight,https://news.google.com/rss/articles/CBMisAFBVV95cUxPRVN4ak1NakNabE10QUwyM1BRSmZfUnVCN204RWRoUUh3Rk1CdEMxanlWUDQ4dDdsa1ZHeVpwcEcwa0lyV0ctRE9MbGxIb3ZVUUdhVHlMUHctcjgyLW5aVXFNbklDS2RsUmJuQ3JhWE5EUDJ6S2haVmNrcnYxemZOTldXVXRqbFhSUnBwMzdzYzAwRlhJN2tPX2hZdWNhODNRV0M2M3pablBTTHJLX2Q3eg?oc=5,offshore,Three Ørsted Offshore Wind Farms Set for Full Commissioning in 2026 Brazil Energy Insight
2026-08-20 16:56,Occidental Moves Closer to Drilling Peru’s Offshore Oil Frontier - Brazil Energy Insight,https://news.google.com/rss/articles/CBMiqwFBVV95cUxNYUdWVFRMRmR2UWxURkFRd3QzdnQwUDhlbXB0VkpYRklTelFEelFtM3QxVE1KNl9uY3V1RG5kREo1M1ZhOG9aNXlNenJ1dUFVc2sycnRNOGZmZmFwMlE4clN1cUg4UE81X1VfM1pCdldnaDA2RHhseU5EdXhsSXZKQ294UW0yMm9sVjZtLUcwVnNGbnUzQjYtMW50VExiUUlWazZ6TG9GSUdya00?oc=5,offshore,Occidental Moves Closer to Drilling Peru’s Offshore Oil Frontier Brazil Energy Insight
2026-08-21 11:43,Fire broke out in Siemens Gamesa turbine at Orsted offshore wind farm - Recharge News,https://news.google.com/rss/articles/CBMi0AFBVV95cUxOcFNxRi13aWlWSlVGa2ZkcUdMZTI4Z25wQUhFMUpqVWw3TjlYOXV2M0lZNnpnLXFIUHh3ejdXX09SSG5WV2JuOGpnb2JPaVAwVllQdHIxUTJBRHFPNmJocFU4ajRNaFUtdkxKaUVwRnAzeXZGeldsWktUWFk5UFJ2dmtkeDhpcW9tTDJETDhxQVpvZ2RRYXJZb2I3OWRNT21VWThFYkNtUGtWeFVFbWpqYWVjVWFSMFJDSDhoM2tFUVktcmMzRkxKb3lvVC1oS3Ra?oc=5,"offshore, turbine",Fire broke out in Siemens Gamesa turbine at Orsted offshore wind farm Recharge News
2026-08-21 04:37,Scatec Secures Financing for 77 MW Urleasca Wind Project in Romania - WindInsider,https://news.google.com/rss/articles/CBMiqwFBVV95cUxQTFk4YlpFMjFLSWlOeWxnOEZVVWczRFJuU0JzTjBuWkFHQlctTlJuQXZrNEtfOTBJZmlHcUFVVlJKZjgxNnVBdzdZbFhrdzJYQ0NtYkNZMUtnVEtBNEI2UTVpQUJiVkZoaHVZLTI0MjVaZzhvRDZfb0N5eHA1WXRTLUprQV9OaFJIWjVNQ0hUR1d0UzBiOXY0Slg0d3dyY0tZSUROYkt6c3pRVUXSAasBQVVfeXFMUExZOGJaRTIxS0lpTnlsZzhGVVVnM0RSblNCc04wblpBR0JXLU5SbkF2azRLXzkwSWZpR3FBVVZSSmY4MTZ1QXc3WWxYa3cyWENDbWJDWTFLZ1RLQTRCNlE1aUFCYlZGaGh1WS0yNDI1Wmc4b0Q2X29DeXhwNVl0Uy1Ka0FfTmhSSFo1TUNIVEdXdFMwYjl2NEpYNHd3cmNLWUlETmJLenN6UVVF?oc=5,MW,Scatec Secures Financing for 77 MW Urleasca Wind Project in Romania WindInsider
2026-08-21 12:32,Equinor Secures Deal to Supply Crude to ORLEN - Rigzone,https://news.google.com/rss/articles/CBMipAFBVV95cUxQXzNPcHJFMnU5akRCR1dCRjdzaGpfTlpSZnFILVhKbExXNmhaWmV2bmJ4S3p2blRzTWZMcDBzdHB1Umo0UmN3UWFKM2hfWVBac0hsTk9BVzRSS2tMN3NyN1N0UWcyWklfSmxkT0ZrRTdMNXZwYmVSZXhiYTRud2ZYNWN6TEVxWkNKWEhJSExoM08xU09ES1NmVVpoV0VXdHFINnZkdg?oc=5,supply,Equinor Secures Deal to Supply Crude to ORLEN Rigzone
2026-08-21 00:00,Equinor to Supply Oil from Johan Sverdrup to ORLEN - Offshore Engineer Magazine,https://news.google.com/rss/articles/CBMikgFBVV95cUxQYUNIQ2w4YkVqR3NFU1dvczlXWnM1YzBaUlNLdEhXT2JwVXhMZ09jTm1ya0FTaURWRTIxUVpjendUYWtDYlBQTEJ4Z1NZX1VvSlJlZG1MaWJRamdob1o4aGswalV2c3oyY0UyYjViZDEtLU5UQlNyc3BrSGZsQmpVdVdGY1N2MGwxMzMyN3R1cHJiUQ?oc=5,"offshore, supply",Equinor to Supply Oil from Johan Sverdrup to ORLEN Offshore Engineer Magazine
2026-08-21 02:15,Equinor and ORLEN Sign Three-Year Norwegian Crude Supply Deal - Crude Oil Prices Today | OilPrice.com,https://news.google.com/rss/articles/CBMiogFBVV95cUxPOUxVNnJFd3F6WkFKRXJNN1J0QjJvU3JTRG1xZVdpQjZNcTV5dV9QZ2t2Ym1RRGtCZ2JRZkdwd1NvQVZ4RGFOT1NqcmZTMTU5bXJGTm9PTHFPcmttMnNUdExzbDFLb0d0cnc0RE1GZWVHU08wSU40SUh4MUx2M0k2QTdmNW5NUzEyYkdsaUdIMlYwQ0s5bnBHVHY3c3FPdjl2OUHSAacBQVVfeXFMTzJsVXhuWWZkOG83Ukx0T1c3ajRpVVRjZHR0cFFrcDl6VGNVdUdxT1B5NTlRUzNhSExrb0oxeE9xblBaNU9SeG1CTktYTXV6Z250NDJBTEgwMGV3V1R6TjgtV0N0T2U1S1RKeWdxcWdwc09yZnplSTluU1N2OTk3bUJ5Q0dZUkRlM2NBWmV4ZFNwQm4zQ1Y3OUlsU1RNYjhBVzh6eWJ1cUE?oc=5,supply,Equinor and ORLEN Sign Three-Year Norwegian Crude Supply Deal Crude Oil Prices Today | OilPrice.com
2026-08-21 09:31,Equinor and ORLEN strengthen energy partnership with crude oil agreement - Ocean Energy Resources,https://news.google.com/rss/articles/CBMiugFBVV95cUxNSU5ZVkdTcFBpSlJDQk5HODdsUkpiRTZrRlJ0TEJVMFNuZFh6RmdVUThlT3JjUFRBS2Rfb01IbnNhejBEM3Y5RThYTGp4RFQwUmRsbWV3UzJsNUJJRTdjTnNtVTZWWTNfQ2cwX01PaV92VE5oOWtEU3VubVFQQkR3NF81SE9HRDBiUW9VVGxoekw1RUdkYzc4VzdJV0dhWWpLeWluWmhzNmpTMWNWM1Z0NzRtZmd6azl2Znc?oc=5,partnership,Equinor and ORLEN strengthen energy partnership with crude oil agreement Ocean Energy Resources
2026-08-21 11:03,Norway’s Equinor signs three-year crude deal to supply Polish refiner ORLEN with over 9m tonnes a year - PortNews IAA,https://news.google.com/rss/articles/CBMiU0FVX3lxTE9GdlJTOVZGV2p3bHh0UEFCWlpPWFVEYTJ1bTlLNGoyVnlSUlp1U2h1OG9QTENIZGJyWVdpdS0wX3JiMWxaQ0dlYkpDM3d1dEhnZjZj?oc=5,supply,Norway’s Equinor signs three-year crude deal to supply Polish refiner ORLEN with over 9m tonnes a year PortNews IAA
2026-08-22 11:36,Tinned Copper Busbar Segments Market to Reach Index 158 by 2035 on Offshore Wind Buildout - IndexBox,https://news.google.com/rss/articles/CBMiuwFBVV95cUxOYkVZcUR6RGg0WDhRSmRSa2pWdk9kQU53SHltb2hVc0czN2dxOTQ2UDVNX3pGU2VsUEVjYTlHMmswNEhhYU5WZTBZLU1kZDgtMUdfcnVXa0xJcFpBQWlSYkNmUUlQbkV3T0h4RTV1NTlyb2dOdXlZTGVGZllBcnFoT09FcTgtLXluZ2QxRXlTSjVreDhPb2U0M1dNdEl4aVh5YjJucC1LN3dBNkMyTVhtcUZNUkp5OC1Eblpv?oc=5,offshore,Tinned Copper Busbar Segments Market to Reach Index 158 by 2035 on Offshore Wind Buildout IndexBox
2026-08-22 04:12,Crowds Gather for Giant Wind Farm Blade in Hyden - Mirage News,https://news.google.com/rss/articles/CBMijAFBVV95cUxQT3ZNaE9ETHpOZ3Rja1BlOHlWTG1Fd3VnYUNQSW5yVjEwOFpzcUtDcXVLd2lvSE0ybmxDaXVseEtYWjV0c2JKUmZQUWFRNWdxbGRKUTk4dlo2SDc4REs4cTBodGFrcV9hbWx5S1lSVGhJb1h4bFhmUGhWcUxpYnRfckJpbFlJc0NSa3FrMg?oc=5,blade,Crowds Gather for Giant Wind Farm Blade in Hyden Mirage News
2026-08-21 16:41,Minister visits Montrose Port Skills Academy to celebrate next generation of offshore wind talent - Aberdeen & Grampian Chamber of Commerce,https://news.google.com/rss/articles/CBMizgFBVV95cUxPSW42U2hSZW5hQVdCZ1N6ZHdzWWNNendzYmQ2aEEwY01SVEo3b0FocEtmN3RtOXk2MG9nSEoxdUFUOTlwcWpKSmxRUFlmX3RRWDVHM2QyOVUzTGE2OER5S080TUNfZkRlZVhxVWhDU3llc2hhZTRBNVNwaWZaQmtuMzFtN0E0NEN6ZXpKcTdyeGFjOWZjb2NfQlc4Y3pDalltenAxLUxPVWx5dzRSTFJlalFETmpZTlQtelVIVTFHWk9QbXhwa29rejBfVndvQQ?oc=5,offshore,Minister visits Montrose Port Skills Academy to celebrate next generation of offshore wind talent Aberdeen & Grampian Chamber of Commerce
2026-08-21 14:11,GE Vernova bags equipment order for 260-MW Supernode 3 BESS project - Renewables Now,https://news.google.com/rss/articles/CBMiqwFBVV95cUxOdXVJRTdBTlRnR2dlTk9WRGstM25IcEVMZU1tNndpLVZmdEdYbHZVU0U3XzRlNDN0bldzN3YtRy1MOG1fLTJNZmtWWjZDUTNJVlNPNHo2SUNZT0Y1a1lZbjFId0xWcjJyeU9ITnFib3ZndXpRbEMzSU16X19VTXFlNzBBNklCMTZTQ2ZQMzdhMnRlQ1ZoY25TUVpJa0hEUkhkampPTk15dXlyaEU?oc=5,"order, MW",GE Vernova bags equipment order for 260-MW Supernode 3 BESS project Renewables Now
2026-08-21 14:06,Ventyr gets extension for offshore wind project Sørlige Nordsjø II - EnergyWatch,https://news.google.com/rss/articles/CBMia0FVX3lxTFBQOENzMDJ4ZUE5RHVKYzl1djlYVFR0TzV4aFNqUGlMN2ZnckhhbGN1bTUwYTdST2xESHdWTzZJV0VzbzBySms2bXhjNVNyNU9xQlBJSDk5RWNYd1oxSjNKRGI5TnlDMnk3c3Rr?oc=5,offshore,Ventyr gets extension for offshore wind project Sørlige Nordsjø II EnergyWatch
2026-08-21 16:17,Major Wind Projects Advance in 2026 as Australia Plans A$2 Billion Wind-Storage Hub and Turbine Orders Accelerate - GreentechLead,https://news.google.com/rss/articles/CBMi4wFBVV95cUxOa1lkOFRHVzUweXNrTEVQSGJraG5xckpwMkstNWtDY3VDY1VZUWdLMTNMdDhoOUlacGNVM040TnR1N25GNHk0eWdSd1JfMWhxZ250VHhNUDA2TDBDd0VEcDZ4SjJFc0ZUU3dYZ2JCdWZmbGwzc3BBS0FyX0FTN04tOS1KWXJObXRUd2FmYkdOQWtBVmpZMmlyZjM5bklhcmpyNm5HUE5RVkxPVnc0Q3VOVUZnNzM3bDJ6azVyRlUxN0VVMWVEb3pHaDJlSVFqU1RjdHVGd2lEeG03Mm1nRDJwNVZzRQ?oc=5,"orders, turbine",Major Wind Projects Advance in 2026 as Australia Plans A$2 Billion Wind-Storage Hub and Turbine Orders Accelerate GreentechLead
2026-08-22 05:00,Flagship North Sea floating wind projects stall as SNP warned not to 'squander' renewables potential - The Scotsman,https://news.google.com/rss/articles/CBMiogFBVV95cUxQdUY1WWZNTEk5ZXU3MkhsNkI0UkNZY2pNSUxsVzBvMkktbDNMdUFiTWxKQUVuZ2g2TGROdWlNNkxNS2pSOXJDWUZ3RFpJSTFiN2F3SGMzVFJvWkREaURYdkc5WURxUXdBTHloY3U1ZmlWMnA0aDFKbmFVdndVbEhPaHZJOHF0WkgtbU5jMFBWbERYOWhpbzFlWVpneXYtSlBMQlE?oc=5,floating,Flagship North Sea floating wind projects stall as SNP warned not to 'squander' renewables potential The Scotsman
2026-08-21 15:03,A&O Shearman advises ENERCON on EUR1 billion syndicated guarantee facility - A&O Shearman,https://news.google.com/rss/articles/CBMirAFBVV95cUxQWnhkRXJNMmsxZEhpa1ZWMml5bFc5QUJLMWFHYy1rQlg3RjR2UTBQTG5pOW5KQzJvUjdZdUNRQXo4UkxNQzMta3VYeWl2SlNpSzJZSHkwV0hyeGFWQTB1dWZMTTBMR3pKQU9OYnQtWWNtelJWUmVqNnl5X0lrWHhHZkpyTm0xS0EwRWNmYVhyaUtMbENUanlHNTJ3VzJ5SW9QcGpJYURFTWpwb1pX?oc=5,facility,A&O Shearman advises ENERCON on EUR1 billion syndicated guarantee facility A&O Shearman
2026-08-21 13:39,Ørsted release statement on Changhua 4 wind farm turbine incident - 4C Offshore,https://news.google.com/rss/articles/CBMisAFBVV95cUxOOVNoTnpkUEkxY2t2ZlRyZDdKSTB2NzY4dmdJMC1vQzVmV0hmRHEwcVJHRUpOSl9NcXFwNEVIN3MzUldPZjBFMHFveHVnMU8waGY3WkpnTHI2QW9PQXRscFI5bEdOOGp4WFVlcGltSFUtRm1YS2VrWVVYYV9wZ29hTkVSLWllMkI3NGJ1Sk1hajh5ZmVyaE9pSnNLUi10MWRHVnZaQTVJeTBSWmpwdGpSNw?oc=5,"offshore, turbine",Ørsted release statement on Changhua 4 wind farm turbine incident 4C Offshore
2026-08-22 07:05,A 14 MW Siemens Gamesa Turbine At Taiwan’s Orsted Offshore Wind Farm Catches Fire - Marine Insight,https://news.google.com/rss/articles/CBMisAFBVV95cUxOTENoei1icmJCR1NXS1lxVkxld0Y1ZGpqVXc0bUUtLVRBN2l1a2lZdHZNTlJFZF9jZ0pUTDRiT0JOTTFkbWUyNnVKTEVPcUtzbk5GbF9UX3dVZm5uci11a2JjcEM1OGM5TEZiclVCVTEyWElUbWpCX1J5cDIzWEtsMUVkNmZacXZDQWxULWZ2d0NXSUFKM2R4Y0QxcExmclYzMC1uM2ZiM3JpVDdkaVZDeg?oc=5,"MW, offshore, turbine",A 14 MW Siemens Gamesa Turbine At Taiwan’s Orsted Offshore Wind Farm Catches Fire Marine Insight
2026-08-22 08:03,Orsted isolates turbine after offshore fire near Changhua - Taiwan News,https://news.google.com/rss/articles/CBMiWEFVX3lxTFBRU3lIeEZKOXJheTBUS2FDYTFBNjNnUEJWMmJfbUZMaXJTU052TFlxVjhVM1ZxeE03MnNBbVZlUko0WEx3NF96XzJoQkU1NUY0SzF5X3NhejQ?oc=5,"offshore, turbine",Orsted isolates turbine after offshore fire near Changhua Taiwan News
2026-08-22 08:47,Orsted stock steady as Taiwan turbine fire highlights offshore wind risks - Ad-hoc-news.de,https://news.google.com/rss/articles/CBMi0gFBVV95cUxNRjJfSm5xd0dIZlhMU0g5bzFTMUw3WVlzLWs2MWxwVU9Ma0t6UDk0VlAybS1wdHc5WWQzNGgwRjcwNjNUc1NtaFJzVEVac1dUNWg5TWxIaTBOdXB0cXlLWS04aE5TYmRNcmxPWVdkSHlWM3F4ZHFwbUNBLWlBMkpmZ2VROUJOa3lKUDhHSnlNQktVdFROblk1NENhT2w5SDVBNXBMdlpOR2doSzdfdEFWQXd3R0tyTDZuX3EyQUdqT3ZwWjVyS01oQ2xtUm1PM0VyYlE?oc=5,"offshore, turbine",Orsted stock steady as Taiwan turbine fire highlights offshore wind risks Ad-hoc-news.de
2026-08-21 13:42,Orsted probes turbine fire at Greater Changhua 4 - reNEWS,https://news.google.com/rss/articles/CBMijwFBVV95cUxQUnBkMDB0WEtveWcyNVVQVG5xUzRXMUhqajlxZ3ZpVnJaUUJQNHYxMzZ2UEtmUjFtRkJYZFJ2SlM1YzFxTzlnSXVxZm9XYkc3MzRPc1ZVQkMwV0NCc0ROM01JZGF2bjQ4aEROTjhVdlRGaVhWQTgyNWFOWDlMQmcxajZhdW5GblF3dG5kME40aw?oc=5,turbine,Orsted probes turbine fire at Greater Changhua 4 reNEWS
2026-08-21 15:32,All monopiles installed at 1.5-GW Baltica 2 offshore wind project - Renewables Now,https://news.google.com/rss/articles/CBMiqAFBVV95cUxNRVFjQ1l1elVabnByWGZ3ejRZc1p0OEJpaW9wdW5WOTNvWGdpeVBRNFp1R0xwdHZIdDA0aVBYd1lxTng5bUNGa2pjQVZRc1V3cDZsdmFoTkt0RHktZjlfWC1Zb1RjbEtGUmYxcGs5Uk0yeVBiLUxRX05ZdFpPdWc4UkNWdk4wTmc2RnF0Vlc2ZWtpY1M3WEFRdk1CUzFib18yck4yeVBJcVQ?oc=5,"GW, offshore",All monopiles installed at 1.5-GW Baltica 2 offshore wind project Renewables Now
2026-08-21 17:15,Saudi Arabia opens international biotechnology partnership opportunities at the Riyadh Global Medical Biotechnology Summit 2026 - Atalayar,https://news.google.com/rss/articles/CBMiuwJBVV95cUxPMmM2Y3V5SzgyQlBMb0VmMWZIM2hzUnR4YzkxYnJ2WEI4cHZzb3NQU3QtS3AzS2kydmgwNEZWMkx6MjN6M0pCLTFmZllxOXd0U185b0ZnbFdTR0xzVkhrbERILXpoaW1VS3U2bV9YNmRhTjhLMnpzNWM0bmtXd05NZ3hMZm43eDZKVlh5QW5kelNPSklQUEVZTkh1WXphRUIzc21BcDVPVGxBMFk0UnFBMWdiOTRrX2Rqb1pUa192OGhFOUlnTDExUWpGTTFsRGh0clB6V2xOUVRUWl8wX2lsM204eGJPaldQS09wWU5SU19DM2FnOUVIVnNLd0FXcjVDMjYxczR6T1FDdFkzUkdKSlZETTRYa1lDZkw0TTZGTzlqTjNrbTgzbHVFclhfM1IyLVJtVFZJYWt3NFnSAbsCQVVfeXFMTzJjNmN1eUs4MkJQTG9FZjFmSDNoc1J0eGM5MWJydlhCOHB2c29zUFN0LUtwM0tpMnZoMDRGVjJMejIzejNKQi0xZmZZcTl3dFNfOW9GZ2xXU0dMc1ZIa2xESC16aGltVUt1Nm1fWDZkYU44SzJ6czVjNG5rV3dOTWd4TGZuN3g2SlZYeUFuZHpTT0pJUFBFWU5IdVl6YUVCM3NtQXA1T1RsQTBZNFJxQTFnYjk0a19kam9aVGtfdjhoRTlJZ0wxMVFqRk0xbERodHJQeldsTlFUVFpfMF9pbDNtOHhiT2pXUEtPcFlOUlNfQzNhZzlFSFZzS3dBV3I1QzI2MXM0ek9RQ3RZM1JHSkpWRE00WGtZQ2ZMNE02Rk85ak4za204M2x1RXJYXzNSMi1SbVRWSWFrdzRZ?oc=5,partnership,Saudi Arabia opens international biotechnology partnership opportunities at the Riyadh Global Medical Biotechnology Summit 2026 Atalayar
2026-08-22 03:00,NextEra Withdraws Wind Turbine Application - yankton.net,https://news.google.com/rss/articles/CBMiiwFBVV95cUxPRHVsaE5CT3ZSTmpDeTJueWRHUDlLSnhCWlBoX0F3V0Q1T21jT1VEaldpdGYxaVkySGZWVzhUZTlRZFNUSXAta1o2NTlQb1ZvN203d3d6N1M2NXBLMDlaYnpaWWR5RnpZSVdwb01uLUJyZVhNZHlSUGdMYVFzUUwzb0Q1TEhNb1RnaTNN?oc=5,turbine,NextEra Withdraws Wind Turbine Application yankton.net
2026-08-21 17:00,Major North Sea offshore wind project postponed - Recharge News,https://news.google.com/rss/articles/CBMipAFBVV95cUxPQ2NtUUlvaXhnQTk0VVBFYm5jQ3dhc3BBOHBta3VXb2RteXpDWll3aWtOaTI1QzI3ZmpfZkwyNUdfRnlVdTBHZHhBbG96cDlLZmkySmt0ajVzdl9LQVFFRUExTEtDRlBFc1g0eEZ5aHZSLWphZ2dwWTJLdHlnVlVtNTB4ek1jSnNyUXdVdHlxbGNKaVI2b2g0REM3T0p2LU1PX296Wg?oc=5,offshore,Major North Sea offshore wind project postponed Recharge News
2026-08-21 18:28,Equinor and ORLEN strengthen energy partnership with crude oil agreement - WebWire,https://news.google.com/rss/articles/CBMiaEFVX3lxTE5QbmtOcWpxU0ppZW1DTWEzVGY4MS1MWGpKdHl5Nno2dEtCbUl6Zm9rQnFzNnhxZEFfQlpkbjhZQUFmcEM4UVBGVGIyUnhRNUlJdW9VZC1tV3NBVnJGbWg1UDhiZHd6X1JC?oc=5,partnership,Equinor and ORLEN strengthen energy partnership with crude oil agreement WebWire
2026-08-23 01:03,Nordex Group wins 82 MW wind turbine order from EFG Energy Farming Group for two Lower Saxony projects - Energies Media,https://news.google.com/rss/articles/CBMiZ0FVX3lxTFA1SVpEUE9UTmltNTEyWkFqdXU0RTM0NnRxTmlWdXBTNldJRUlXWWk2ZWJILW1RdW5IcVQtQjZBQzNNSUh6OEZtS0NaRDVhbm1lUTZSdGZNSjBnQWQ4X1YxbU5iU3c3bEk?oc=5,"order, MW, turbine",Nordex Group wins 82 MW wind turbine order from EFG Energy Farming Group for two Lower Saxony projects Energies Media
2026-08-22 17:02,THE ECONEWS REPORT: RWE is Out. What’s Next for Offshore Wind? - Lost Coast Outpost,https://news.google.com/rss/articles/CBMikwFBVV95cUxOb0VCYmtuN2hfMy1fWTl0ZFJzYmZEbTJjTHZHNmZyOUZCaUNHQWtFMlRKTVlQbTdUV3RRc25IZEtEcE5wNzQyaWhMUUk5cE40YTVRV2l0N1Rtb2VyYjZRLUNOd05ZSkpCejNqMW5kVHVVM0JkUWt0WC1XNTJqUTY2VXNlRk1ZQjJxeVhkZldhSzRSclU?oc=5,offshore,THE ECONEWS REPORT: RWE is Out. What’s Next for Offshore Wind? Lost Coast Outpost
2026-08-22 14:04,Naturgy receives green light to add 104 MW solar to two wind farms in Albacete - Demócrata,https://news.google.com/rss/articles/CBMivwFBVV95cUxOMXVJejdCQmoxWm5HNjBXbE1KQ3JLZU9NeUZabUhPaUdVNUhzRV9kaW8zZmowVWVmLXhfOVhKNjFnZGp2RUc1QmF3dU5tdGNUdS10LTVLVXJoYnJ2R3FRNFdpRU50OUpHcGJZbDdVSnY2S1I5TW1jNi12NEZPaTBkeWpJR2lMbTI5Y2hja0ItYUFtNDF0ek9tMlVPQnh5dFI4RzYxeVY5bkVsZkRMQlhtLThyU2ZkRDZDWW1XcG44SdIBxAFBVV95cUxPLW81TEVVaDcxTDJndnl4czhpcVptRGlkNF9JQjJfNm43WVZSSzc2ZzBTNGItWXZZNlMtcjlkT0c2OWdQVzNfTFVUdGFscE0xamI2UDBZbWlQTGFqY1JUeXhxRWxkSHRneWhOME80U1NpQkdYSndOWE9fY1dMYXFCalRybHpyTGY2dS1vWHJldmNMUWxicXVUWHNwa18yUUlkdFM5MHJ2czVXT19FZUlzdUE5Q3A2cGVYcjh5bUJhbDd2dncx?oc=5,MW,Naturgy receives green light to add 104 MW solar to two wind farms in Albacete Demócrata
2026-08-24 04:50,What Vestas needs for its offshore unit to make money next year - Recharge News,https://news.google.com/rss/articles/CBMiswFBVV95cUxPaThOQlh6YWhxWWNaUlhTWE15WUtTVzFWQm5pWkpsX1ZQTURVbUo5S3Fsa2lVczQ5RmdZUml4SjB3bDZjb0NCZy1jSXFTZ2ljMGs3cThMejlXTE5Md2dFV1JMZmV0NDU1U3lkeEpnQ2VNRm5oRXRzRmRMY3R5VmRuMDZyYmJPQWJYdzZXNE4yUEFyd29TMkU4bFRJajJnR2FDUEx4b2t0dDF4ZnZnMkxWYjI3VQ?oc=5,offshore,What Vestas needs for its offshore unit to make money next year Recharge News
2026-08-24 06:32,"Offshore Wind Energy Market Projected to Reach USD 189.7 Billion by 2035, Growing at 11.8% CAGR - EIN News",https://news.google.com/rss/articles/CBMi0AFBVV95cUxOYTdKdlh6RWxvRnJSb0xrd1plam91ZWhqbWRTTS1JTFpYMHhvYzRnTmpubnVFblFxSFRfREdTMDY2VTVVT184WFlZOS1EQ0hMdzFickh5b1I5a2Z3anBTMkdVU015a00wMjRPMzZNWHpGd1RVOWwxMXNTWFRwbjVwMHVwc1cyd3RubldjbWJESkt4NjJ4ZE1uUXhkT19xODdINktOY3BmdkZKd1Q3c3pwdHlqSDMwQVhzanJWV2JRQnlXeWptLVY4bllIVm9ZNTEw?oc=5,offshore,"Offshore Wind Energy Market Projected to Reach USD 189.7 Billion by 2035, Growing at 11.8% CAGR EIN News"
2026-08-24 12:50,Vestas secures 65MW Italy order - reNEWS,https://news.google.com/rss/articles/CBMieEFVX3lxTE9MSU80dkJnNEdqSm1NMmdxUnhYZkxVLTdLR0ZXcmxpX24wOTN5OE41NWhJaktzbXFGcGVLZDVaT2RnZE9CUmsyeUFVSVJHS1ZqYmxyYXpjODJ0dkxrcVJoSkUwQzVPQ29odFZQR2xLQjF5Z3dDXzVobA?oc=5,order,Vestas secures 65MW Italy order reNEWS
2026-08-24 06:32,"Europe Renewable Energy Market Projected to Reach 2,540 GW by 2035, Growing at 7.9% CAGR - EIN Presswire",https://news.google.com/rss/articles/CBMizgFBVV95cUxNQ1lLb3ZuWG96NTU2eFF2YjhaNGhLSzBjd2tybzJ6WEd4RF9UTFN1UTQxVTFiaW02UldSby1XNmtIRWpjYjFOd2pURmZGUklhODUtNmRZSGZBYWdjRGpObFZuUWxpOGJ1SlpHald2RXRxVHRpM3htVVQ4QzMxU29nMHIzTno1UUUtS0JRb3U4ZlBKRU9yNGRfTm05NjczSzdId3MxMnFvcEVpYk14WC1Sb1pIeHVVUnhkejBMY2VaTTkzckFyb3pTUWhTTExLQQ?oc=5,GW,"Europe Renewable Energy Market Projected to Reach 2,540 GW by 2035, Growing at 7.9% CAGR EIN Presswire"
2026-08-23 14:51,Glass Fiber Reinforced Blade Materials Market Offshore Wind Demand to Drive 7.2% CAGR to 2035 - News and Statistics - IndexBox,https://news.google.com/rss/articles/CBMi3gFBVV95cUxNYlVOUE9hZGFreFVISzJmcXUySnEwcHNvWjBIZi1Yd2VaZkpucDRmdW04MmRMNDdMWEd5bFVMQmFMZGJNUWtKRGhLTG9uWUhVYlNSNThYLU53OHNiLU1oVTFMSDNqWENBNThYRXZ1VzRndXRuT193ck9pMGY1amtlRzVOaEFqY1FPbXFSczRBSzJBREVpZUlnejBkczhJNnIxWUdoOHlRQ0NvVmE0bDRtSmcyMnRKcW1rMkJGWEdSTjVMLWJEMUh2LTNSUmJkS3Y2WkFLanQ0UFBmS1NVQ0E?oc=5,"offshore, blade",Glass Fiber Reinforced Blade Materials Market Offshore Wind Demand to Drive 7.2% CAGR to 2035 - News and Statistics IndexBox
2026-08-24 05:49,Anthem advances 420 MW Northern Cluster wind complex in the Karoo - energynews.pro,https://news.google.com/rss/articles/CBMilgFBVV95cUxQZXhNcV9UMkpoT0NSSkpQekIySEN1SUI0cFgtU0ZLT0Z1Ql96cWg0SC1NV1JNbXNtOHBLLWxhcjRGM1VKbUoxUkZQSVBkaFJMRDFoZllGU3VwYkFiZTZvMUdsVHVMdEQ2Q0g1RnFxSVFpUFVvRHdZRUl2VWFrcGgxUHIyMHNLZjJrN3BpaUN6VU1MUVBNc0E?oc=5,MW,Anthem advances 420 MW Northern Cluster wind complex in the Karoo energynews.pro
2026-08-23 16:48,Gas Turbine Prices Are on Track to Nearly Triple. These Stocks Are Cashing In - The Globe and Mail,https://news.google.com/rss/articles/CBMi9AFBVV95cUxOVmdmcG1JRjNHelhXTGw2QXB2WDBTTXNIcHA0dVQwcUZhNmM1QjRqeGpHUm1QOWxXMHprVzV1bUU5UlhvMUVOU0dkUGdUUkpQUGRkVHN1YVgzNU82VWVCUTFtWXJQLXNsU2JqQWJUZzgxUzRReXdzeTM2V3hldmhzdXAwazBsZ01kdHRvVDJjRWo4MGd2VjlSRld0a1puM0pORzVfUEVIeFFuSHpUSksxSVhXaC1MdkVUM0FGa052OGxCQnJpZzQ1a3RFMVpockkxd2JQNU5QSjhsQ2QtU3lsLWZ3VWxUZTRkaXVSWS03T0Jmd0Na?oc=5,turbine,Gas Turbine Prices Are on Track to Nearly Triple. These Stocks Are Cashing In The Globe and Mail
2026-08-24 11:52,GE Vernova stock holds firm after a new AI data center contract - Ad-hoc-news.de,https://news.google.com/rss/articles/CBMixAFBVV95cUxOSzRZNXA1dmFLQUc0VVozTmRlOGRHbnJiYjkybEdNbU56SXlJRFhLdXZJQ0xSTkp1b1psQ1lBbGFoU3JVa0wxME4tekJ3Ukg0MUxLeEszeERudUJDSzFsTHpSSEM1ODFIQVNRWE9qNVU5S1JHZlJSSjFZbkNZLVI5NHBLREVoUEF2NHA4eTAtU3ZtemJFb0V5UXJscS1DTHk0OEhIcFJYdnREN0d1dHRBNGhnVU1TVmtqS2JPcDJ0RXpwVjQ2?oc=5,contract,GE Vernova stock holds firm after a new AI data center contract Ad-hoc-news.de
2026-08-24 06:39,Nordex stock steadies as latest results and turbine orders shape 2026 outlook - Ad-hoc-news.de,https://news.google.com/rss/articles/CBMizAFBVV95cUxQdEdDdU9sWGtwMlRTT0NUYktNTl9xejRMNEYxN1BzZFdld1BXenpDYk5aMHVLRGJiSjRvdVNqZXRnbkdCN2NHMmRPRnh6Ni11RDRfVnVEWlFWUVJkSVVmS1lmRzE0VGhnN0N2NjRIWUlKdEdrVDl1M0xRZ1M2emZDRGVxaldZRm9vRkpBMG9Fb21Tc1VrZGcyZ3h4dk0tVEZDMnlKMjRlT2NzNnhqQWZhOVVKOXFEUTJ0VDV0akZUM1Fpb09WYXN0VWR3UTQ?oc=5,"orders, turbine",Nordex stock steadies as latest results and turbine orders shape 2026 outlook Ad-hoc-news.de
2026-08-24 08:11,Sonfor hunts new partner as TotalEnergies quits Danish offshore wind - Recharge News,https://news.google.com/rss/articles/CBMiwAFBVV95cUxQUTMwdlVXdmstLVlHTXBvVDR0Q2hIdTgwdndBY29NUE1UbWNHRWFYNkptV20xMlJHblJQNE40UzB5UElKOHNXSVYwOGdvVEU5YmhvbmlLd0FNSlAtdEFrbDZHZ3RIMGg5NEswQlQ5ZU5ZYklVVDkwU0JUYjhOVVFUSmRsQWpmNWZJU2pvTEphdEZVT1gyeUlNQ2JwTlo1WmFCMzRLU1hOTl91cmJ1TGlKRWl3c2lKQnlFVUhYemNaS0Q?oc=5,offshore,Sonfor hunts new partner as TotalEnergies quits Danish offshore wind Recharge News
2026-08-24 09:13,"Suzlon targets 5 GW renewable capacity in Andhra Pradesh by 2030; Set to generate 4,000 jobs - The Tribune",https://news.google.com/rss/articles/CBMi0wFBVV95cUxQT0t5V1BNQ0x3aFk4bWpQUlVNTFlKSUstSGJwbUdDM0UxQ0d3cXJNZDhCWENBNE9kMk1RMTFiVjl1b3lsSHNqWGZRWmJ4cTRyV1EzeUZwT0lCb3JMM3YtMjhqTVVNSVBzUEJvNFR3dWhjS0c4ekhtcm8tTjVUbFF2UThyRUw2WVBHZUhtYy1LR2YzaWU5T2ItZHdiN1p1UjlJOUVvaTBrSUF2c1NiT0Y5S3RrNkJzaWVwSFRGTjh2MDFOV3BkcGt5dm1lZ1htOGgzU05B0gHTAUFVX3lxTFBPS3lXUE1DTHdoWThtalBSVU1MWUpJSy1IYnBtR0MzRTFDR3dxck1kOEJYQ0E0T2QyTVExMWJWOXVveWxIc2pYZlFaYnhxNHJXUTN5RnBPSUJvckwzdi0yOGpNVU1JUHNQQm80VHd1aGNLRzh6SG1yby1ONVRsUXZROHJFTDZZUEdlSG1jLUtHZjNpZTlPYi1kd2I3WnVSOUk5RW9pMGtJQXZzU2JPRjlLdGs2QnNpZXBIVEZOOHYwMU5XcGRwa3l2bWVnWG04aDNTTkE?oc=5,GW,"Suzlon targets 5 GW renewable capacity in Andhra Pradesh by 2030; Set to generate 4,000 jobs The Tribune"
2026-08-24 11:02,"Suzlon plans ₹10,000 crore Andhra Pradesh wind expansion; targets 5 GW capacity by 2030 - Fortune India",https://news.google.com/rss/articles/CBMi3AFBVV95cUxOWk43Ny1Za2JSb3dIYWpiRTRJY2NtV29QcktwV0lVUkN2dENTSFZvdVB6VXhxZXJGWDJ3UXhBZTVsNGd3QUM4eWZPUFc1LUUxV2t5QUFORktqNFRSeHZzM3VXVVZJX21LWUljX255aGcwX3Ric0gzSE1CUk9XaXVrdElVSERmMVIzSFlGM1ZuWW5TWVZHX3FSZF91QlVZLXF0YkRsZkE3UFpwUkdGMFpzemF1SEFtWEdoY01iUm9WamtUOUktQU9HSk5KMVNLZUtLZ1dsWDBGWkg4VFlL0gHcAUFVX3lxTE5aTjc3LVlrYlJvd0hhamJFNEljY21Xb1ByS3BXSVVSQ3Z0Q1NIVm91UHpVeHFlckZYMndReEFlNWw0Z3dBQzh5Zk9QVzUtRTFXa3lBQU5GS2o0VFJ4dnMzdVdVVklfbUtZSWNfbnloZzBfdGJzSDNITUJST1dpdWt0SVVIRGYxUjNIWUYzVm5ZblNZVkdfcVJkX3VCVVktcXRiRGxmQTdQWnBSR0YwWnN6YXVIQW1YR2hjTWJSb1Zqa1Q5SS1BT0dKTkoxU0tlS0tnV2xYMEZaSDhUWUs?oc=5,GW,"Suzlon plans ₹10,000 crore Andhra Pradesh wind expansion; targets 5 GW capacity by 2030 Fortune India"
2026-08-24 11:15,"Suzlon Targets 1,325 MW Wind Energy Projects in Andhra Pradesh by 2030 - APAC Media",https://news.google.com/rss/articles/CBMiqgFBVV95cUxPdVRpVE9RZmdyV0g1eUtEajU1Rk9VTDczUUxYdGpQRWEyMkpIckF1dFoyejBiSXhaczNTdF9IbnBmM3VXd3psWnRDbmVIdkZ1YmxLeng2dnJSZHBvTEQtNHk0Z1pYZzNQUlhzNGxCVktNMG54X2pIUWZBQnJVNVg0LS1IN3pIWlBILVZnS0p6S1EzaGZNYXZDRzNYUUZYVzhqUWhGR1kzSGtvdw?oc=5,MW,"Suzlon Targets 1,325 MW Wind Energy Projects in Andhra Pradesh by 2030 APAC Media"
2026-08-24 10:03,Lokesh to inaugurate Suzlon’s turbine blade manufacturing unit in Anantapur district on Aug 25 - The Hindu,https://news.google.com/rss/articles/CBMiggJBVV95cUxQXzBObzN5XzNNQVFmQkdHQzBwcUlvc1NiZDBCa0NMUktTOE12eHU4bnZqTHgwVWNGWFlPVWFUdGNVX29WS0JmSTNLNC1ESnByN0Nfb2FodUdIbExTWnRTME43aHFFaDhab0ZiemgtRFg5YnhjdUxCZzRLSldGMms4ZEpXNmZfX0RMdmlTcVIzTktGX1dLd3hBVkEwaUdzX09hSHQtMjI3NmxlcElwNC1LeW9oemtMRkpiWUxZMWxMT3liSXo5RmRzbWt4dVYydmFLNWwtc3lYMnBwLXFZenJlVktoOEpFaHJZVXdrbkFsLURid1B5ekNmcDVCV0JZUGJLWGfSAYICQVVfeXFMUF8wTm8zeV8zTUFRZkJHR0MwcHFJb3NTYmQwQmtDTFJLUzhNdnh1OG52akx4MFVjRlhZT1VhVHRjVV9vVktCZkkzSzQtREpwcjdDX29haHVHSGxMU1p0UzBON2hxRWg4Wm9GYnpoLURYOWJ4Y3VMQmc0S0pXRjJrOGRKVzZmX19ETHZpU3FSM05LRl9XS3d4QVZBMGlHc19PYUh0LTIyNzZsZXBJcDQtS3lvaHprTEZKYllMWTFsTE95Ykl6OUZkc21reHVWMnZhSzVsLXN5WDJwcC1xWXpyZVZLaDhKRWhyWVV3a25BbC1EYndQeXpDZnA1QldCWVBiS1hn?oc=5,"turbine, blade",Lokesh to inaugurate Suzlon’s turbine blade manufacturing unit in Anantapur district on Aug 25 The Hindu
2026-08-23 23:30,"Suzlon Plans Rs 10,000 Cr Andhra Pradesh Wind Expansion, Targets 5 GW By 2030 - BW Businessworld",https://news.google.com/rss/articles/CBMivAFBVV95cUxPNm1jUERuZXc1dF8xcG9MSFhJTkZ1ZWxXcks4WkNpZFVtZjEwOFdFbDRueFEtN3JqRm02cklucmJqOGR1aktxTVNkcTJfOW5qbWVKbmpWc3ZkSWd2aHRWbHNXWE8wTjU3eG4wZEpreVBRendqMlZYNFdldlM0VVhTd1c5VWxLNFhGMjZTRV9fRUVYM0s5RWoyeEJsamlxVktrZjZIdTZwSV8tbm8zRTFsczBDZnJsNlNFb01UZA?oc=5,GW,"Suzlon Plans Rs 10,000 Cr Andhra Pradesh Wind Expansion, Targets 5 GW By 2030 BW Businessworld"
2026-08-24 02:50,"Suzlon to commission 1,325 MW wind projects in Andhra Pradesh, invest ₹10,000 crore, create 4,000 jobs - BusinessLine",https://news.google.com/rss/articles/CBMi9gFBVV95cUxNTnF6UjRmcW94Y0ZCV2s0ckgyTFQtLWlnOW1HRnFpajhjUE5SLXVqaVB4eFB2UEEzNTl1MHFJLV80R2dvNC1TUHRMT1A5THBPLVgtcjJERGxCQ1FFUFRWSVRUZk5TVGNzYU5vTHFsRFp1cnpOLVRoWC1XclBScmFfbGU1Y0lTR3lxWVNoelhneFRZOGRwbG4yT0dqckU2TklyNEctOV96VnZZV1RtYXFWN0ZFU05UZ01rc2hTZGhKeEdXQ2VXWGVRbjZ2dk5JQTBKeWxGRWQ5dE91QzllNGhJUGV5Q2xUOGhBdExycGI3VFJwaGVNZ2fSAfwBQVVfeXFMTUplNEhUeEJ2eEFUTndKN252bWlUU3FwTGdHdFdoS09NS0VhbUlnaHI3N29kLWlRT3VWYXBwR1dWTUZ5ZEpuRl8yUFZzZEFDZG9Va2xKc2dYcEtldHFEZnp3YWpzMV9OQmpyTWg1MGNlV2N5VU1zMDdjSHZpOVNUVVFKTGpzVTczNHltcE54M0gyLWhUalJ4cjJnSmJHOThZQVEyd2ZTeGZxT0FtYURRLWlMUDFRc0NUN0dEWGkxel91a29CbmhQR1pST2Rub0xYMi1FQzVZb3NqOE1aM1ZMcUFGY0hjbEpYVVdVVU5tQ0x1czh5czB5TnA4Qm1l?oc=5,MW,"Suzlon to commission 1,325 MW wind projects in Andhra Pradesh, invest ₹10,000 crore, create 4,000 jobs BusinessLine"
2026-08-24 09:57,"Suzlon Bets Bigger on Andhra, Plans 5 GW Expansion by 2030 - Telugu360",https://news.google.com/rss/articles/CBMijAFBVV95cUxNa0VDTGdMLU9QVUtPVllfUEFKRFc1TDFyaEJaeU14eWczdHpja09VR0VOVDlPOUt2QmhKUVduejJoMHBpbWlxT3V3aGhucGFFNUVKZDQxS0VtdHMzQkpDRGJFRE1Bb3J0Szl6a3VYaDdBRGpXVVBQMzZZLVpHWUpiTVExaXk4bVNOMlNwaQ?oc=5,GW,"Suzlon Bets Bigger on Andhra, Plans 5 GW Expansion by 2030 Telugu360"
2026-08-24 11:02,Ørsted proposes 2 GW Dadu II offshore wind farm in Taiwan - DredgeWire,https://news.google.com/rss/articles/CBMiiAFBVV95cUxNM1VPTHVUb2hHbjNXaGFMbFQ4YTJoOHZOUkdzaG1yaE1ERWlYb24xRGJYYVNzOTFCUnF2eGNQX1J3b2hhY3ozM1RBMDVqRW42eUJpTjVqbzlwMjg0cU1mbDFJa19zbEt1SXZ1UVQtM1czUko0cDB6WFdUc2hzYzhSQ2hvX0t3NEQ0?oc=5,"GW, offshore",Ørsted proposes 2 GW Dadu II offshore wind farm in Taiwan DredgeWire
2026-08-24 11:08,Ørsted probes turbine fire at Taiwan offshore project - Wind Power Monthly,https://news.google.com/rss/articles/CBMioAFBVV95cUxONzliNUtJZ05fMW5PZFBYX3NRYVJmaUh3bjlnWTZwT2FvOWdPY2FXbjJmOGZPS3I3bjdnRXQyendJM2NpOTBEMTRaU2ROU1IyQ1dlWEo4cU1JbHNHRjZHR1FaZ3dDUmtQQ0N2UUIyLXhGdVlWVlZCNW56SFpNR2lvc3Y2S051ZlVEQUFlVk5lNHZxblRwR0xfT1ZrOThSX2li?oc=5,"offshore, turbine",Ørsted probes turbine fire at Taiwan offshore project Wind Power Monthly
2026-08-24 09:05,"Greater Changhua 4 Turbine Taken Offline After Fire, Ørsted Says - offshoreWIND.biz",https://news.google.com/rss/articles/CBMipwFBVV95cUxNcl9HVVRoRXp2MWxXQzRBZGh2RFB2bk5md3c0ZGh0dlotX0lvbGtQbzBkVmpQZTVWS0NvUk1WMHJ3SjAzQ1R0SFpacTBjd1BhQWZwcnlGREtVeW5ZTThmUHRsd0NhYVBxS2RlekFtQTZBY2JsWWJyanJQd3BCejB5b2lKNnFvUDRkU3cxNW9MczRBMU5GV1V2THdXZ3dtcUpiSW1yb3dZMA?oc=5,turbine,"Greater Changhua 4 Turbine Taken Offline After Fire, Ørsted Says offshoreWIND.biz"
2026-08-24 10:39,Van Oord Installs Monopiles at 1.5GW Polish Offshore Wind Farm - Offshore Engineer Magazine,https://news.google.com/rss/articles/CBMiogFBVV95cUxNUk1pYU9COXB6bjkyYS1jMmZtdkxBa1NRSjhITzl6VlZ4Y3hxN21qQXgxR1lIQ1AwbExVcXdPSnRUaHZieW01ZU9oMUdzOGVOdk5QSWZaRGNhbDRqcHlhZm1IbXF4TjZlTXcxelBnVTRSQ2Rra01RZDFzSUh3VkRDT05qb2FEX2U5YWN0NlktM2N1eXh1dUpmRm1OLXdPdWRWa3c?oc=5,offshore,Van Oord Installs Monopiles at 1.5GW Polish Offshore Wind Farm Offshore Engineer Magazine
2026-08-24 08:24,"Utility closes acquisition of Danish offshore wind project: “It would be crazy not to see this project through"" - EnergyWatch",https://news.google.com/rss/articles/CBMia0FVX3lxTFBhZFRyYlIyVHVlVW16bEhWTGlnd1RaZGhDUkk5WTYtWVVSdmxqX0s1UGF0X0JFV1I0a2xBanNYUTBaQ01lREEtNjZJVHZ4ekptTno0ZVU1ZGNGeGc4MFNxb0NNaTBmaFgzWGVR?oc=5,"offshore, acquisition","Utility closes acquisition of Danish offshore wind project: “It would be crazy not to see this project through"" EnergyWatch"
2026-08-24 08:13,Ventyr welcomes extension as Offshore Norway backs more time to address challenges - EnergyWatch,https://news.google.com/rss/articles/CBMic0FVX3lxTE1lYk9MU1g0SGNHTjNsYUJ1MGQyMTdIQzl4cXdnaExlUEhBWWxUbWhsTXRhQnRRTUZmd0VrdzZuNDVYMGh3X1hVeFdyTVhiUmZLYkxhSlhrMHR6TzFhdi1ZN3NaNHJjSGFBcWVYZk1VQ3FuNFU?oc=5,offshore,Ventyr welcomes extension as Offshore Norway backs more time to address challenges EnergyWatch
2026-08-23 14:33,EDP Renovaveis stock holds steady as new 92 MW US battery project comes online - Ad-hoc-news.de,https://news.google.com/rss/articles/CBMizwFBVV95cUxOLW15VjhlSmxDbDRDQjIxQXMyOGpjcFRtUm9pVlJTN3lMbDRZTi1ORU8wVklIaENzN3ZVelZMa1JHcmlCSE9yb2xCd21DQTNyeEVxWlJCdVpNQTVtVThreWNVeDd1VTVhQV9HbHR2SWExSl96T3dOdDRlVzhIMHcydGJjZjVRX0VRamtJQnBmc1U2V1g3eGJHMlpETmE5OVBwX0VUVFFzQ2hfZGsyTlBjWE9qQ3M5R2dqQUpQSDVabTRMODBycVNiU0pPZzBDSEE?oc=5,MW,EDP Renovaveis stock holds steady as new 92 MW US battery project comes online Ad-hoc-news.de
2026-08-24 11:06,Major North Sea offshore wind project postponed - Upstream Online,https://news.google.com/rss/articles/CBMirAFBVV95cUxNSzhDWEtLeEdJN0lqai1ZVGtSeGpVWVdLaW1YcThUb09YQlBKTHpqT2l5UWY3NXNhQ0hNZXV2Y0U4VmVsX1NFZWM4RE1aRmIxYWJFbV85THE5ZHc5ck5sWEExeFM3bFY4SUFNZ2NMLWZvVDdwS2tkSmo0bzlkVTNGcnJTdW40ZTQwaTNaZl82dTIzYm8tc3lCYmRyQVRDNTNnUUhxX0szVDB1RXJG?oc=5,offshore,Major North Sea offshore wind project postponed Upstream Online
2026-08-24 13:06,"Equinor, Aker BP, Vår Energi Team Up for Norway’s Next Oil and Gas Chapter - Offshore Engineer Magazine",https://news.google.com/rss/articles/CBMirwFBVV95cUxPLXBtX19CallUbHRoWlNKLVdocEkzMTR2QlQyeWt1eTBDemRBa09PNmItRFY0VzJQSmphMXZDbVdTdGdGcnpYQXRnajhCZFNGNUdWbV94RExmTHVKVlNUaVBDX2d1Ykh3SzhMbDd3OTVNUi0yaHc1YjdmdVRka2FpSEp2bEFRRmRIbVNsR0RUMkl5aFJrQld0bHk2ZUk1emVSdmpiZk9yeVAwaHhreUxn?oc=5,offshore,"Equinor, Aker BP, Vår Energi Team Up for Norway’s Next Oil and Gas Chapter Offshore Engineer Magazine"
2026-08-24 07:35,Equinor and Aker BP Make Gas Discovery in North Sea - Offshore Engineer Magazine,https://news.google.com/rss/articles/CBMimAFBVV95cUxPaVhsbDJzSlhnckhJY1o1TExnNnlxekhsZktNWVcwdnd2cUY4T3h5elRLeDRKdDBUWVFQU3AzSENVV0hteERGQW1CQ2FXNlR2UmN5ZkgxRElxcUpnZUVpNTlMSm9OaGUtSDN3QjBocGRCbkxJZWF0ajlacl9Xc1VSVm1tT294VWI3Y3VrRVBqUURTd0RiYl9lYQ?oc=5,offshore,Equinor and Aker BP Make Gas Discovery in North Sea Offshore Engineer Magazine
2026-08-24 00:11,Equinor to Supply Johan Sverdrup Crude to ORLEN Under Three-Year Deal - News and Statistics - IndexBox,https://news.google.com/rss/articles/CBMimgFBVV95cUxOdHBEZjljeklaTFRuTXBVYUhZSGphQVpfV1NRS2lGWUhrSnBvbnBKNzhIeklsUmFYRlVxVTJ6ZERTbmdQZnZ6V2NwVk81QTdrSDZjRVlmUlhvcm1aREJDTmtSMWV1b0xOQlVLRUdDYkZ5dU85dEZlTnBlNkJSTUhOM0ptUEEyN05QdGpsS0l5UTBPLXNjR1Q1ZHBB?oc=5,supply,Equinor to Supply Johan Sverdrup Crude to ORLEN Under Three-Year Deal - News and Statistics IndexBox
2026-08-24 08:57,Equinor signs 15-year gas supply deal with Germany’s Uniper - EnergyWatch,https://news.google.com/rss/articles/CBMickFVX3lxTE5Yc1JMbE5VTmxKdXZzS0UzUlZHMUpHVlhhc0ZNS3JCcXpzV2RCajZwWm9NNWRXTWxOMFhGZnZQWWdkM2JwZzVaLTRzZVVGT1VOX1R4T0hlN1dOeHJtQ3N4UzBwcjNlYmFZMHp3V0thYWlzdw?oc=5,supply,Equinor signs 15-year gas supply deal with Germany’s Uniper EnergyWatch
2026-08-24 08:07,"Equinor Targets 2027 Go-Ahead for Linnorm, Wisting Developments - Offshore Engineer Magazine",https://news.google.com/rss/articles/CBMiogFBVV95cUxNVXQ4bXJpMkdGdllrTnQ2U1pGTmE4RjB2QVBUeExpR0pUYV9jcWp6b3J0NTVIQ2d3TU52RWY3R0tYTUFzVjljeGhWY3hlZHRiQTlpQjNvcHRiR25oVmpNNl9oTGluc1VkZmNXQzVTSnZXR0lJSFk0aEZEdHJPTWozMDNXUWQxWVZNRzFXbTRqVHJIUlEtTzNjZ2haOEFtTmwwU1E?oc=5,offshore,"Equinor Targets 2027 Go-Ahead for Linnorm, Wisting Developments Offshore Engineer Magazine"
2026-08-24 08:01,Three Norwegian Oil Fields Up for Supreme Court Climate Case Reversal Bid - Offshore Engineer Magazine,https://news.google.com/rss/articles/CBMitgFBVV95cUxOU3EzQnJ5SDFUNHVuU3JjT3M3b29GR253bnRYY2V5cFVVc3N3OGZtSVhXLWlORkVNRkpGT3JEbWJBeFdJVFlmYVp5M1JWOXZhUEZmOUlmRlE4THlKV3ZQNW42emdoQjllSW1ldWhyc2JPQ04xcnNHV1I2M2dvMW00SC0tM1JWck5KbHJoNndDRXA3Q1FpRVlVVDdwMGJISHM3Y2ZhajNLWExnQkk5MVA2YU1qUjIxZw?oc=5,offshore,Three Norwegian Oil Fields Up for Supreme Court Climate Case Reversal Bid Offshore Engineer Magazine
2026-08-24 10:41,Van Oord Installs Monopiles at 1.5GW Polish - Offshore Engineer Magazine,https://news.google.com/rss/articles/CBMipwFBVV95cUxNRXc2dzB3YlY0ZEptWFVMcW00akZHWGpPM05UX2RrZDZIb25kNVd4WFVwQktqclRrNHNMNEdYZ0lMLUFIT0pLUHhDM0JVdExMTV9PWTdram5pSEtpSXN3dUtLUWkzQkxULUZORlYwQjR0elBWNkF1bHlWM1VlMFdSdVNuMjZjdDRBb2ZVc1hBeWRJSzkyd2NldWJYc01XRWhPeWpsb1pUSQ?oc=5,offshore,Van Oord Installs Monopiles at 1.5GW Polish Offshore Engineer Magazine
2026-08-24 07:25,Norway Stands Firm on Arctic Oil and Gas Drilling Despite EU Opposition - Offshore Engineer Magazine,https://news.google.com/rss/articles/CBMiswFBVV95cUxQU09MOGYwNkFiLXVhbi1hdFVIZzQtYnM3WTdxUEt4RktvbEs0QnRfUC1YbHBIWGx0Y0tzdkp1U085dGpORnZ1ZTlzNk5oRXBENUdjbHNrS1NacXl4dDZVVG9QUFh1RTFiUHhOandKdk9JLTBrSmtoLUF6Ym81WUlLSzY4dVktS2llZzExdXhUMVlJMEcybzgyRzJRdG1ITXNiRERhMnBhTV8wMmFXdnVka3NKSQ?oc=5,offshore,Norway Stands Firm on Arctic Oil and Gas Drilling Despite EU Opposition Offshore Engineer Magazine
2026-08-25 06:32,Scrapped offshore wind project caps Taiwan developer's collapse - Recharge News,https://news.google.com/rss/articles/CBMirwFBVV95cUxPcERUZE5CNU5fMzV5d3BqSVdyQU5wbFMwTTZiMGhweDFiYVRpcXNpUVpUcVBaSUtSdGFCM0swN3ROeEc1SDBkTjBKZkZiZmhGa3hncGV1bnU1UjVvaXdOOXFHX1F3V3h3Wjg1cWpwY3ZJX2ZWaWowLXdoZk5oRUItUGk2bFFGRU9pNlpXcVVkc2hSSENERDBlaDBmcFFPTzI5V29LaC00UlFhS2YtWGdB?oc=5,offshore,Scrapped offshore wind project caps Taiwan developer's collapse Recharge News
2026-08-24 13:52,Vestas tapped to supply 65 MW of wind turbines for Italian project - Renewables Now,https://news.google.com/rss/articles/CBMiqgFBVV95cUxPbk5DSnotVDJaVC1LMWQ0U2cxY1NIMjZFTFh5QVdCYUQzbThhbTdTLWJtM2NoNkNIbUZzNXdBZ0pfTjRfbk4ydTFRS3lQaWtJbjQ4RVBfUllqRDVRTWlXQkV6QWJVOHEwcExUdUU3N1MxZmtEVjl5ZjFSREZSNWdQcUdUdEJ1OTV4QUVhMFJ1b1Bua2RETUxHZlFLbnBhOFl5bmQ1U3dOdkQzdw?oc=5,"MW, supply",Vestas tapped to supply 65 MW of wind turbines for Italian project Renewables Now
2026-08-24 23:45,Locals get meet and greet with wind turbine blade - Energy Source & Distribution,https://news.google.com/rss/articles/CBMifkFVX3lxTE9wMmZNb3dBZVltcmVEMVctTlBGaXpZNmxaeUktenJNN25HcjhjZnJkVzBtR2hLT3ZfZXh6eDZscXFIcDFWUE1TT3dPd3gxd2VMcWJoZi1rRE5qUkNxRTM0MmRNNmpSYXdZQ29ueFB0eG4tZTJSRFFmRG9OMzQ0QQ?oc=5,"turbine, blade",Locals get meet and greet with wind turbine blade Energy Source & Distribution
2026-08-25 04:34,Suzlon Energy secures 250 MW wind order from Torrent Green Energy - Business Standard,https://news.google.com/rss/articles/CBMi4AFBVV95cUxORC13d2FpRWFEZU95V0VQS0R1Ull5Y0ZRcGhnUG9icWExM05CRFk0YUhIczVIUFNiVXJwZF9ERnZ2V1IxMW82cEtvTnhQVWhBcFZJbWdSTUgyT3A5OGNfY0lGLUo3VUItZFI3d2F2NXpBOEM2TXh5aWhiN3pUdGdNeTdXU0tDV2xITDZCYWlMWTRQRG5WdjVobVI0SDRibE1xUEFpMF9jTm5pTmxNVDROLU11OWxGU2NxN2ZlOHhKTy1zUEgtVGlLMHFWYTRBU1djQ3FOanVid1ljTTJ3Qmlha9IB5gFBVV95cUxQdFR3UV9HajYxSGJaTEtOSGl6Y3ZtbWtXOVlMbUt3dXNzR19GRVRtSm0xSWJTNUpsdzJpOXk2TXg3QU1NWWRFbDJ3c1FlOGhlYWp3YUg3VXZtTmRXTmxlWkdhcjJKN3VnQkM5TkNFYUs5c3lwbjhKN051emZqN2NnR3Zld1c4VEx5aWdyMUdrZDBRd0JWdVhEZmtTeml3YUVoQ1NRMDYzLUUzcnQxVXJkUHQtOHhKUXJFLVpXV0xtN3B1ZFl6Y2NMdEdUd3JQSlAxNlVTdnhwcVJ6ZE16WlNnb2NNNFNxZw?oc=5,"order, MW",Suzlon Energy secures 250 MW wind order from Torrent Green Energy Business Standard
2026-08-25 11:10,Goldwind Science & Technology: H1 2026 revenue and profit rose sharply on robust wind turbine sales and global expansion - TradingView,https://news.google.com/rss/articles/CBMipwJBVV95cUxOdUtVZUhyYWVMbUgyVG9JOXpzaElFMk9jaUg3TF95a3duc0EtZlBLYUtndEExMkg4NllxU1hHWm9LN0Z5MVZNYWVlQkxQYlFQQnFrOUV3REFGemtKTFVWMFUzeUNWc0E0RWlLbmpXRk44dGhNODRhc01jRFBzd3hwMWZJR3paM1p2NUJhV1JLY24wYno4X3NBRWNhMHNDNEwwb3gwNVAtVmpZZTNoMEFOemNxOVYybm9CYjRVNHZjYmtsdVJ5QU1aRzdiVVZERThuTHJRZFNoRGtYbVVISVEzT19FNm9UTDhyRWstdmUxQ1AwNHIxbldjdkZvQVNGYlNiVlNTc2c1am8tVkN6VmhNenNFSUtabUNJU2FWLUZKN09IMzVSQUww?oc=5,turbine,Goldwind Science & Technology: H1 2026 revenue and profit rose sharply on robust wind turbine sales and global expansion TradingView
2026-08-25 11:25,Mingyang unveils 5MW ultra-low wind speed turbine - Wind Power Monthly,https://news.google.com/rss/articles/CBMinwFBVV95cUxQczlxTnFkTGhGRjE5T19KV0t0MF9Dek9uRTIwaEFYaldIdzJ6alhkc3ZucXB5QmNIb1NrazZsTDVaSVZCVWd6b1RYczVBYnQtLWdyUEU2empKc2VWVkU0RHpJSlQzVk9DdWp1WGJMZEp1SXZmUVAzY3pKc09JOEQ3YWRFazFmcXFsVVhuUDRkWmx6WFhicDYzN0t6VkdDOGs?oc=5,turbine,Mingyang unveils 5MW ultra-low wind speed turbine Wind Power Monthly
2026-08-25 04:00,Chinese wind turbine manufacturers target Europe despite political obstacles - Financial Times,https://news.google.com/rss/articles/CBMihAFBVV95cUxPZWtVYUE3YWJoQ19pTThzem9ycDBwZXZadUlLcXdWbW45amRtVkNsNVNqYzVjd0FaT0ItUkVlUzdjcmdFc19SQk8xZ05yUmdRQk9iQ3lkSnEzdFhLbmRWamNHbTdrbWZDWUhaUTlEdmd3bWFkS0JZZHlraWIybnFHbU9GOHU?oc=5,turbine,Chinese wind turbine manufacturers target Europe despite political obstacles Financial Times
2026-08-24 15:51,Minister demands answers from UK Government over vetoed £1.5bn Highland factory - The National Scot,https://news.google.com/rss/articles/CBMiqgFBVV95cUxNUm1STkV4YzZOVW9ZdVRabk5paEllVHJnUnhaVldWVmRtR1FlOURFUnd2bzVVbkhTdWpFV2VFNDZhLXBVYm5lNm9lQ0dYSENIbkd6N0xCZGcyUlh3RFNJWXdDcUJhVEYtWHF4c1FWNzJkWUtjeTdIQ3NOTW5ISnZFWk92YlR0T2VIXzhjbGNvdjRvQUJlTGQ3SHYyNVpON2dobWVkYnFtT0NZdw?oc=5,factory,Minister demands answers from UK Government over vetoed £1.5bn Highland factory The National Scot
2026-08-25 10:11,Ming Yang pushes Europe expansion as political barriers limit UK offshore wind access - Traders Union,https://news.google.com/rss/articles/CBMioAFBVV95cUxNRWhSbndPQXdmME5RVkZ1elVXNHQyRS1VNFFQQWdXXzBjQ2hZZzhpX3g1RVJUU0VabGV6eDBVNVdLUkdJNHJuaXlGYzQ2VXdwY1FUTTZLaWlodE96WHpnMTM5S09mbktvcHJTa3dwb0V4bi1Ua1dtSmdfeDlHWXRQSWU1MW10X3JGUzJxbDhWN0hhOElrTFVveWUyNXI4V0NH?oc=5,offshore,Ming Yang pushes Europe expansion as political barriers limit UK offshore wind access Traders Union
2026-08-25 05:31,Fiberglass Chopped Strand Mat Market Growth Driven by Offshore Wind Demand Through 2035 - News and Statistics - IndexBox,https://news.google.com/rss/articles/CBMivAFBVV95cUxOaXg1UzRQMmQxcXFsdHJ4b3VsazJJMzZTNHZCWTNtZmc4WGdzSkpWcWJtSWxHS0VwdUxwSmM1RjhMYno0cTN1c01tOGxMbU10V19yY25YZWRDMFdIYXVDc25IQV9tVnhlSlhGTnJUa0lrNTNlTWJLLUhleWx3SXNRU1NGSWl2eHVKdWtBREtUWm1wbUx4Q2V3eEZLSEFHaEIybW84a0RVQTFtTGxkVVlZWWFpRGItZ0VZQmhUVQ?oc=5,offshore,Fiberglass Chopped Strand Mat Market Growth Driven by Offshore Wind Demand Through 2035 - News and Statistics IndexBox
2026-08-25 07:58,Enercon gets type cert for flagship turbine - reNEWS,https://news.google.com/rss/articles/CBMimAFBVV95cUxOQ0hNNzM2VXRoazRlXzdTS0EtYW84ek1WRXlKRWdWTE9ORW9FbXRmck1lN3lkVTNHZ2h2XzllU3otaHBacFQ5X2VIdTJXNFBiZ1UzSzJVaGl6cDBQdkgwaDVlY0hKc21TbjJHSUV2RjJtVGhmSndVR25qOWcySHNCOFdwNVM1UC1JQXJONWttNWNSdkF0SVgxSA?oc=5,turbine,Enercon gets type cert for flagship turbine reNEWS
2026-08-24 15:11,Canary Islands town to soon erect 3rd turbine at municipal wind farm - Renewables Now,https://news.google.com/rss/articles/CBMirAFBVV95cUxQcEpSZDhVbkNKc0syYjc1d3RxcWw5R1VBMGNtQU9QYXZMNWVaUHVWRVB3TDFMZXkxcDdSV1Z3TGZLSlFsaHE2SnJLVU0tWklIWFl4NlJxU004VGlSS1RhdjBXbjBJZ0JtNnVqY3VEWFQxMENhaktMd2ZpSksxemZaQUpVbG1vck9TZkVEeDd4STh1dVR2UEItaS1FbmxwbDA3SnhJQ0ZuelM5ejJL?oc=5,turbine,Canary Islands town to soon erect 3rd turbine at municipal wind farm Renewables Now
2026-08-25 06:21,Suzlon lands 250-MW Indian turbine deal from Torrent Group - Renewables Now,https://news.google.com/rss/articles/CBMinwFBVV95cUxPTkxzZndfS1ZSNUhkaW5PMTh2Y3dsdXZNcVNzblZWaUs5d253ejlKZGNLbFpaTWlScXNzVGhpbzluaHdBWFNvZFVNRndNTUh3QmxXLTNCYTF1U01RVUUyWTJPNll6XzlLR2c1Y1RMQ2VzRV80S0YwRVZTSm5FQnNmV0JvRlFsZkVHRHpORDhsZ0puRjZMVF9HbXE3a2tUTlU?oc=5,"MW, turbine",Suzlon lands 250-MW Indian turbine deal from Torrent Group Renewables Now
2026-08-25 07:17,"Suzlon, Torrent Take Wind Partnership Beyond 1.3 GW with New 250 MW Order - Saur Energy",https://news.google.com/rss/articles/CBMiwwFBVV95cUxNbk9kWFhvLXJvZmNDcWFBVGx6U2h1YzlYaWNWY3BldFpoTWhLUnpHNGU1Vk5nZ3dkdUNvUTNySGtyb0lSV29keU9WR3Rxajk3aFZaWGhreWkzZDNxb0tzZk1qWDUtOEEya1RrSVJ2aHdOeV9UNkp2SkoyT0pXRUxVT0tCWGJ4Y1Utek00dGZqRDZlQTlKU2ZwbTJWMGdFbEZsdWpPNXQzS2EwT3RVYXItTGQ2aDhGZmhHX0Jhcks0ZWxZck0?oc=5,"order, MW, GW, partnership","Suzlon, Torrent Take Wind Partnership Beyond 1.3 GW with New 250 MW Order Saur Energy"
2026-08-25 08:05,"Suzlon Adds 250 MW Torrent Order, Crosses 1.1 GW in FY27 Orders - Electronics For You BUSINESS",https://news.google.com/rss/articles/CBMisAFBVV95cUxNNl9wQ0tITjNXemlNLVE3d3VPazlBZzBrQ3dpYjhrd0g4SExfbmRhT2VUUUZINkFfY2hsNFE5VG1sVUhZQ0FBbGYyUnBFN1FfalZ2emdlMno3NkJ5Wnh5c1dJb0JkdlhuX0laMGU2YWtmV1NCay0xdU9nRDg5WUl1S1EyM1BlYVlPRUZBSFNfU3RicW5iVTB5R3c4WlFaUWFmOURjNktTeTJKSmZoU09ITg?oc=5,"order, orders, MW, GW","Suzlon Adds 250 MW Torrent Order, Crosses 1.1 GW in FY27 Orders Electronics For You BUSINESS"
2026-08-25 04:26,"Suzlon Secures 250 MW Wind Order from Torrent Group, Pushing FY27 Intake Past 1.1 GW - Energetica India Magazine",https://news.google.com/rss/articles/CBMivgFBVV95cUxPUWI0eVBJMjN0MkxGTG50Ri1OWWhxWmZ3dFJSZ1prTG5keS1Db0EyaElOZ0ZTS2JiR2x6Z0M4V05IMkhSbGNEOHNfVWZ5OUhJT0hKNWdQdlN4ei1uWWhJdklhRWZPWGZ6UVp3dkhiYkFVMEk3OWZoa2thMHZBVXh2LUUyRWtRa1pNVTFCVWpQUGpkOUdlTFYxTTVCXzNUanFldGJKT3ludkRKU3kwVzBtZ1dxWUh2ekRlUmN4eXpB?oc=5,"order, MW, GW","Suzlon Secures 250 MW Wind Order from Torrent Group, Pushing FY27 Intake Past 1.1 GW Energetica India Magazine"
2026-08-25 05:18,Suzlon Energy bags 250 MW order from Torrent Green Energy - ET EnergyWorld,https://news.google.com/rss/articles/CBMixAFBVV95cUxQUEhmUzBuZE5vOFEySzByaFZYUkxFZTM5aDItSm5yNGFiSDZURmVQNk5JRnJqUzFQWC10ZkVRZEsxSHJORFR2MDFuU2RHcll0V0d2U2FDa3ljY1hBclpLVjI3VlR6RzZkUlhkRFdJLXdQVzF5OGxwNjV5OERhMVlTajZoUnpSVlNwWnVuSGVobXptZ2ZvbnBqLW9oc09VS3RBeDdnV3JhWFRyalhqb0dtVzhuY3dhSDlEV21jZW9nekJWbEJP0gHKAUFVX3lxTFBzX3lTMndGS1k0OVgyakh1bllGQWJ2NmVHSVZ5dzNMeVFhaEJrT3d6VGlneURUMUlQSGgwU0M5d0tyUV9RVGxaM0RsbFZPSW43b0lOM1BHQWdkXzNNMmV1dUl4d3dhelM4aHZPbnJPRTJkYW1pcC00dkZtR2lfZGRVQjJxUER5aDEyMmVYRW1ES1VzZmo3TUdXaG5pQnFlZW9CamlPTmJpcHV6TDZxdHJVVExfdGpRN3BFbGV3dzdEU0JKNG1vZl84aFE?oc=5,"order, MW",Suzlon Energy bags 250 MW order from Torrent Green Energy ET EnergyWorld
2026-08-25 04:28,Suzlon Energy Secures 250 MW Wind Order From Torrent Green Energy - Sahi,https://news.google.com/rss/articles/CBMipwFBVV95cUxOXy1ibEVacTcwdTFMeGI3SWxHQXNZX1NLRzBjMkkwalN1emdyLWNlVDRBUE85QmZfMUJzcnNLM3lHMTE2YzQ1cXdiZXlwV21wWVhBekw5a25tZHJ4cTJ1dC1sUGYzSzhycTJjdXF1b1Z3VzhpbEl0TXJpX2dMRjZxMTI3UkVrbTd3YTl0dEstMng4cW5ObUpmVmQ2bzNsQ1gxaXR5dVU1dw?oc=5,"order, MW",Suzlon Energy Secures 250 MW Wind Order From Torrent Green Energy Sahi
2026-08-25 08:58,Suzlon targets 5 GW renewable energy capacity in Andhra Pradesh by 2030 - BioEnergy Times,https://news.google.com/rss/articles/CBMioAFBVV95cUxQS0Rna0hRTVRXTWJaY0RyUUJrQXIxZ1luLWpJMC00UE9kNW12a2lqR1BoYWZ4ZmM3ek9rVjVNVXhYLVFkOTkxaXRuZjhhSlR3ek4xSDVFNURXQzBCNkFTXzlibjR2NWdmSEhiRDlQbGd3MmRjNHhVaWQ5WmVKdVZPeDR2TEZjbG5BWWFaaVlLSThJRFdaNDhGa2lBdmphX2Fq?oc=5,GW,Suzlon targets 5 GW renewable energy capacity in Andhra Pradesh by 2030 BioEnergy Times
2026-08-25 06:02,Suzlon bags 250 MW wind energy order from Torrent Green Energy - BusinessLine,https://news.google.com/rss/articles/CBMiyAFBVV95cUxPQnpSSGc3MFc4TWpMYzV6N3NuclEtWkZwMG44OXQ1SVJ0SEU3WDFiMlhFamtJMk1rbWNiUHhTenlNWWI3UkEwYmxOdnRjNS16UW9XMEdjaFpjeHRhQXk2d3ZlZVoxSndsZkVrRzd1NG9pVV95NWpoMkJoV1FlMnpCbE1hdllxS2VVNXd5aVhuWmx1Q2d0c2lJQURqZDg2enNweXJONC1weEE2MC1heFRHUGpHUmNkSTZ0clV0aEZuXzBlQjlWd2JJZNIBzwFBVV95cUxPdFltbXZOQUhtNFZCWjZqNW5UZFkybGlUUTRfZW5mM2lhbk5LcU02dm1VUG1OVnh5YUtGdWJGV043U0VYNEJaM3hLNGlrejZGNktGUzlZeWg5alprWm5zNzRJZTNvRmxUbWVwTk53ZzdkQWpSTmRocDZUY19oMXBUa2oteHpMSkNJQ1hzNTNNeVpramt0aTBaekxqNXZ3bHNoSEZyUUZCajlacklqdFU5STZjRWpNcTdLTmFwQ240WmZaUFY1b3NHdzBDQ1d1X2s?oc=5,"order, MW",Suzlon bags 250 MW wind energy order from Torrent Green Energy BusinessLine
2026-08-25 04:59,"Suzlon to Invest ₹10,000 Crore in Andhra Pradesh for 1,325 MW Wind Projects - Saur Energy",https://news.google.com/rss/articles/CBMixAFBVV95cUxQSG5ETzJiNkZpXzBNVXY4UFRtdjRldWJpUzdWZThoamxlWENxMVlxWmlFZ0RNNjdiLXdTY0g3bks2NXZhbGdHVUp3a2p6LTNTeF9rOVVLRVZ4d2dKcG16SV95czM2NlZBeFJiTEk5bVZRTmRSNlhuQ3dQYkJQTkpsZi1wdFAyd3pyOWVpaDlCRjgtN3dHRi13LWV5ZHZTWjRDa29xZzFBM1VjWTZic1ZMYVI4NHZPOXFoWHRnNnNXVi1kM1FE?oc=5,MW,"Suzlon to Invest ₹10,000 Crore in Andhra Pradesh for 1,325 MW Wind Projects Saur Energy"
2026-08-25 06:13,"Suzlon targets 5 GW renewable capacity in Andhra Pradesh by 2030; Set to generate 4,000 jobs - ETHRWorld.com",https://news.google.com/rss/articles/CBMilAJBVV95cUxQdUZfVTRSdm9aSzllRG0xNFIyaFJ0NXhSSGtYbDF2MVZyeE5MckM4OXVISl83bV84R19WQlhaajhSRFpNMEZidjc0Znd4TU5nNGRGSHBKQ0VsOEtQM19FOU5PQkoxTXVCV25xWVRvNGF4WTUzLUFyM3FlY2puZnFqUDc3WFV2U093REtXZ0JIWW1ob3U0WE5keVpJeVJ5RlhrYncxRGRLNHRiRXpGWU9KT0dLNlRQd0l6Ynd4cGVwZC1ScXB3YkhBZ0FrWklkQVVPZUk5MFRCNl90ZWExelQzaVRXTnUxLVladDZCQUxySW5HY1ZGZlhRMmY1RWpzNC1WeFJDcjRvOU9WVWtnZXJxWXZpb27SAZoCQVVfeXFMUGRDa0RfamFPTDJXRERfTkRkMW9lbWRUY1pNbDVNMlN2bHRwMG5VT1hnbXpNejg2OU1SVFNUMHZCWUhmZmJPZ0JlVThtRnZKYXNURkhITTg0MXA2cFVGNy1fbkowM3Z3N1ZNVWE5ZlBJSzd4TnBpMlRfQXJMWnl1bElpSGNVZHhZaUpjOFRQNmxWWFhBaWZhXzVXS3hINTh0cE93THN5UnZ1a2dwX05nQXEtVV9La3czM0tvRExJUkRqX2xjaHRqaWp2RVo5dFdpVXhZMXlCM3g4Ylc4TEpoamdBakpUMXhUeGoweWlBb3A1OGFCb3BLU1R2c3VDbWg0dllvZFBYWGdoTDJZTlNTa0xUWV9nb1BJcktB?oc=5,GW,"Suzlon targets 5 GW renewable capacity in Andhra Pradesh by 2030; Set to generate 4,000 jobs ETHRWorld.com"
2026-08-25 04:53,Suzlon share price: Stock in the red despite fresh order win; key details - Business Today,https://news.google.com/rss/articles/CBMi2wFBVV95cUxQMHotaG9hLS1rWWQ3WHZDZl94Y3lmeWs2ZlRkejVEYUhURVJCTXJhUmhHSkZFV3RrOHpWbkZBYkNGQ1FPVGNoWXdZVDlhdGVCUGxLUEdyNkp1eUdpWHk2TmpqdG9qWS1ZTDdxdzlIdF9WWHR6WXBwSTBWOEJUd3ZGYnRPYnFpRHVTU0IxQU5MczVXNG9zT296aUV4dEYyNzlWYXRJZ1paaFZDS2pBOTZORnpQSkgyeXhpbWFwX19iTklfV05Iano3SllnT0s2SmE5RlYwZnhOcEZQYWPSAdsBQVVfeXFMUDB6LWhvYS0ta1lkN1h2Q2ZfeGN5ZnlrNmZUZHo1RGFIVEVSQk1yYVJoR0pGRVd0azh6Vm5GQWJDRkNRT1RjaFl3WVQ5YXRlQlBsS1BHcjZKdXlHaVh5Nk5qanRvalktWUw3cXc5SHRfVlh0ellwcEkwVjhCVHd2RmJ0T2JxaUR1U1NCMUFOTHM1VzRvc09vemlFeHRGMjc5VmF0SWdaWmhWQ0tqQTk2TkZ6UEpIMnl4aW1hcF9fYk5JX1dOSGp6N0pZZ09LNkphOUZWMGZ4TnBGUGFj?oc=5,order,Suzlon share price: Stock in the red despite fresh order win; key details Business Today
2026-08-24 19:03,"Suzlon plans 1,325 MW wind projects in Andhra Pradesh - The Economic Times",https://news.google.com/rss/articles/CBMixAFBVV95cUxQd2I1dnFtZU5yWTRNdDdNaHRMX0NMdUVlaTZ6NU9Wb0x0MEluOE5ZY3diZnRTbDFpTGp5TktfWmdPeE5MbXJYMlNEZWhDeDRDNXRhZEVhbVgtekc1cWozSTE4UUtsa2pLa2tmRmw2Y0ZheUJCZTYyM3ZmdnNRd1BHc0x6SEFRUE9MVy0ySVVuUlVIMUpsVVU2aUVTbGI2cjVKS0k1THdHNnByTFZkdTFVZGgxeDZxWkM4bzlpSmJVaGxOOE5f0gHKAUFVX3lxTE1SNmc5WGR4U016WHJBdXhNOFdHdUp2bEoyZVJacFRQeXlKVWtDbjk0QUNnWDJYQ3lORnNhcE1OQjRzczZ2bXFVd3dONjdoaFJtc0dhbll4aDVYOXBhdGZyX0plUjBwSjM0T2NZQ3V2N2VtZEl3dndMT09oUWYxS0NDUHVkMllnTVVKcFJ2WG9WWFF0b3dyTkJEMy01LVlGMjloVXlybWpGRnR0SG84eDNwZkJQQnJlYzA1SXRtSmFqNmlCMHZJbmlMZ3c?oc=5,MW,"Suzlon plans 1,325 MW wind projects in Andhra Pradesh The Economic Times"
2026-08-25 12:22,"Suzlon’s 1,325 MW wind projects begin in Anantapur - NewsMeter",https://news.google.com/rss/articles/CBMijgFBVV95cUxPaEdQc0FuMDBXZmNpSF93REdqYlY3Q1NUeU5OZkUwMnVueDBVb0trVkthQ3ZNalBETnZKdGlFTXdoZ3FHQ0xyVDVVUmQ3YmF0Z0U3eXJzQVhnYnU3QWRoMHRoOFBIbnhTWExWUzZxOVhjQlhabzJRUGd5U1ZLbjJxRE95TWNpNGEtOFZrTkNB?oc=5,MW,"Suzlon’s 1,325 MW wind projects begin in Anantapur NewsMeter"
2026-08-25 04:23,Suzlon Energy wins Rs 250.0 lakh order from Torrent Green Energy for 250 MW wind project - scanx.trade,https://news.google.com/rss/articles/CBMiwAFBVV95cUxORUk0YlhxZ2ZmREZ1b19keXJ1WER1SEo0ZGVVSTlQcjRTU2tiOTVGY2g5V19kcHlZc3RRalhtLUxTMUNQMTJXMkdvWmRkTEZVT0NHNWZYcG1HZDJ4WEJEM1h4NmE5d25jd0txSUd2UXBLOWVnSlJuYndPRDgwZXNHdHhmWnZ0UXBOU04zSmo5dFRMUVZXd3FxTW1xNDJoTkx3MGFWXzNabENwNFBjMXlnQkJvQUpWTFU1NFVPTXlmTkM?oc=5,"order, MW",Suzlon Energy wins Rs 250.0 lakh order from Torrent Green Energy for 250 MW wind project scanx.trade
2026-08-24 19:05,"Suzlon to invest ₹10,000 crore in Andhra Pradesh for 1,325 MW wind power projects in Anantapur district - The Times of India",https://news.google.com/rss/articles/CBMiigJBVV95cUxOMHhfMWF6d1F5STEtYy1KTDNQX29ySUFJTnZVcjVLZGRUU0JRbUxkNFBlYTlhMmFTVTRfWEQzektXZzdtRkhldmNzRUVqdE1ZZWYySk0xYUx1UWVrOFMwZm9temt5NlpRZHRGUUxKU1B6bnRwazJJTmUyX0ZfallmdnVuTnUwVlNVbUlxZkh0azBQMWV5Mk9KbG1wQndqRnJmbndOdHpkY1dZZGloX1VzdnhMN3REMUI5dGw1VlZGbjZMRWZtUy1pS0R5NUdDUjk4R3IwQmdMSUQta2tSNUx6TlUta0tZdlI5QklBVmxKOF9NN1pMdTRDcDR5S3lXdm5OM2E4bHo4SXQtUdIBjwJBVV95cUxOLV9sdElHdTZTTTVYd2NkdFNmZEIzRzdZejRkdXhrNmJTOXBxSWF3bWhrM0pqNnIxbTdVTmROSWJEMS1EblJBRWdvTnZHWWJyX1J1dzNlZE9TLThQbEZTYVVsVmV6TnVFaENEUFU0X1NicThDY0xXcVpKUW12ckl2MHQ1TjVGT0FzUmkxY05objBVT1E0VGRCRldzN25IOTFiVkVGZnNVVF90OHZ3emZYenlDbUFMb1Y1c3pXS2dGVXZZNlNSMFVfcTRTN0xvUVNkUmZBOXJiRUNkMlNwTzd3WERkNmprMm5mVDI4bVBSQ0dMcUtVdmFHN3I2dVlhOWNaaE1WeG1NSE1iVFQ4dGZF?oc=5,MW,"Suzlon to invest ₹10,000 crore in Andhra Pradesh for 1,325 MW wind power projects in Anantapur district The Times of India"
2026-08-25 05:10,Stock Below Rs 50: This Multibagger Renewable Energy Stock Secures 250 MW Wind Order From Torrent Green Energy; Partnership Crosses 1.3 GW - Dalal Street Investment Journal,https://news.google.com/rss/articles/CBMikgJBVV95cUxNVWVTM2tKSVFfakVxdTY5TVJwU0J2QmY0N0ZSaXpoNE5rZjRmWjBLQjNBd3JQS3poSmFCLVlBOXNmdGtUQU03emVLSlpvODdIMmU4alp4bFo3cTlXN1k5TkI3Nk96OC1hZjhkWm5RdW5nYlZtUzVyRlp0VnZVdGZMV29aVXlsMzF4czd3VEN5NDJyWm1fUDZBUWRtY0c4aXBEaktwV0Jqcm93SkpyOUtDbWtxbzdWcWdnT1RNeTBTWTVkd3Z4MENHQXUzM0JUbVdMVDJQUFVpTXpRaDJUR2dQYkxOTEtJMFRsQWZvWUZzVG10ajVpZGN2S0VJYlhGRkNERC16WS0tRTluYXlXbHhhVDNB?oc=5,"order, MW, GW, partnership",Stock Below Rs 50: This Multibagger Renewable Energy Stock Secures 250 MW Wind Order From Torrent Green Energy; Partnership Crosses 1.3 GW Dalal Street Investment Journal
2026-08-25 00:30,"Suzlon Plans Rs 10,000 Crore Andhra Pradesh Expansion, Targets 5 GW Capacity By 2030 - BW Businessworld",https://news.google.com/rss/articles/CBMixAFBVV95cUxQNk56eGtHdWVFd1lYdWpMeEhNUk1JdFUweTBCdm1IUTJ2VzFxb2FVNzVQbXl2ZVhIM3o3ZUlnU0FVb2poSTFybVN4Q0ZUNlcxamgyVjFWYk4wVjkxaWNHSzFqOVRiRlNOQlZmT1JrWmoyekxOX0t4ZkoxckQtQ3lYYnE3RE1ROFZ5TnNRckJwUTJTY3lKRnFCVkQ1T2lITVRXREhTR0VjaV9ZNVphX0g5dUlqczlXa2otVmZ2NU5mRDhvM2RR?oc=5,GW,"Suzlon Plans Rs 10,000 Crore Andhra Pradesh Expansion, Targets 5 GW Capacity By 2030 BW Businessworld"
2026-08-25 05:08,"Suzlon Share Price Falls Despite Torrent Partnership, Rs 10,000 Cr Andhra Pradesh Plan - NDTV Profit",https://news.google.com/rss/articles/CBMiyAFBVV95cUxOVVZZTXRjUzh3UHJ6MThXWTdLU0o5LWFUWVREM25fbWlLa2hfZ0tVd3BSZGZBS2RCdU16QXZWVWNUdS1tNktlOVoxTGEyN0E3RFN6blNjMmRPaTVXY1JPZnNybmMyVEp6WXVMZG9OTG13UEFuNjd1Zmp3NjU2d0Ewcnd2SVM2UlFFQnV5bi16UDhVcldXenVObE1pMldsZHo4UTN3NXpmeGdsekRla1JSTXMxQ1RKMi1CUmZpNWZvVGpiRUNTUURkTtIB0AFBVV95cUxQcnI0NVNHQnpPdF9UTUtuNmFMRjItNDRodDBETU0zNGlYMHZMWTFlRGxRaENjWFBvX3JOSE9SZ1l0alhGWTQ1LTZ5ZVdhWGxpXzFydkVzeFJOb1NGQkpXX0RuMEgtV25jNXlRUmRwMVFoNEJCeHBEZDhWRW1JYkkxMUx6WkVRWFNxbjgyZm9JakpIUmYydUxkbS1UOEZTYk8xNlB5ZnZSN3g1dERjazg0OHBrMGIwcHFNcnA5X1BfblU3cVZKNzNnMk5sNVRlcHFZ?oc=5,partnership,"Suzlon Share Price Falls Despite Torrent Partnership, Rs 10,000 Cr Andhra Pradesh Plan NDTV Profit"
2026-08-25 04:59,Suzlon–Torrent Wind Partnership Climbs to 1.3 GW With New 250 MW Order - TipRanks,https://news.google.com/rss/articles/CBMivwFBVV95cUxPSDZJWUFvYzQybDlFTk1naUpvTzhmNUhGLU9OWlp0YUEtUDBJeXRYLUgtM0ZDQXFScGh0UlhnVGluaWJDSkJoYzRiYmo2M01GOElrRUdoWDVxQ0VDYmxMMmZUZWM1MkNWODJkSi1Xa19uMHhrbUtYdWxNSWVyQU80bE55ZTZfZEtNVGpucHM0aDN4eVJWVDByR2lUQ1JrcG9NY3JjUFhJem10U1hwVDVKbFFqZlFLMC1UMEttWmhMMA?oc=5,"order, MW, GW, partnership",Suzlon–Torrent Wind Partnership Climbs to 1.3 GW With New 250 MW Order TipRanks
2026-08-25 09:45,Suzlon Energy Bags 250 MW Wind Order From Torrent Green Energy - Trade Brains,https://news.google.com/rss/articles/CBMijwFBVV95cUxObjFPNUpNekJFMjREWlVwRC1PeE11UkZXUFRJZHFLazBidERtZDMwSDVpek5OaDlTNGNVcWc3ekJpcDdRREFZNzM0LWFxdzQzUndfM25wNUFPbUJBS2pkNUtSeEY0a2VQRGN5ZkRJdk1hUHlaVFozeGdfc0NyelFqdU9DVFp0TFptdEUwM01WTQ?oc=5,"order, MW",Suzlon Energy Bags 250 MW Wind Order From Torrent Green Energy Trade Brains
2026-08-25 06:32,"Suzlon Secures 250 MW Torrent Order, Partnership Crosses 1.3 GW - Free Press Journal",https://news.google.com/rss/articles/CBMipAFBVV95cUxOeHl1TEZuaUNxRnJEU2VTeW9OZVU1LV9ZOWVqMnA3X2tXYXlHTGVhcFZXVTlOTlRtdS1YV0VrQUZnV2FmYlZRdUVKN1pyR3Zhc0VaN3czLUN6TlZzWkFONUVya3ZXS0xwUjhVbXBMTG9CVHA3RmhwaUF0aXVTR0xQdmRPLUdMUFZFRG1FaF9RcHk2QzRTUjQ3bDFmV3RWT09wMldVbw?oc=5,"order, MW, GW, partnership","Suzlon Secures 250 MW Torrent Order, Partnership Crosses 1.3 GW Free Press Journal"
2026-08-25 06:02,Suzlon Bags Another 250 MW Order from Torrent — Partnership Now Crosses 1.3 GW - PSU Connect,https://news.google.com/rss/articles/CBMikwFBVV95cUxQZjY0bE5DNWNlRFhaNjF0cHlYeEdwSV9XSmM3WFVuWTlsbHJrRWZwekctcXE0RG1OS24wRWxLRVEwUk5jTkJHSnA1RkZyLXJHcXpJMW9UcTNrZ2luWFpHcU1vNmRWbVZHemRGWUtGR3lzel9LQl9VeDI4SmR5VTNqLXlXYVA2QnB3dk84bzlkbUJ2a0k?oc=5,"order, MW, GW, partnership",Suzlon Bags Another 250 MW Order from Torrent — Partnership Now Crosses 1.3 GW PSU Connect
2026-08-25 06:25,Suzlon Wins 250 MW Torrent Green Order; Total FY27 Inflow Hits 1.1 GW - Whalesbook,https://news.google.com/rss/articles/CBMi1gFBVV95cUxOS1NraEk1cWFyMV9QSm9NU1ViWXZJa192Q09ad05LSFUxbjVPVkRsLUEtbklIZWRCQ3h2RDNITVoydUZwSE43TXE3VklIZTVYZXhienItMng5MElhMmItdzRZYmRuTjU4OERDWTAxelpycVZFQmk4UjNWaUZvajgyZWNWcWZlaWQ0ZlgyNkJFZWsxbm5mYXpYQmx1RWlZNk1sMHpNVm13NDhFMEJ2bUhQcmhQajJyNVdPenJaR2dieGY4OG53SmVEUUlXMEpzVXdQbVk2b3ZB?oc=5,"order, MW, GW",Suzlon Wins 250 MW Torrent Green Order; Total FY27 Inflow Hits 1.1 GW Whalesbook
2026-08-25 05:22,Suzlon Energy: Secures 250 MW Wind Order from Torrent Green Energy - InvestyWise,https://news.google.com/rss/articles/CBMirwFBVV95cUxPNThXZ2pWdXdEbW1ZUEt6bEtjYmthdUtCdUlsS21iTDdxendGOGFzd1F0WHRKUlA2dnQtWnFxemgtNm80bVhSRDVTSGd2emVLcFdOWXBmYm5MbHNfYkdNQXRCb2hMS211TVBPWGxrVm1xR1BnVEdzeFZSMHRjOGh3ZnNvakJvWm1sNXRkU3FPQ0dJbEhVdFFrR3dmMXk5ck0yUVc3SzJ5TzhoNndUZXBZ?oc=5,"order, MW",Suzlon Energy: Secures 250 MW Wind Order from Torrent Green Energy InvestyWise
2026-08-25 04:22,"Suzlon Energy secures ₹250 MW wind order, expanding partnership with Torrent to over 1.3 GW - Business Upturn",https://news.google.com/rss/articles/CBMixwFBVV95cUxNQUFJcjRBbE1XVURjemY3Wk10VnA5ZVdQblRrbkFfR3dfeFBZM2dad3lrb19TRjV4bUVCTXdNUHc5c3F6VzdPY3V1TmJqdWpkbmdwX2lwMkxhdjNzUHNlYzNGYnk5cDRhQTUxbzlhOGpTbmxCWG1KazM5MDU5TV9rLVBlX1Z6MXRoWDlzSlREaElDY2NQcUdJbEFJRkJpNWNDRkZiSmhIMnA1RU1VSllJNkhBR0ppUzNHM2dpRFUzWVM2em5ubGNz?oc=5,"order, MW, GW, partnership","Suzlon Energy secures ₹250 MW wind order, expanding partnership with Torrent to over 1.3 GW Business Upturn"
2026-08-25 08:31,"Offshore wind power projects are flailing, just when the East Coast needs them most - grist.org",https://news.google.com/rss/articles/CBMif0FVX3lxTE9qa2RvaDdQd09hSlF3ZnhFS3FMVldMQ1JYQm1TcU52NTNsVWMtTkNBR21WbE53Y3pSWEZjdDhndGwySEhYbUE2Qk5KUHp2TFc0Tmd5Yl9zWTVjczlYY05xYzVPTmlEWUM4NTM0WjFpeE1teTZIUzlsTXdRdW0tS1E?oc=5,offshore,"Offshore wind power projects are flailing, just when the East Coast needs them most grist.org"
2026-08-25 05:46,Ørsted Shuts Down Turbine After Fire at Greater Changhua 4 - energynews.pro,https://news.google.com/rss/articles/CBMiiwFBVV95cUxNMHNPelUwTU03eTVJcGQ5MUJQanBjS2V4V2Z5cWFHLVluQzU4MTFPRE1qanptcTZwWVlnRmJ2UHEwNXJfeHZZVndJaDA2Z2pBU0k2R0t4UEVDOTR5LUlhbFdiN01XQ1ZkS0pORGlPSE5nV1hwaENNSmtMTEQtSHBFQmV1d2ZHRno3UFYw?oc=5,turbine,Ørsted Shuts Down Turbine After Fire at Greater Changhua 4 energynews.pro
2026-08-24 14:37,Fire affects turbine at Ørsted's Greater Changhua 4 off Taiwan - Renewables Now,https://news.google.com/rss/articles/CBMiogFBVV95cUxQcmhsSC14Z2RGdG5aRHA4Wm5RQmRaNXJOOGZjYnQyVGRlZzJRQ3JJYm5NZDhCaS1HRTBYT0h2emEySlhyYzVmWXQ5WkNQRk9FYnM5VnZ4Tjl2anZuc2lSRnp0a0h3MXdwZWE5cmY4WmFuTnhXdG54OXdCQjhYQ19hZEthQ1haYlM5d1hHQlhwcVNTT25fRThtMTFGQlZ4dEt1dXc?oc=5,turbine,Fire affects turbine at Ørsted's Greater Changhua 4 off Taiwan Renewables Now
2026-08-25 04:56,RWE stock steady as new renewable storage partnership supports long-term growth - Ad-hoc-news.de,https://news.google.com/rss/articles/CBMi0AFBVV95cUxNanZfY3ZTbUxzWHZLZzlzaWV1Q1hwOGJvampwdmV2VEx0SWtNbTVaR0hYZl9IMlJ1Wjd5VGRSVUQxSF9jak9uT2w0dm56SUJQcHBrVXVyWmkwampIbDNPcDRlbHhWSDFwMWd1Q1Q2Nzg0WlpqM29XZ092NUhmUTlaWUs5Y1Y2Umx4XzltcUFQeGZmNHZRTnA0azhOMEFSQ2FGa3RJczgyWkpMX3dXUDItV3JGYTVob0VMaUg2bV9faXNYU0txd0xfSDdBQUdnMFk4?oc=5,partnership,RWE stock steady as new renewable storage partnership supports long-term growth Ad-hoc-news.de
2026-08-25 12:38,“Giant leap:” Australia’s first ever offshore wind auction goes live as state seeks first... - Renew Economy,https://news.google.com/rss/articles/CBMi0AFBVV95cUxNTWxiV1Z5ZkZFaXF2aUFxblF4eU5sUHBRbkZYWl8xdkZsbzFXMFdZTjhJc0V6Y0F3eVRFWTBjdGFJdEc1Y3o1aC1CazEwMnNRTlgtZ2NRUlQ3a1ltc2F6bjV1cWtBZk00TnVOUjFXMy1kV2N6V25VWGN5bGgwdDk4eGJGcGRiNWU0aFlsOWZRQXhQVlVYQVRKM2ZKTk1SQUdqTWd6S3UtR1ktWk84N3prQklzNFp0aGZrMmljT1J2cEpiaElsYm1GSzByOEJ4SEk20gHQAUFVX3lxTE1NbGJXVnlmRkVpcXZpQXFuUXh5TmxQcFFuRlhaXzF2RmxvMVcwV1lOOElzRXpjQXd5VEVZMGN0YUl0RzVjejVoLUJrMTAyc1FOWC1nY1FSVDdrWW1zYXpuNXVxa0FmTTROdU5SMVczLWRXY3pXblVYY3lsaDB0OTh4YkZwZGI1ZTRoWWw5ZlFBeFBWVVhBVEozZkpOTVJBR2pNZ3pLdS1HWS1aTzg3emtCSXM0WnRoZmsyaWNPUnZwSmJoSWxibUZLMHI4QnhISTY?oc=5,offshore,“Giant leap:” Australia’s first ever offshore wind auction goes live as state seeks first... Renew Economy
2026-08-25 09:20,Iberdrola seeks permits to repower 30.4-MW wind farm in Spain - Renewables Now,https://news.google.com/rss/articles/CBMiowFBVV95cUxOTW11TU5hSHc0b1BSbGF4YXBMUk5IVHhWSFJ1RUlGTnZVbE9YdlM4M1JLU25QSGliODNNN29IdE1vc1A5enphT1FXUDhYYVNRekNpSjlnbUtPTzd5UXJGbVZfcG1DVE01MVd6bWl4N3JZa0U3SnpvM2lZOVlPZzkxcmdXbjJnaVctV1YwaEZZZTlDSElwczNUWTdXVk1vcWlEVGxz?oc=5,MW,Iberdrola seeks permits to repower 30.4-MW wind farm in Spain Renewables Now
2026-08-25 05:22,"Weekly Wind Energy Updates: IWTMA Targets 10 GW, Iberdrola–RES Partner on 15 Wind Farms, Scatec Finances 77 MW Wind, NTPC REL Tenders 600 MW and More... - WindInsider",https://news.google.com/rss/articles/CBMijgJBVV95cUxOUmZ3eWxCd2lMZkhJVzJuNWloVTNjZ2hxSk5FeFlUNlM5MGI5MTd0dldWaWU5TWhTakNxZGxDYlV5TG1zX3ZTUHVZRE5EcGJyTjlGTVJoNDRZTXFCZHBZQzZRbnhqZWNGc0pybk1rVFUyQWl4YmUxSEJqeXpTOWNGTzNXdVRUOXRTRlJUd0JoVkhfNkNGWUZYWjl0T2pTVlNiM0JtX1lIZGd6d0o4aDZEM25IUFdjU3NIX0pqd2lMUjA2cFNoS2hJZDE3TUt5Zzc4UUswUktfYkNHSUdfMjgtcVdaTFNJdTJjTk1STDhtbkhZTzc1SUJhb1FQcWQyT1h2UTl3cW1ucVRIMHYxeEHSAZMCQVVfeXFMUFFuUTJwWVdhRFUySEUzcUY5NU16aFV6dTZIQW9ZWEEwS3hPT1BRaTNnb3FMWldFckQwNHZGbGxMNXdvNUtuejNYTWFHUVNQNjIxaEFkMERhMHpMWHcweGEwMno0alRwcFd3Yk03dHJnVWZjb1JWNURwTFphU3kwaEloSVE0RjRyWHdoU3A1RmdqckpzeGpDTWFzQ0pVb2M0RXNkelRLWFRuam1HQzVDcHMxUGE1Qm8tTDFNOUlwZ1EyRi1GZGhQWEJmbUZFc3Z5TkgzWnZ0TTBKb0JyMGh1aDVuMnJ3d3JwaUhTTGVkTG9FMDZpX3I5SnJqVUd1Uk9FanNDb3dwY1FXcjI3enI0b1ZBSjQ?oc=5,"MW, GW","Weekly Wind Energy Updates: IWTMA Targets 10 GW, Iberdrola–RES Partner on 15 Wind Farms, Scatec Finances 77 MW Wind, NTPC REL Tenders 600 MW and More... WindInsider"
2026-08-24 19:33,"Manipulation, hype and floating offshore windmills - Cal Coast News",https://news.google.com/rss/articles/CBMiiwFBVV95cUxNVDdPRDNSS0NITlVRWTF1dDdBdXVtcUZxTWs2U3RGTFV2bE5ubWxBal9JT3k1aFRxREl2MXgxSWJxdkZKUGxCYUhIeFEtVXNkb054UmZoYmJVT3dQaVFDbHFsamNOS0ZlelVqb09RU0FFc1E3dzdCVmpTRG02ZmFxaEdyeUhGWWl6UENV?oc=5,"offshore, floating","Manipulation, hype and floating offshore windmills Cal Coast News"
2026-08-25 02:24,Equinor and ORLEN strengthen energy partnership with crude oil agreement - Cyprus Shipping News,https://news.google.com/rss/articles/CBMitgFBVV95cUxNUllYRmZaZDExTUZoOWZUbXFsZXFqbHB3c2JJY2NrYUpvOFB4N01fZkUtNDd6emFUSzRfLUtiODIxU2xTNUZ4TF9PX1JtY0ZublpwZXhJTU5xMVVYdWQ0bnFoamRKNkE1b3E0eUtyUUlLa2l6THh1R3JtaTc2ZHlMVU1yTWdWVHdYRUFCN3NZTVl3S1N1cW40NmFDeFp2VDd0emszNlhxa2RxRm1WOHZZbFRpZUtSQQ?oc=5,partnership,Equinor and ORLEN strengthen energy partnership with crude oil agreement Cyprus Shipping News
2026-08-24 14:50,Robot reveals 121 forms of life under floating wind turbines off Scotland - The Herald,https://news.google.com/rss/articles/CBMiqgFBVV95cUxNd3BvYlVydS1ReFdicm9YeWhBcjhod3Q3Qmw5RHhEOWdTUGlJX0FqR2NYeFVlWTVveWlkRWxKVzlsWGJwT1lLc1l3dzFnNjhMNFdFVWo1ZTJiTThFXzVXamEwWFZhUGItc2FERXZlQ1hoOXp3czM4SnhzM3A5SlhwcEtfa25PM1RRUGF5VVZ3b2hpemZDRXA2WUtCcE9TamkxRU0taE5KTDJZZw?oc=5,floating,Robot reveals 121 forms of life under floating wind turbines off Scotland The Herald
2026-08-26 13:00,Ukraine's Kernel expects long-term partnership with Vestas - EnergyWatch,https://news.google.com/rss/articles/CBMia0FVX3lxTE44ZWxIZjhCWXdReWdPeGN4YURpdFlDT3l1RzlEd2hPNlBQM1dtSExraEtyeVFIN25vWVlNVXRsd2xhc1hTRzU4OFR4eHpWWTR1dFp5NHl3dnl4Qm5nVTJKSnR6TjRvZ2tucGFR?oc=5,partnership,Ukraine's Kernel expects long-term partnership with Vestas EnergyWatch
2026-08-26 06:34,JUWI taps Vestas for 86 MW of turbines for German wind projects - Renewables Now,https://news.google.com/rss/articles/CBMipgFBVV95cUxNOFNJV1h5TVZKaC1xRjE5c09fbnE0NXMxU3RBUF9DeEVxakF3LTRlS2ZPSlRTcHpoQ1dKUlY0RTktd2VuTC1DRmszamNfTkhSbkl2aU14TTkwWDNfN1dxbUFhbFZOQkdIb2xIc0hIV0RQcmxYamxsajBsQjNicUdHWUpNM3ZLeHJMZzNBN2VtZjhlcXB4Vl9ZZjhQZDR5LXNwbFQ1MmV3?oc=5,MW,JUWI taps Vestas for 86 MW of turbines for German wind projects Renewables Now
2026-08-26 07:08,Vestas bags 86MW Juwi orders - reNEWS,https://news.google.com/rss/articles/CBMic0FVX3lxTE1DRmNaWEVJdGExcV9ETzBtcE1lclpUTWlIdWx1UkZZa1dIUnIybFdTOHZmQ0pFT0JHRmlGX3VxTFVxTE5NeUZPaDNHNHVpaXF1aWFXVWVocExxbWp0eVNCWVFEX1FHXzg5MlhycURGYTM3d0U?oc=5,orders,Vestas bags 86MW Juwi orders reNEWS
2026-08-25 17:04,Eneva and GE Vernova begin commercial operations at 295 MW Azulão I gas power plant in Brazil's Amazonas state - Energies Media,https://news.google.com/rss/articles/CBMieEFVX3lxTE9Nd1F5QTd0dnB6SEhtaG5pWE1MVnIwcmxXQUw0emlDaTlBNGRVTC1CaW1PRmFiTThKMFc5STQtYVliUzQ1T3I5QXdIN25EUEx3cTlVazkxVUdWWHFDQkxJOXd4dHcydV81Y0lPZWttS1lTWkVBakNpVg?oc=5,MW,Eneva and GE Vernova begin commercial operations at 295 MW Azulão I gas power plant in Brazil's Amazonas state Energies Media
2026-08-25 21:32,GE Vernova's AI Data Center Orders Just Doubled All of 2025 in 1 Half-Year. Is the Stock Still a Buy? - AOL.com,https://news.google.com/rss/articles/CBMiekFVX3lxTE5fOHNieW4zcFI2bnNmZ1VlZVRicTd0d2p3QXRSMG1hSWZrY1BDNzBqTFBIRFIyZ18yZmxpR1BYZzNlcmpMLTRmTjJOXy02ZEpzaUxWWE44ZUk0ejN6UjhMY0pVRE1kUWczeU9GZk9kZ2tWRDA1VDh0WWV3?oc=5,orders,GE Vernova's AI Data Center Orders Just Doubled All of 2025 in 1 Half-Year. Is the Stock Still a Buy? AOL.com
2026-08-25 16:44,"Africa Renewable Energy Projects: Egypt Adds 2.5 GW Solar and Storage as Major Wind, Solar and BESS Investments Advance - GreentechLead",https://news.google.com/rss/articles/CBMi6gFBVV95cUxNWG4zNVlGbmxHN2E5QTRBd2RyUHRoampGLXBHNmZsTzctcG5LWVJ1R2prUkxQaGQ3a2JlNThaS0ZsbHVneW9aTXNMNlA0TlZRQWt5eExjMksyX2JucFVveEVhOVZ3RWtMYkVHbzM1NTZBUng0eEQ0clRubWRVT1FmN0pUSDM4RGVVVzFwOHVKMW9jd0VYcWY5V2p1ZmI4OTFxZFcwcXZWek5KRlY3NkNZODVQYVVuV3NPVlVkQzQxeUp6d1g1UU5PQlVuLTdmb2h3bVdVMm9CUmo5NmpGNzRtdXRQNHIxYkVRYlE?oc=5,GW,"Africa Renewable Energy Projects: Egypt Adds 2.5 GW Solar and Storage as Major Wind, Solar and BESS Investments Advance GreentechLead"
2026-08-26 06:39,China's Goldwind reports solid growth in revenue and order intake - EnergyWatch,https://news.google.com/rss/articles/CBMia0FVX3lxTE9TSDg5NWswc1VlMmExWHg2bzN2dmpTREd2dDljWlR6T0o4WjZla3psQ3ZmNDF0LVVMVDZLemVpSTA4NEVqX0w5bWlQSlFmZ1gtSWJUeFBNVm84aEV6T0VkWHBXOURkY21CQ2FZ?oc=5,order,China's Goldwind reports solid growth in revenue and order intake EnergyWatch
2026-08-26 03:03,Tightly knit local supply web boosts China's offshore wind push - Xinhua,https://news.google.com/rss/articles/CBMifEFVX3lxTE9Sb1NlME40SHVUQjlHUTZtbHhfMXZITWdoQUZGeHlMWlJQaXE2MjByamRId0xiNVJObkVRZWFOaGsxMHRvdkhuYXlUMDJ2SnFTc0o3bVhOcGRjaGZxcDdPOGpBMkUwOHhHbHpyYjc5clJ6WWVCdmRCeGUyalI?oc=5,"offshore, supply",Tightly knit local supply web boosts China's offshore wind push Xinhua
2026-08-26 02:25,"Suzlon and Torrent Green Energy Expand Wind Partnership to 1,306 MW - energynews.pro",https://news.google.com/rss/articles/CBMilwFBVV95cUxQZUpLY2VoWjBHQ0xNYi1fa1JBbVBBRlhsVTFUbFlCOHhNU1o1MWJ5VzhBa21xYnhqTHlzb3k4eEc4bWxURkl4bEtRNEIwUWpEcWF0S0huWUo5WXRuRDZ3azFJc1BnbzFsc0dVWWtHV2Nva0w2ZXlPUzBtUlV3VkZVVjdrUGRNZ0hSZ0sxd3h0OXExU09fbW1J?oc=5,"MW, partnership","Suzlon and Torrent Green Energy Expand Wind Partnership to 1,306 MW energynews.pro"
2026-08-26 02:15,Tightly knit local supply web boosts China's offshore wind push - Big News Network.com,https://news.google.com/rss/articles/CBMiqwFBVV95cUxNMmd2cFdfa21xeU10QjNKakJ2WG5hREo0NGRiNmN0bUdWa1RyTTdiUlpjQlNwUDFIWGwxSWp1QmFDY2FaaHhSSmtSc29UVUJ0dUZXTm5ib29OLXdMWFd6SDJOaDVkeEhyNkdSNHYzNkxJQnBHVW8xcFl3bWVCeEhMUGxYNy1sREMtbVNlZS1NN1gzd05nY1BUTXVYN2U5Q0piV01wcElRM29haWc?oc=5,"offshore, supply",Tightly knit local supply web boosts China's offshore wind push Big News Network.com
2026-08-26 10:44,Mingyang reveals 5 MW turbine for ultra-low wind regions - 4C Offshore,https://news.google.com/rss/articles/CBMingFBVV95cUxQd2kwdWcxcmxJdG1XMTFRb0s2czdOc0ZOOEIweTR3bzlXWmxEc0paa3VSNTJUSk9zTHpKSER4Zy1FM2pnNllVVlM3cURLU0JYWEdrVnJMRVp3a0FKNTE3ZEZQZWcxbDZFMzlKdlEtX19rdjNNUHR3NVZTQkNDcTlaM0ZNQUVSUzN0MU5jRVI1dzZBUXpjeFh1NTVXc0FNZw?oc=5,"MW, offshore, turbine",Mingyang reveals 5 MW turbine for ultra-low wind regions 4C Offshore
2026-08-26 00:51,Orsted sidelines Korea offshore wind projects as returns fail investment test - Recharge News,https://news.google.com/rss/articles/CBMixgFBVV95cUxPdnJCMDlIRmRkcHJtOG5Sc0dxQ29qaXF4UTlQMkhaaFVUOENENVRkVmVEN2tucTlPeHlENXRrODBYcWZyUjFrLTJzRG4xVjNTRzZTSmpYTGVOajFSS3g2c1gyYW1iWjAxbjAzMmo4TDNVRVA1X2hDTzU0aGU3N003dmprUHJaelRycTZYNkRJOEJqMENaZVJHX2FadnBwdFlqNWFBeTZNb2s2eDJBRzQ0VlE0T0l3dzl0c21FcXozVnFHQ0djaFE?oc=5,offshore,Orsted sidelines Korea offshore wind projects as returns fail investment test Recharge News
2026-08-26 09:42,'Watershed moment': Australia launches first offshore wind auction - Recharge News,https://news.google.com/rss/articles/CBMiswFBVV95cUxOZjFxbzU1LXRjMTBNTlRLWjNYZGp6S1ZhN2Y1dkhIRHJXTDNlUHdzX240TUZMQ0gwenZFRnNHa0ROSlBtdW80ckcxSkJ0NWhHU1hmT2ZWNmc5OTFHT1BRcXlDXzlwbTJ6UDY3WEtkN2NwcWZ3NGkydzgtT1gwR1cxYkIyU1Z6ZnZ6ckhSQUIybVR5TEJfbUs1bGh5VVQ0bzlJbk1OQUdheDRqU2dlQjlfOWxzbw?oc=5,offshore,'Watershed moment': Australia launches first offshore wind auction Recharge News
2026-08-26 02:17,Chinese wind turbine maker urges Burnham to overturn security ban - AOL.ca,https://news.google.com/rss/articles/CBMigAFBVV95cUxOZDk2empnQTVLMll3cVgxdjAtclVES3YzS1VDVEFNWkJGX29YbWtSaVF3T1lPdHVRWjlxS1VPSHJRWm8tUzhoNkYyZEtrR2QtekJDMm9adXlHTURBVkN0VU1CX2drMzRWejVoeF9MUUNTNGhTY1EzQU5iZUJ0ODlseA?oc=5,turbine,Chinese wind turbine maker urges Burnham to overturn security ban AOL.ca
2026-08-25 14:02,ENERCON receives final type certificate for its flagship turbine - Energy Global,https://news.google.com/rss/articles/CBMirAFBVV95cUxNZHgwZ3dzcHNCQUpaeDh1TWlrSzlNYjdnZ0t0Q1JJUVF4TmU1UDZUdDVmSmVjczBPN3Z3cmp2RDRINGNUbkliOTJvY0twZjRicFBjWUxieVJSZEtkZVMxSFJGV0ZEam0xZkdlNnprYmdMYmF6VDhYWDRfWmpKMElPdEVUR2dxckpxbjFjSmlBT1NwSGIzVlRTVzFxdDg4QWRkZ1ZZVUVBWWhsSG5P?oc=5,turbine,ENERCON receives final type certificate for its flagship turbine Energy Global
2026-08-26 04:01,Clifford Chance advises lenders on €1 billion syndicated green guarantee facility for ENERCON - Legal Desire,https://news.google.com/rss/articles/CBMiugFBVV95cUxNNlJJS3JIdjNudmI3YmVBankwaXROVFZlV1VJZ0xLU3RqZlJ6clV2OTVTSUxacGRsZFA0c1k3WGVyNjN6aEJHWHpPSGhydHlEc3B5NXlrTWZ5eHY5Z1lBckRTejVES1dkUjJhaUdfcjUzaDJmaVMtalppeUJMQUhwUmhqNDgtTVBzZ0hGYjh3U1hkV0ZRekE0bjZQWnpmN2VYZnFTQTRUZS03NTJlcDdZQ0Myc3NkTFZwRVE?oc=5,facility,Clifford Chance advises lenders on €1 billion syndicated green guarantee facility for ENERCON Legal Desire
2026-08-25 13:51,Enercon gets type cert for flagship turbine - Trending Now Sustainable Construction,https://news.google.com/rss/articles/CBMioAJBVV95cUxOTXBnUElSMWFJRFZMZl8xY1VmV1J6QldnMVVGczJzS1pfX0k5aGFqSG5MWUthUzZXTGVQZlZXUWZldGhCSGJFamxEYjJMbFB4ak1BRm9tcmFneENDNWFUcDJvZEpoRVJ3a1JESVRwdmszSjZ6OS16ZmZ1Slg2akVXTzFaMUJUVUg4WE9jVFBuc2RzZlhkWDkxV0ZEdnNDanJqMUFVTjhmOVRRUDNnMDduWUJuSFkyVkxJZmdZN2ktdG9RcGJaNDFYNlhjaHAyWWxHVXY0UUd6OVE4bHQ2YWpvRnFqZHctYW93S3JZeldySkVfUExDbkNsYkttWXRJVkdzRHMtWjJlV0JMc1ZibmQ2cEtLNkFMYlJMUE9IcWlRLVE?oc=5,turbine,Enercon gets type cert for flagship turbine Trending Now Sustainable Construction
2026-08-26 07:48,Suzlon wins 250MW wind order from Torrent Green Energy - Power Technology,https://news.google.com/rss/articles/CBMiiwFBVV95cUxQdUVPOGNxTGhWQ0ZqeUJlWW5zUnhaWnBKMzJwQWY2NDQ5TVFta2dMNVByWERJdzU0b1VZUE9TckdNQmp0elliX3Q4WkhiVXRvcEFkMk5MWlUxb1BtVFBzQ29yTGRCdmtYYUdSOEpBV29WeXRpekt6bzhQSldNY1lCVFhoVkNMd242OElB?oc=5,order,Suzlon wins 250MW wind order from Torrent Green Energy Power Technology
2026-08-26 06:55,"Suzlon Expands Andhra Pradesh Wind Footprint with 1,325 MW Projects - Energetica India Magazine",https://news.google.com/rss/articles/CBMiogFBVV95cUxQeFBDU3E5Vkgxa2dwSXRialc5TjRTLW9ZT2F1bjJpSzdodXIwdklyaDExaEk3WDVHREMtQldmc2tyc2VQM01RT09LNW40bzU2UlRuUzdLMjdtNGFIOHI1RklJYzYyWW1QbndhUVpaZl8ydFM5Y3Bfak5sTUM1WkpHWUFRWWNnNFdVQnZGcGJTcU9xRmtyUnhTcU1wSnRNbjhSUkE?oc=5,MW,"Suzlon Expands Andhra Pradesh Wind Footprint with 1,325 MW Projects Energetica India Magazine"
2026-08-26 04:05,"Suzlon Secures 250 MW Order from Torrent Green, Pushing Partnership Past 1.3 GW - WindInsider",https://news.google.com/rss/articles/CBMiugFBVV95cUxObi1sLWpkQ3AyMXVqT0tEb01nQlM5blZsZXo4elFPcXVselpGSVlDSVRsb2JBQURwUV94aE9OWDRFejlvd2hGREs2WEpKdC1zdGxETEJfMFI4NElkNkZvVWtJM1lmRDhUM1hZVVIyUGN2aC0zWEtyemF4MVpUY1JnU1pIVWllU3lZcVFiMDFtREtlOTFWYWIzQ0dMWWNDMDNXb00zREhrUi1nUTVvczZYcTBQXzc4TDZUa2fSAboBQVVfeXFMTm4tbC1qZENwMjF1ak9LRG9NZ0JTOW5WbGV6OHpRT3F1bHpaRklZQ0lUbG9iQUFEcFFfeGhPTlg0RXo5b3doRkRLNlhKSnQtc3RsRExCXzBSODRJZDZGb1VrSTNZZkQ4VDNYWVVSMlBjdmgtM1hLcnpheDFaVGNSZ1NaSFVpZVN5WXFRYjAxbURLZTkxVmFiM0NHTFljQzAzV29NM0RIa1ItZ1E1b3M2WHEwUF83OEw2VGtn?oc=5,"order, MW, GW, partnership","Suzlon Secures 250 MW Order from Torrent Green, Pushing Partnership Past 1.3 GW WindInsider"
2026-08-26 05:11,Suzlon secures 250 MW order from Torrent Green Energy - The Economic Times,https://news.google.com/rss/articles/CBMixgFBVV95cUxOUEItcDVjMlV3X2lKUGVXbzVod0NKdXdaQ01UX0ZmNEJtdjRGZzVrNHA4djkzRVRyTERCVG5xMHlzZERUYUQ2dkxxVXYtcDdKczd1YTcyR2YzcXVOMXZzYTFvdFladE1oSXJpOEtsUC1DZFJsSVA2NWFtVENLNDRwdk1OWHZwWGpuYjlwZFhnMmxxZ2tOcXllSll3VE92WTRRZlJaQWxRX0s4cWxQdjJ4VTZoengyXzNTaXRNWUNzUWI4NUtTR0HSAcsBQVVfeXFMTTNKbTFkRi15RmNyM1RpcFdHamlvbTFQVEhRNHdHZmdGVktZVmloYmJLR1c1RTRQT2laZGpiLTlNSDEybjhObEJLOFVjenJtVjNvSmc1TjV4ZXpJblNVSkRSWUpMVkZ3SEZHMVU3LUducnlGYU9rSXVnS29wZUxMeHNKTXNBbHltbmkwUTVpQUJNSko3TnZwbXdUd1pmd2tRWExuWG5lVy1TdnVXU3g5bFh6MjM5SGl1ZlRjQWtBY0x0Vll1WGwzZ2dsZ1k?oc=5,"order, MW",Suzlon secures 250 MW order from Torrent Green Energy The Economic Times
2026-08-25 13:59,"Suzlon and Andhra Pradesh Government Break Ground on 1,325 MW Wind Projects in Ananthapuramu - Telugu Times",https://news.google.com/rss/articles/CBMi6gFBVV95cUxONHVqX2JhMWI4MFZ0QldEM0tpVGJXNXJKY004SnR3YVBNbUQ3SDB4MlNYdXEwSmdpNXp1dUFBX09BYV90cVB3dk5KTWgyYzM1UWRBM3Bic1JjaF8xcHpfblFCNHdtXzRLeFRjdzcwNnNYWWwxU1VjVVlVZ25WY1BDQi1HVmNES3VKaHRiWEEyMHpVbzNZNXpCN3Zlc0xPTVhwd0dMVXVFdzJrR3FKZjZBV3hBVWtsME4wcUlSZ2FlTG4xZldTa0NnUzUxV2ZmcEN6cm9QYVVBVno1aG1ETzJNNzc2Y2VCVjlKbUE?oc=5,MW,"Suzlon and Andhra Pradesh Government Break Ground on 1,325 MW Wind Projects in Ananthapuramu Telugu Times"
2026-08-26 00:30,Suzlon Energy Wins Major Wind Power Order | Refex Industries Wins Two Fly Ash Contracts | Top Buzzing Stocks Today - Equitymaster,https://news.google.com/rss/articles/CBMi5wJBVV95cUxNSTRRdnVlWWxkd3Y1eFB6b0RRUlZWVGE0eVpBdG9ab0dibXUtcDZWZzQ4VFBhWWcwMWtsdzJyVGFGVXRUczk5cDA2Q2tJNDU0S2Y4dTdXZE1SNzlIajhSb0xMVjZidnAzY28zVkk1cjdfMVRGT2hhVXF4TWZxQ0Z1SVB2TnVoYnhYYV9tV2ZvQWdqcWlldHZUdFFCYTVoU3p3OEVZdDUwaWxGTlpLeWZYcmFqMW5lNnQzTFoweWVObFRxc0FsTlRWaV9kQ0w1dkg3RzI1dDFMUDNBTWdYMmlUbndudTZYY1dpMVJJTnhhbzl0dWpTbGJuNExLY1hFaDZMMkNFWktFdDdpVmlEbzBERUQ3aElPTFZvNlBuTWN5WVdWcFpfUG1heEp5X2tFd1JUQm42dS1yWEo1ZG9wSTItTFN0eFNuR1JhOUtXdUVCNGtXd2lQc0RGQnF1amlLQmpJdDVYZllRRQ?oc=5,order,Suzlon Energy Wins Major Wind Power Order | Refex Industries Wins Two Fly Ash Contracts | Top Buzzing Stocks Today Equitymaster
2026-08-26 05:42,MNRE Mandates Cybersecurity Compliance Reporting For Wind Turbine OEMs - WindInsider,https://news.google.com/rss/articles/CBMiqgFBVV95cUxQTWFYaGozYXhlejVDbHY1b2JmOERTYWZpdGp5S1FFZXozbVBndXNDT0VHVTFCRkJuNEFDUGtreVNzRDhuS1Q0TS1tbnQxTGM5RkNRQW9ZUUhDVUcxVmNtSThNb2lSZzJQeGctY1hST1V0ZGRaWE02Vl9wLWR4TGU1dTFlQ2M4TnU3UVRkS1BmcUx6MHRTdmx1Qmk5YmFSMGtKSXNrVlV3UGZoUQ?oc=5,turbine,MNRE Mandates Cybersecurity Compliance Reporting For Wind Turbine OEMs WindInsider
2026-08-26 09:12,IWTMA Flags State Bottlenecks To 10 GW Annual Wind Growth - Construction World,https://news.google.com/rss/articles/CBMi3gFBVV95cUxQOXp6NjRQWkdJUW9Fd2ktdy1SbjFkamZTM0NFNTgxWXRpQ3BnY1M3SkVlTzVvWGVXelE0T3NEbDR5c0dPbXhwUFN2LUhVaEVmMmMyVlRyWG0zVGFXMWZFcmVzaWYzbWJSaUNmV3A5XzFfZHE5ZUZ1TG9nMnozNnY5V1FuVGdTTnFYb2tNOGlndGVvNzk1SDBBbTZuYkI2THZsZVg1cFRJRmMxcWNYQUtvZHlfSXYyVXRSNXdxNUt6TVNEbDVwaEZHaW1fZTNJQkliaDdlWUozVVBleUFHTXc?oc=5,GW,IWTMA Flags State Bottlenecks To 10 GW Annual Wind Growth Construction World
2026-08-26 08:59,Ørsted pauses 1.4GW South Korea offshore wind plans after projects fail investment test - EnergyWatch,https://news.google.com/rss/articles/CBMia0FVX3lxTE1ZbDVnY2d5NENhNkMtcDdGc2ZWaDZla292b0RLcVlwY093R3lfbFU3ZnpDeVBrWXV1VDU2akhmNXB3TF9NWTBaOFM1UnpmbDlsRllMY3gyOVI3ejYtXzhmQkQ0SW9waHRSc0w0?oc=5,offshore,Ørsted pauses 1.4GW South Korea offshore wind plans after projects fail investment test EnergyWatch
2026-08-26 09:58,TotalEnergies and Offshore Partners Walney sign PPA - 4C Offshore,https://news.google.com/rss/articles/CBMilwFBVV95cUxQQzh2SnNUZENzOEdGNFYxZ1dveFlnWExWQlBLUjl4YUw1eFZNVi0xUWxqUEc4NWYzekgyWGpLY3M1X1puNXN5MUdPazRsNHRxc1JkYTUzQUE3SWluU1h0WmcwNmYwMDVhZm9hTWNwX2JuV0lnRUtCUUR5OHdyNEFHSG4xSTd4UGctOUVTSE5qeTdwMjdTdFJB?oc=5,offshore,TotalEnergies and Offshore Partners Walney sign PPA 4C Offshore
2026-08-25 18:22,Navigating Uncertainty: The Current State of U.S. Offshore Wind - FTI Consulting,https://news.google.com/rss/articles/CBMiowFBVV95cUxNUW5EYkp3OW5ZZ2tNTDJvU1JMV1VaYkFkU3A2ckl2NXpLZWhuenZ2REhpdDRUTHhmeE9LNHg5Ykw3QkZydmNDN09uZjR5WElSdzRKUTFEVVRLd0VlSFhiTVJXTzNTUzRWSlFvYy1POGRlbmlfUUhrVWVJRVlWNlFieUdHakUxY19aTGNnUWV6aXE5UHRVYWxSb3lEN1lZUGpnSV9J?oc=5,offshore,Navigating Uncertainty: The Current State of U.S. Offshore Wind FTI Consulting
2026-08-26 08:05,Australia Launches First Offshore Wind Auction in Victoria State - Energy Connects,https://news.google.com/rss/articles/CBMiwgFBVV95cUxQSU9penNocXNSeERMNDFzdU1zV0tpSEJPcXZTdUJsc1dSbHdoYUhNb1V4TC1PUHlnVkQ4RklYcFUxWFUtYnh4b2g2OWlKRlQ2ajB3enI3YjNyWDIwYmtDZThfRjQ5WFdFTm9WaGxBVk1wSExhRDJ2UXBrQmFRY2RkdmprRWVjdHl5cjdsRTVCZnJHemJmemVkMERfTzdHRU9fVUFwemFJZGJhTF85TmFNcVIwdHBPZ2NBWWF4WWFQVGJLZw?oc=5,offshore,Australia Launches First Offshore Wind Auction in Victoria State Energy Connects
2026-08-25 19:23,Uniper and Equinor Strengthen Germany’s Long-Term Gas Supply - Tekedia,https://news.google.com/rss/articles/CBMijAFBVV95cUxOQVI3ZHJPS0ZSdzNtRTdldG13cm1QQkxxZ2RGZEM1YkpFTTE4VzRuQml5UEJrQWRiRjVUakF1WVRtU28ybGhqeHI0RVk2LVdrNkpqUHV5MHFMQXh0bmNrZkxuUnE0SzVHUmI4VUptRkZxWWJXYjZ0QWd4UGtuV0dwVWFORXk4NXBPWWJ6Uw?oc=5,supply,Uniper and Equinor Strengthen Germany’s Long-Term Gas Supply Tekedia
2026-08-27 11:35,"GE Vernova awarded Stage 3 contract for Queensland's Supernode battery storage project, completing full-site involvement at 780 MW and 3,075 MWh - Energies Media",https://news.google.com/rss/articles/CBMidkFVX3lxTE1GSWo3QWZNQ1JxT04zNzF1eHl0cy1ZbEVFZlJLbUFVRlMtNGs5SXRIS1pWcUVhRUx5bjZ0QVZBQ2ZjSWRvdXRERDJTbmFKUGNKLUhhQVdsVmFDUWtfbzN4WVpkdjJfZVktTkxaaEFYNHFtQnRrbEE?oc=5,"MW, contract","GE Vernova awarded Stage 3 contract for Queensland's Supernode battery storage project, completing full-site involvement at 780 MW and 3,075 MWh Energies Media"
2026-08-27 10:24,Orsted veteran heads to rival offshore wind player as department chief - Recharge News,https://news.google.com/rss/articles/CBMiugFBVV95cUxOLXhPcWNCMkZGS1ZFTHZtanVhU1NEQUtnc3pCMHZjVENQMHY5RHdmYzBzaUFoX3NqT0FydDUyVGNBX2JwVU81YV9DTmtqSzdrQTN2Um5xb1g2NDEzWjlMTHZaYkVrdEt5Sks2Q1NCMVhJODRWU2NzYVE2bDFVbWdMbzdwWk0ya1lyNlJrS3ZMUU5DYnhDVFYxSFktb2Vxa013OW9GTWFlbEp0ckRRWm8tMExucTN4c3duVnc?oc=5,offshore,Orsted veteran heads to rival offshore wind player as department chief Recharge News
2026-08-27 02:26,"Renewables news: Deutsche WindGuard, DEME Offshore Energy, Goldwind - GreentechLead",https://news.google.com/rss/articles/CBMirAFBVV95cUxNLTlNWnRyMHhUMmZKSldqeWppbFRkb082RW44VXBiNnJHN283c3BuQmlGNXlZUWxtdV9GWkJjNncwWUlxLWM0dTJlLXJhQW5ZdDc4ZFdNN2VoeDdZZlRtOGExUE5FbWlZQU92cFUwQjVfUDlRc1QtREJpQkhxTzZUZFN5RUdCNTJIc0tTZENlUDA2QjFtS0F3X2Fadl9MMkVYd0p4R2wzeUtFbmlx?oc=5,offshore,"Renewables news: Deutsche WindGuard, DEME Offshore Energy, Goldwind GreentechLead"
2026-08-27 15:26,Orkney Islands Council awards £14 million construction contract to Heddle Construction - Energy Global,https://news.google.com/rss/articles/CBMizgFBVV95cUxOZWtBWFIydlE5TlVnOU43R2NBY05MMFJXZDVhMGNtSFl4SS1LRWR3Y1dLVFM3VkEwZ21Vc1FKcFBHLUw0V0tCV1R6b0hpSkp5WHFuY3NUenE2dW0yX1JGNG4xSldjXzFZbTZDZTdvU1Z4d3hpSWNVOG9SWDhaYWJvOVdqY1NtWWtpWEU1R3ZFVXBkNE1aV2tSTzhfbUgyRktGemhBQUZpaW5tNGN4SElBVWl1dzJoRG16dnNPSkpmUTZnZHpQUXpJU0EycDVrUQ?oc=5,contract,Orkney Islands Council awards £14 million construction contract to Heddle Construction Energy Global
2026-08-27 04:49,Orsted insists Korean offshore wind portfolio has a future after memo leak - Recharge News,https://news.google.com/rss/articles/CBMivwFBVV95cUxOaDZyazR1MVcwTXhia2RJQXBYVEFIRkh5LWJuVGxtcHowQnVjSTkzcUtRcmIxMHB4R3NKV0FyS2JCZnZjTUp5ODhkdWp1Y1ZvRkhMTGh5Ui1TR1JUdUJNTHJnRFgzd0U2blI2cklPMVJtSk9hY0daRTRSU2lfTVlScUVzZXdmR1ZZb2FWN0lES0JYZWJqSThhckIxZGJ4SDdsc1JqUXZISnRvQ1A2SHNpT3BKQmRMWXp3cFYzMU1nQQ?oc=5,offshore,Orsted insists Korean offshore wind portfolio has a future after memo leak Recharge News
2026-08-27 15:12,New £14 million Orkney wind farm contract awarded - Enlit World,https://news.google.com/rss/articles/CBMihwFBVV95cUxOTmNSaHJ4UFhOZ2J4YVVtSDZmMHhOZDlxajBVb3hHQzhDMlRSdnJSYnVibzhGU21GZWllc1lfZ0NrR2NMSEtjYkcxb3BLbGlIa0F4VzVKMGduZU5PaUJreGpCWjBEeExoLVlIbUtsdHlKTXJLOWNLM1dadVFNeDRMWlpWTTVCX1U?oc=5,contract,New £14 million Orkney wind farm contract awarded Enlit World
2026-08-27 13:40,Heddle Construction wins €16.3 million Quanterness wind farm contract - energynews.pro,https://news.google.com/rss/articles/CBMimAFBVV95cUxQYlpnZk5qY0UyRGJ4OTdEMlhrUU5uSUFfTjNDaDQ4Ujdiemcxd1ptYjJUY3UzejU2NURVZjd2TU1icThXelBLZ0hxREVTYTBLdG5GVTV4TXRSSmNFczFBd2VldUNiODFvYjhCclprbGhxNFJSY2lLUEs2TDBHQjdsUV9fSGtTNkEzeDN1aGJkbk54MnVmejN2aQ?oc=5,contract,Heddle Construction wins €16.3 million Quanterness wind farm contract energynews.pro
2026-08-27 05:59,"Blade Breaks At He Dreiht, Suzlon Posts Record Quarter Frances Tiafoe (EFRFiCocB1) - Mshale",https://news.google.com/rss/articles/CBMiW0FVX3lxTE1CUmFINVliYlQ4MUo5RkM1Ny1nS0gwRDRkdUI1UjdiLVZVaWcwb1kxcGpqd2tTZEZPcVpMb0VmbnF5MVNieGZLdFNleDdseDRoeUpNaU84b1FNanM?oc=5,blade,"Blade Breaks At He Dreiht, Suzlon Posts Record Quarter Frances Tiafoe (EFRFiCocB1) Mshale"
2026-08-27 05:05,Juniper Green inks 25-yr power purchase agreement with SJVN for 50 MW FDRE project - The Economic Times,https://news.google.com/rss/articles/CBMi7AFBVV95cUxNbjd1VGxhNzFhNGlrTElvYnBicjZid28xWmhIVlA0LS1FRVU0cDYwWmg5M281M0hfU3FydUd4azBsTUVfWlJZSFhCaDNGU0VZN1F6dGQ4SmphR3ZQYzQwTDRnU1QtWTN5M1JueHB2U3RFUDh4VF9vLWVDeUJtR0pRSXRtTnh2TVg2LUdLbS1OWFJQaHZLWjBTRjc0S19TdHhnWXhzZklmbWRsQ2RWRDBsbFVvTHQxZjdzdUpwZEJQZEVZY290R2NoVzVlbG5qa0Z4ZGFzbW8wZXhJWUV5RlZtR2c4VkdGX3lFbkJ0btIB8gFBVV95cUxNSS1HNTQyd3pNNjRoLWgzLXRRbWIySFd5VTF5WmM3R2xpUlk1WUdQTzZ3MlhnYWlQdHJldFoxc0lmT2VaOUVfbkxmT18tUDFvSld6NFdlbmFUbjNTUV9DeWRCNExkUVZuVW0ycmhfa2JtbzFJMkZDSndYLXQ2RkI1dlMxSXpybEgtbGd4ZkNWMHhsaXowZGJsZDVNaFVGaU4wVnBrRFB0N2FSSlBNRFd3N1VvbzI0THVPel90aG5VeVQwTG5lWEVDbmdfSkdZV2xUejA4bXVlUW5fZlZHZjRhQUFfY3VlTWhyZzgwdjJhNU9CZw?oc=5,MW,Juniper Green inks 25-yr power purchase agreement with SJVN for 50 MW FDRE project The Economic Times
2026-08-27 11:18,TotalEnergies Inks PPA for Offshore Wind Power from Irish Sea - Offshore Engineer Magazine,https://news.google.com/rss/articles/CBMioAFBVV95cUxPdjEyS3NPX1hkMkxrYjFrNlg1RS1tV0VERUxkMk54YlpUamhrcHkxUDVUYnQwbGRHb0Q2aTRPOUFFd0RQNkRUSkxjejJiTUhmWVhWZnZWY082cm1WQ3R2X0dUMXBKVEpMOFdjRDVuWGRSajRxUElvbnJIazA0NlJuQmdQNlZ5N0RwRmxnaWVGb0s4RHV2bEdjVERBX0JIcVlL?oc=5,offshore,TotalEnergies Inks PPA for Offshore Wind Power from Irish Sea Offshore Engineer Magazine
2026-08-27 03:51,"Offshore wind power projects are flailing, just when the East Coast needs them most - DredgeWire",https://news.google.com/rss/articles/CBMiqgFBVV95cUxQbmNQeUxCWHBQQTlTM2JlZWZfcUJvelJVNFRKTzdyRGJDYTE2R05Za2VpdEU0cDNRNk8tZVIyRzBJQkpkc29FYjh0TXZZMmxCU1FScGdjcEVkWWFwY2tMdWtkQnRpTm55Tnp3STdxSlh6Vy1HSFROa1RjbkhyZC1zdXg1MzN3aG5QRUtnTUxQQ3NNYmJfV3BOVXFTdWlPZ20yNGpUVFF3dFFzUQ?oc=5,offshore,"Offshore wind power projects are flailing, just when the East Coast needs them most DredgeWire"
2026-08-27 03:06,Orsted Suspends Bidding for 1.4GW Incheon Offshore Wind Project — Even the Global No. 1 Is Leaving South Korea - finance.biggo.com,https://news.google.com/rss/articles/CBMidkFVX3lxTFAzdkk5V001VFc1VXpidi1zUnhZX05hWHRYbG43UkpYOVEwcTJNTXFnSGQ5RmRfNWs0TTZpOHZSaEFXNTRfOVpPcEF6aFV4d0paZFlCbjFramRaRHVXb0h1aDFoRnlmMEJuSDZfUlpjWXljRUVuREE?oc=5,offshore,Orsted Suspends Bidding for 1.4GW Incheon Offshore Wind Project — Even the Global No. 1 Is Leaving South Korea finance.biggo.com
2026-08-27 02:40,Turbine fire at Taiwanese offshore wind farm under investigation - Renew Economy,https://news.google.com/rss/articles/CBMimAFBVV95cUxQbkhkYnFMZWRaQ2xLdW5WUVozN2MxOUI1UWVuS0FldENzOUw3S0o4YmlIMnA1bzBOTGZ3VUlSd0JPYVpPTDhndzN4Mi03WUp6a0VGalRyb0hkNlBHeE55N2NRdEFFMDZiN01BSlU5TndQQmc4SzVhVm9EQmRvcy1oRi1GVHpfYlQwOF9uNVdHaVcyc0tmdUR3ONIBngFBVV95cUxNbGhtOUVramVLRy1FTDByNTZ1aGxRS2dmZk92cHNUdVV0MkU3eVFNNVItYTM4YThISHZrSjl3T3BzN3RkSGJ4blBEVkhmcjFJSS1zQ0c2dDlqcUhLZG9PQXByUjk4TWVCaDBkVEdUaXlYV2pjMnJsZVNVSWN1ckthWUs0LWxSaWl2NGZ4eHZselpjYmNlOWltREZ2R0diZw?oc=5,"offshore, turbine",Turbine fire at Taiwanese offshore wind farm under investigation Renew Economy
2026-08-27 08:41,Compensation Fight Splits Incheon Fishermen Over Offshore Wind - Seoul Economic Daily,https://news.google.com/rss/articles/CBMioAFBVV95cUxQUlJ4dmg0OWJlLUxRVWltVXNLZ1RXTEpiZlV4TnlMek5rT2paRGJtVFQ4a0Q2MlJCVG1NU0hBUldWNEVGTjEtdXZ0blR3aVZMVWp4N3B1MmpDeWRQeDM2c1cwaFRkTWpfVXd6S29UN1AxWXpUTTNvWENjU2VKV1pNNjlDMEdjUjU1cHpVMDRJZWFvWVVLMjlWb3lwOGFXbzFz?oc=5,offshore,Compensation Fight Splits Incheon Fishermen Over Offshore Wind Seoul Economic Daily
2026-08-27 21:40,Trump’s Secret Offshore Wind Payout Benefits Billionaire Donor - CleanTechnica,https://news.google.com/rss/articles/CBMioAFBVV95cUxQME9HcXhNOW1uSFQzR2pkd3pPWW91T1VkekV0QXo1U3ZfQWlZMGFlcWN6RzhULVZDNDNLQjRadnNCODdKWDI4aTdrUUZUcDhwNzR4RFhYV0tVYWIySk94aGJ5QUJyeFk2cjdwanNIQ1V4WnFKeVN6aFZDYzc5SFNvZU9KWlJUdTNoUzF2NXVSZmpzajkzX1dkNjFpbzQ2ZFJt?oc=5,offshore,Trump’s Secret Offshore Wind Payout Benefits Billionaire Donor CleanTechnica
2026-08-27 09:14,A single bidder shouldn't decide Germany's offshore wind subsidy plan - Recharge News,https://news.google.com/rss/articles/CBMitwFBVV95cUxPUnV3RGpHR3ZTcFdKNXI4WTh2UUZBTmNkSnlxbHZkUFRrdnRTdU1lTVFncVA3dWoydGhfQXdZN0xDZlVXdkNpUTZERmx4NURyTVR6R1NjbWE3bXdTVDQ3WGJfZ2lqLXpFZWRVZWpuX2Jvdk1faURieW5ndTluNkV0VXJKVHItU3BST1pUUUFIUWpIakdrTGx2TEFvX3Q3bWNlVUFTcnJ6V1R1Z2FxSkFJYmtwQy1zajg?oc=5,offshore,A single bidder shouldn't decide Germany's offshore wind subsidy plan Recharge News
2026-08-27 21:40,"When Arctic cold pushed East Coast power grids to the breaking point, offshore wind farms showed up like a quiet neighbor with a generator - Energies Media",https://news.google.com/rss/articles/CBMicEFVX3lxTFB0cTJzY2ZLUzRLOTF5amFYaUVwdWhIR3pzd1MxUnhraGNmTXdpUXJGaFpqNWRVQVdqQ2UzM3cwVkp6WXpGY3lURFEycHFmSHZqekxnaXotOWtFM0RUbFNidzhaRHNmWkRtS3JrbVpRZmI?oc=5,offshore,"When Arctic cold pushed East Coast power grids to the breaking point, offshore wind farms showed up like a quiet neighbor with a generator Energies Media"
2026-08-27 13:06,Next Ocean provides Motion radar for Esvagt Njord - TGS 4C Offshore,https://news.google.com/rss/articles/CBMilAFBVV95cUxQV2FjVFVkMDFlRkU5ZkRTVHhoOHNwb2d6M0xpUmVpMnJDb1FaRXg3Q3BrTE5adndESjBYQ2lpN1lqUS1meVlKZGp6cDBJei1VS1RKYU1lUWJCOVhZMjMxRkNLUEJlYV9SMGFDQTN5REdyTngweXlfSnRYUm9rQ0o3UWxrc094WFIzQThIZFB2WmxfSldt?oc=5,offshore,Next Ocean provides Motion radar for Esvagt Njord TGS 4C Offshore
2026-08-28 12:35,Vestas quality chief departs Danish wind turbine supplier - Recharge News,https://news.google.com/rss/articles/CBMirAFBVV95cUxOV0RVVUpYTXF0a0pOSldodzNmRWM5a2pBNXBtSmpvX2VsUVRPUEh0SEI4V1JSS3ZsTnBXT0hQNldfWmk5NzB5eHhraHZEWGh3MnlINmU2dklkRjBZbnZYbUF6Vl9QU1NybUJjTlZhcEprWTRoLXNxcm1CeWtUSlNRb25pODc2d1pGMy1yYnYtTXd6YTBXZVF4VTJuakRzdWhLZHFvMDF5NHhDUjBV?oc=5,turbine,Vestas quality chief departs Danish wind turbine supplier Recharge News
2026-08-28 12:41,Vestas ships 200th V236 nacelle - reNEWS,https://news.google.com/rss/articles/CBMieEFVX3lxTFBKTk02a2VNcUg1dnJJNW9tS0JlVlpvaHQxQ3NrZ2xvWi1XVzRwOWF5bDh4cjBPMDJ2Q2k0RXNLaGJfLWFhVmkwNVNUNFphemRBT1BpSUFKVlMzQkJVN0xfZzJkb0J3azNsaXJWcjhuZVFtQXVHYU1zYQ?oc=5,nacelle,Vestas ships 200th V236 nacelle reNEWS
2026-08-28 08:09,Details emerge on $1.5bn offshore wind impairment at major project - Recharge News,https://news.google.com/rss/articles/CBMitAFBVV95cUxOVnl0d1BtTlJkSGNFQ1g3d2dZaTdtWG1yTVNuWW45dFcycnZlaDJSVVhQWHlfdlM4WWgtNXQ2VGgtYzQwZ2ZNWGs2LXZITXJKSUtJbmVqeVhmM19GdVBfZmRGRTd6LXpVLU9ZUUVFN2EzYk5qRTByNURXLTE1ME04dnRWaXlNeEhHV3BoY3lDeWU3aUdONmhzaHJuQkZ2NXliREJKY2VEY0ZHblRLQldJanJrdlE?oc=5,offshore,Details emerge on $1.5bn offshore wind impairment at major project Recharge News
2026-08-28 13:38,"Clean Max Enviro signs term sheet with Envision Energy for 1,550 MW wind turbine project - Business Upturn",https://news.google.com/rss/articles/CBMiwwFBVV95cUxQeE1vbWVMUmhROWoxUnhKSUNSbW1aLVdrSDRRZGZZT0ZuSzZxZUtMQ3l3X2tpT184cFRlR3ZhajdpSm8tZ0NJdmwwUmYwZVh5VVRvYmtnMjNoTGdMdjRoclZHbnhzbEhlVnhURFh3UGIwWWlSUUUteFdQanVLbFJFS3ozaXhtcHE4S0R2X2F5ZzRCbktGSFE4alJEZm9JS0VGVU9JeExWVzJzSTctcTliN2tBUzdwN2ZOSTJQWGhkQzN5Tnc?oc=5,"MW, turbine","Clean Max Enviro signs term sheet with Envision Energy for 1,550 MW wind turbine project Business Upturn"
2026-08-28 13:18,"Domestic manufacturing is ‘critical’ for floating wind, DNV says - Energy Voice",https://news.google.com/rss/articles/CBMixAFBVV95cUxQOFp1LW9GcUMwcEw2czdwZTR5dXIxSGV4MlhWZmZETW43Y0pmMDZmQk9kLXoxUnZkRWxmM1BRVmgzRG1XcDRyTDhMR0h3ZFZrNWM3cUwzN24yMUw5X0pKNzRUZ1lxbWM3akZKVGJvcGRRbHNoTlpteWt6WEVXN3hUdXppaUQ5M0VyNlE5RW9WQmtiUHZ4WGdmeS00R0l1OHpIcVZJUnM0Ulp4cDVadmlFZUctdGN4ZHUtdFNMVmhINWJSNDJH?oc=5,floating,"Domestic manufacturing is ‘critical’ for floating wind, DNV says Energy Voice"
2026-08-28 04:32,"Renewables news: Nordex, Neoen, Narrogin Wind Farm, Envision, DEME, Zeevonk Offshore Wind - GreentechLead",https://news.google.com/rss/articles/CBMixgFBVV95cUxOVVJFSjNTV0g1Wk5rUzYxdWluSG1BVG56N2tmR3FrX253WTA2R3VWdXJpU0Vob0VISHQ5T3ZyR3FMdHNFdWJQOS1QdG9FVVpwOERMM2dwWVNwOVBsbUd4aF9tZHNsZEJHRmtJRWxvSFFTNDJycXdoUkhZZXhaRGw3eG1YaHBZUk5UN0M5NnlqZmJoZS11enF6VWswV2wySkRTLU1wZC01QTMzWGpjTW1NZHl0NmRNWnJXMi01YVBWallTUGhScEE?oc=5,offshore,"Renewables news: Nordex, Neoen, Narrogin Wind Farm, Envision, DEME, Zeevonk Offshore Wind GreentechLead"
2026-08-28 05:41,Blade Repair Structural Epoxy Market Outlook to 2035 - IndexBox,https://news.google.com/rss/articles/CBMiigFBVV95cUxNYV9kWEdzTVgxU0pTUlhPeTU1SzduamdRR2s4NzZnVlRsMlIxUFFTdVoyVmhsZFRMV2poaUZ1b3ZLUjRpRzFxOVRsek5HamRleFI4TlROajkxZlhnOEw1amtER0VSUmZEODJDc1ZuY0paSUpFdHN6Y2Ewd3NmaWQ1RWw0MU5Mdzd6X1E?oc=5,blade,Blade Repair Structural Epoxy Market Outlook to 2035 IndexBox
2026-08-28 08:10,"Suzlon Breaks Ground on 1,325 MW Wind Projects in Andhra Pradesh, Targets INR 10,500 Crore Investment - SolarQuarter",https://news.google.com/rss/articles/CBMi0AFBVV95cUxPOWdQTFk2R3NPd0FVaU1QUEF3RmM4WUY4MXRsaGhMM2YyQzIwVUxxVjBRaGlRdVZvcWdhWEExQ1p4ZFNzc0NiR2E3UmRNd2tzRUdGMGtYNHExUmRGY28xUG1TTkpxNDNkbGh5QVRxNGxWTFhEa0FibnRxVTFycVlsSlh1MTJ3dWkxWVoyWkhicGRSSVVvdWdteXdUaW9weEZ4N1oyU2N4aWhCVzB5amZpREdrRHF5MktuZ2ZyMldqcEF0V1R6OFpWeVVfOXBYa0Z3?oc=5,MW,"Suzlon Breaks Ground on 1,325 MW Wind Projects in Andhra Pradesh, Targets INR 10,500 Crore Investment SolarQuarter"
2026-08-28 07:56,Suzlon Secures 250 MW Turbine Order From Torrent Group - Construction World,https://news.google.com/rss/articles/CBMi2gFBVV95cUxPbnQwNV9Hem5XYkQxYm1TUi0zeUdpWDRDSm85ME16VTZIQVJsV2tHWnRQRUFSQmdzTE5VTTFqcUNWTVZIZldtX01pNkNKd0RGU0l5VkNhalFPbTd6ZlFvSUYwQXQyeXJ1bVllRURmeUdIa0MzZ1VFcTZmLW13MkU0R3NlbFI1MFYwejBwdlFNNGV1aElRTHF2elFlYlMxUGpDa0hGeHZoamYtekZ5YjI2VG1QTE1EVDlOOTF4dnF6V2hISmxhRkNpcEg0bmVReXJHZzJHcGpfekpwQQ?oc=5,"order, MW, turbine",Suzlon Secures 250 MW Turbine Order From Torrent Group Construction World
2026-08-28 09:11,5 Renewable Energy Stocks With Strong Order Books to Keep on Your Radar - Trade Brains,https://news.google.com/rss/articles/CBMiugFBVV95cUxOd1ZvMHpkYkMzbE55Ti1LWE1pUGZPZWR4VGprOU5ZMjBXeExBY1VGTF80MFVrSEVyOGpWenpMVVBTYVRNZG9NNWZmNVBVOHYxbk8tTGZaQ01uXzhIN0JjUmdGUVNrSWhPb3cyNGVJeFMzUmp2NlNiMkJ5X3NiNVFOU1gzVWczdHlmbUtfcFZNY09FVV8xN0RZeG1IUUpEaUNFUHV3NDVxVTNYV0hVV3Mzb0R3T2xUUl8xdGc?oc=5,order,5 Renewable Energy Stocks With Strong Order Books to Keep on Your Radar Trade Brains
2026-08-28 16:11,"AP Govt and Suzlon break ground for 1,325 MW wind projects in Ananthapuram - metroindia.net",https://news.google.com/rss/articles/CBMiugFBVV95cUxPZnFXbzV1SkpFRGJFeXlkWE1SeEpvSFJ2by1xamt6VnAwa0NYSHQ3SjZQeVJGLUxyd3AxcDVOcm43cFZxUmhrQ21UT1BZTldHNjB5UEdPUGFYYVcyNDFfaTg3X0JiYWVtQXFtMmdNV2ZNNnJNS2MxV1lhVUR6dkkxakVpVDE3eVBUV2YydzJKUVZmckQzNEQ3Q1dvU2RqRllIQUNlOUNSa2xKVVlxazlxNWxlTXE1eVU4Q1E?oc=5,MW,"AP Govt and Suzlon break ground for 1,325 MW wind projects in Ananthapuram metroindia.net"
2026-08-28 07:01,Ørsted suspends bidding for 1.4GW Incheon Offshore Wind Project - Ocean Energy Resources,https://news.google.com/rss/articles/CBMirgFBVV95cUxNZ2dBMUQ5VnlIQlE4R0VMRzh3ZFNmdXY3Nm5zQjRrVG1mRjl6azhHZ0liNUpXdnlMRWxMOEpodmFrUjlaT3NlWTZrXzRyOHdodU42TVFVdmdBMFBXTmRWVndjYW0ySFJIOUloaVBMcGwyVEhaNHg0M2RyTzRqV1IzMTFVcW55Y2xuVHNINF9YeGRQRXZieU9fci0wUUVLYnBIWFBtWVF0YmdPNHVEdHc?oc=5,offshore,Ørsted suspends bidding for 1.4GW Incheon Offshore Wind Project Ocean Energy Resources
2026-08-28 09:39,Resilient Orsted stock holds steady as Korean offshore wind bid is suspended - Ad-hoc-news.de,https://news.google.com/rss/articles/CBMiyAFBVV95cUxQOVJWWkhUck9ETVhtV204TmNlbnNBVVJEbnFONllmTlBVRzFKZHFwZ3VsRWJYY3lnOEVnMlhxaEdHYmF5dmo3N3pSMjEzaGI1Q1dNVkhTdElRZTNIbVRIRGRtblc5VUYwcUY5TzB5dVZaSXJNdENpNVNMSmMzUFBBMmxEU3hyQlNWY2dwV2lZVU9lRWhLRDN1TE9sSy1MMlk2MHVYdEFLS0hjNnpUS2QxbFpIdlg5YldiNUNfWFluQTdZSS1vY3VDSQ?oc=5,offshore,Resilient Orsted stock holds steady as Korean offshore wind bid is suspended Ad-hoc-news.de
2026-08-28 09:24,"BOE of today, Friday, August 28: rejected a wind farm of 125 MW and new scholarships in the United States - Demócrata",https://news.google.com/rss/articles/CBMizgFBVV95cUxNaGNsUkNhbGJsSDJzM0M2c2hWaEk2V2RvdDhYejZaVlJwLVcwTEVoZ3pNVHBWUmt3LVltVlpKa1RoRW1GSHI4QVI2UVhKUUk4bEZ1QXZORmRTSXFwTmhubWJWUU1WM09qWTRLQ2lXSnpEOUg1STFhZ3BmQm10ZVBWdURJOTFwbUtETkhBU3NPSWc4aXFGeXFLMzdOUXAtY0k0a3lYN1l4UXBld212aWRBblZwT1dYVGV2WGluT0tIYmE1U2tFQms5YlVPLWk3Z9IB0wFBVV95cUxQTWt1cFYzYWl5TjhQOFFVcWtpR0hvaV9lZWtKNzhXUlNfWkV3TTJzVzBNa1VULWFBMjgwS1RjTDZoUVJnUUxXeWRwVFFRUWsyTEVyNDUyZFYyZ1NVeVByRkI2ekNDUHhNbnViSEtxTFprbXprdGVQV1ZDMEpaV2U3bVRoYlhwWlhhM2JfZkU0Y1RXMTc5RlU5Qm9rSE5GTl9DNDlUN2RfcldIQkdSY0dSLXR1Mm5mbWowQjZ2dk1kYVRDN0RSclFCT1pOdEt6cFR6ZHU0?oc=5,MW,"BOE of today, Friday, August 28: rejected a wind farm of 125 MW and new scholarships in the United States Demócrata"
2026-08-28 21:40,Floating wind turbines anchored to nothing but ocean are quietly reshaping where humanity can harvest power from the sky - Energies Media,https://news.google.com/rss/articles/CBMic0FVX3lxTE11ZktSSXNUZVVUX3Vfd01qVzJoN21GQk5XYmhGcEVQMkEydmFfU1c5Y1BDeFRxMTllRkZiNzFzRWF4cE50c05WR25tRzRTNlB5ckF4bUVOc1hfaDE3bUtGcUlBcmZNOEhsb0VOd1NhVUZXOG8?oc=5,floating,Floating wind turbines anchored to nothing but ocean are quietly reshaping where humanity can harvest power from the sky Energies Media
2026-08-28 10:08,Floating fightback: TotalEnergies-led UK pilot marks offshore wind milestone - Upstream Online,https://news.google.com/rss/articles/CBMi0gFBVV95cUxQTXNVUTVfdDVsYUxzV1dqSGNiNV9kS3IyajJrSWFTaDFNLTdMTnFLb01raG9PSzcwOS1pdUpwMjZnQmo4SG95bFIza3ZNVDBFNEhnX1VoeTZlNVoxc0FMbWtJWXJJRkM4SDZ0X0hyMzN6VzhVWTYwaE4wN0NfRFhkVVA0MFBiXzlJbVQxSjlOOTkyblZyZkR5eklNaTNwaDdkUDlIQ3RsWjg2c1BmSDRQOFdlX3pHNW1pVlRtRjlqd2YxdzVWRXdoTHVSTHdnbmo2SlE?oc=5,"offshore, floating",Floating fightback: TotalEnergies-led UK pilot marks offshore wind milestone Upstream Online
2026-08-29 04:52,"Renewables news: TotalEnergies, Wind Turbine Distance in Netherlands - GreentechLead",https://news.google.com/rss/articles/CBMirwFBVV95cUxPd0N3SkxVa04wRlVzVE1UOS1mdnFFSkZZcGVKX1F2YTdMWmRRQWpnbUh3UXZiU3NTZVdIbGpsUDdEMThqNDRIMkpRektxSVVUSVB1QkFqaHlxM0pwYm8zajV4VU81WDdiNVdYRjFFMnlINzRycGFRLVVfV3VDMWluMC1fUE13UnJUS0Jabm5uVFcxOFU1Zlhpd0FmTnc1X2h2SDUwUENOcElQb0ZQRWlZ?oc=5,turbine,"Renewables news: TotalEnergies, Wind Turbine Distance in Netherlands GreentechLead"
2026-08-28 23:14,California sues Trump administration to bring back an offshore wind project - San Diego Union-Tribune,https://news.google.com/rss/articles/CBMiwgFBVV95cUxNdjNWQzA4VUl2Z2R3UHJ3dmt3TGVZUjhzNFQtdzFYT2daNEtCS0RwT3RjaWFHcmFiVksyQk1FQ2V5YUdJaW5hdHRLT1dfT2U5V2F2OHBtRERwTmpHczJpWFJzWlhfZ1NMUzZvRnBYTTI2UWpaY09qenhaSFdZWXRfS3pqYTNvOXBfZy14eXQzRlBRc2xnQlFONEZ4N1g1N0VQNUcxOWtZNEF1MTQzYVhLTlVLVDYyLVc4MjZVbU4weXZuQQ?oc=5,offshore,California sues Trump administration to bring back an offshore wind project San Diego Union-Tribune
